category,title,year,citation_raw,see_also,issue_type
,Samlede og blandede Skrifter.,,,,possible_fragment
,Aus Herz und Welt,1860,"II, 332—33, 367. v, 254.",,
,Reiseskizzer og Pennetegninger,1868,"IV, 38. V, 226, 231, 244, 280, 350, 353, 354, 355, 359, 362, 364, 380, 417.",,
,Samlede Skrifter,1854,"II, 230—31. V, 20g, 210, 328.",,omnibus_collection
,Sämtliche Werke,1847,"11,67, II2> 122. V, 152.",,omnibus_collection
Eventyr,Works,1870,"IV, 115, 130. V, 391,405, 416.",,omnibus_collection
Eventyr,Illustrationer til Eventyrene: Lor. Frølich,,"II, 81—82. III, 279, 285. IV, 164, 315, 320—321. V, 143—144, 347—48) 420,477, 485. — Clara Heinke III, 37—38. V, 279. — Wilh. v. Kaulbachs »Engelen« II, 333. III, 287—288, 292, 300. IV, 106, 109. V, 243, 483. — Vilh. Pedersen II, 131. IV, 274. V, 140, 144, 162, 444. —",,
Eventyr,Otto Speckter,,"II, 35—36, 37, 48. IV, 57. V, 130, 387. — Yan’Dargent IV, 328. V, 462, 483. — Unævnte Kunstnere II, 37, 353, 366.",,
Eventyr,Eventyr-Samlinger (kronologisk).,,,,possible_fragment
Eventyr,Eventyr fortalte for Børn. 2. Opl.,1845,"II, 38. V, 131.",,
Eventyr,"Nye Eventyr I,i",1843,"I, 344—345* V, 108.",,
Eventyr,Eventyr med Illustrationer af V. Pedersen,1849,"II, 163, 184, 191. V, 132. — 2. Opl. (1854) II, 230—31, 235. V, 2og, 210. — 4. Opl. (1873) IV, 228, 274. V, 444, 460, 461, 463.",,
Eventyr,Historier,1852,"II, 350. V, 208, 232.",,
Eventyr,"Historier, illustrerede af V. Pedersen",1855,,,
Eventyr,"Nye Eventyr og Historier 1,1",1858,"II, 300. V, 228, 229, 230.",,serial_installment
Eventyr,"Nye Eventyr og Historier 1,4",1860,"II, 329. V, 241—42.",,serial_installment
Eventyr,"Nye Eventyr og Historier II,1",1861,"III, 37. V, 261, 265—66, 269.",,serial_installment
Eventyr,"Nye Eventyr og Historier 11,3",1865,"III, 210, 213, 214, 215, 229—30. V, 259, 280, 324, 325, 331.",,serial_installment
Eventyr,"Nye Eventyr og Historier 11,4",1866,"III, 361. V, 290, 355, 365, 366, 385.",,serial_installment
Eventyr,"Femten Eventyr og Historier, med Illustra­ tioner af Lorenz Frølich",1867,"IV, 38. V, 3#1-",,
Eventyr,Tre nye Eventyr og Historier,1870,"IV, 82, 86—87, 92, 96, 107—08, 111—12, 114, 115, 118, 119, 120, 130, 131—32, 136. V, 394, 396, 408, 409.",,
Eventyr,"Nye Eventyr og Historier, med Illustrationer af Lorenz Frølich I",1870,"IV, 164. V, 420. — III (1874) IV, 315, 320—21. V, 477? 479-",,
Eventyr,"Nye Eventyr og Historier III, 1",1872,"IV, 197. V, 400, 405, 432, 434.",,serial_installment
Eventyr,Bemærkninger til Eventyr og Historier,,"IV, 320. V, 286, 443, 479.",,
Eventyr,Enkelte Eventyr (alfabetisk).,,,,possible_fragment
Eventyr,Barnet i Graven,,"IV, 50. V, 242.",,
Eventyr,Bispen paa Børglum og hans Frænde,,"II, 392, 397. III, 1. IV, 82. V, 239, 265, 266,331.",,
Eventyr,Boghveden,,"II, 35.",,
Eventyr,Børnesnak,,"II, 343. IV, 50. V, 241, 246, 302.",,
Eventyr,De røde Sko,,"II, 36, 48.",,
Eventyr,De smaa Grønne,,"IV, 35, 38. V, 379.",,
Eventyr,De Vises Steen,,"III, 1. V, 243, 266.",,
Eventyr,Den grimme Ælling,,"I, 344—45, II, 4, 35, 36, 56, 141, 275. III, 88. IV, 50, 251. V, 108, 133, 241, 301, 451. VI, 31.",,
Eventyr,Den lille Havfrue,,"II, 297. IV, 262. V, 68, 143, 456.",,
Eventyr,Den lille Pige med Svovlstikkerne,,"IV, 251. V, 191.",,
Eventyr,Den standhaftige Tinsoldat,,"IV, 279. V, 132, 301, 464.",,
Eventyr,Den store Søslange,,"IV, 193. V, 432, 434, 446.",,
Eventyr,Det er ganske vist!,,"III, 8. V, 270, 295, 302, 374? 384, 394-",,
Eventyr,Det gamle Egetræs sidste Drøm,,"II, 293. V, 228—29, 230.",,
Eventyr,Det ny Aarhundredes Musa,,"III, 7, 37. V, 266, 269.",,
Eventyr,Det Utroligste,,"IV, 197. V, 434.",,
Eventyr,Diamanten i Frøens Hovede,,,Skrubtudsen,
Eventyr,Dryaden,,"IV, 82, 107, 112, 115, 119. V. 370, 372, 396> 400.",,
Eventyr,Dyndkongens Datter,,"II, 340, 360. V, 230, 243, 249, 251.",,
Eventyr,Elverhøi,,"IV, 181. V, 426.",,
Eventyr,En Historie fra Klitterne,,"II, 323, 328, 330, 339? 340? 353» 357- V, 240, 242, 249, 250, 251«",,
Eventyr,Engelen,,"III, 255, 292, 300. V, 108, 243.",,
Eventyr,Fem fra en Ærtebælg,,"III, 260. IV, 343.",,
Eventyr,Flaskehalsen,,"II, 292. V, 228, 230, 394.",,
Eventyr,Gaardhanen og Veirhanen,,"II, 323. V, 240.",,
Eventyr,Gartneren og Herskabet,,"IV, 197. V, 434.",,
Eventyr,Gjemt er ikke glemt,,"IV, 52, 155. V, 383,387.",,
Eventyr,Grantræet,,"II, 36, 48, 81. IV, 153. V, 132, 133, 416. VI, 31—32.",,
Eventyr,Guldskat,,"III, 193, 198. IV, 273. V, 323—26, 33°^ 33L 461-",,
Eventyr,Historien om en Moder,,"III, 98, 260. IV, 343. V, 296, 343, 394, 468.",,
Eventyr,Hjertesorg,,"IV, 50. V, 208, 337.",,
Eventyr,Holger Danske,,"II, 316.",,
Eventyr,"Hvad Fatter gjør, det er altid det Rigtige",,"IV, 50. V, 266.",,
Eventyr,Hvad man kan hitte paa,,"IV, 82, 92, 107, 111 — 12, 131—32. V, 393—96.",,
Eventyr,Hvad Tidselen oplevede,,"IV, 78, 82, 92, 107, in—12, 131—32. V>394-",,
Eventyr,Hyrdinden og Skorstensfeieren,,"II, 36, 48.",,
Eventyr,Hønse-Grethes Familie,,"IV, 78, 82, 92, 107, in, 131—32. V, 394—95. I Børnestuen III, 193. V, 323, 331. lisjomfruen III, 38, 50, 61. V, 280, 460.",,
Eventyr,Keiserens nye Klæder,,"I, 266 (Tekst). II, 4. V, 68, 394.",,
Eventyr,Kjærestefolkene,,"II, 141. III, 260. IV, 343. V, 108, 132, 133, 167, 295.",,
Eventyr,Klokkedybet,,"IV, 155. V, 230, 4/7. VI, 40.",,
Eventyr,Kløverblomsten (Eventyr-Udkast),,"III, 320, v, 355-",,
Eventyr,Kometen,,"IV, 96. V, 400, 434.",,
Eventyr,"Lygtemændene ere i Byen, sagde Mosekonen",,,,possible_fragment
Eventyr,Lykken kan ligge i en Pind,,"IV, 111—12, 115, 119? 139- V, 403, 412, 434.",,
Eventyr,Lykkens Kalosker,,"III, 286. V, 32, 47, 48, 74, 349-",,
Eventyr,Lysene,,"IV, 197. V, 434.",,
Eventyr,Moster,,"III, 356. V, 363.",,
Eventyr,Nattergalen,,"I, 344. II, 4, 14, 232. V, 108, 132, 210.",,
Eventyr,Noget,,"II, 293. V, 228—29, 230, 384.",,
Eventyr,Ole Lukøie,,"II, 37. IV, 126—27. V, 61, 130, 407, 408.",,
Eventyr,"Peiter, Peter og Peer",,"IV, 31. V, 378—79.",,
Eventyr,Portnerens Søn,,"III, 320, 346, 350. V, 314, 355,362,365-",,
Eventyr,Portnøglen,,"IV, 224. V, 443.",,
Eventyr,Psychen,,"III, 38. V, 279, 460.",,
Eventyr,Skarnbassen,,"III, 1. V, 263.",,
Eventyr,Skrubtudsen,,"III, 320, 356. V, 333, 363.",,
Eventyr,Skyggen,,"II, 141. IV, 92. V, 149,16G—67,398.",,
Eventyr,Sneedronningen,,"II, 36, 37, 48, 229. IV, 262. V, 131, 132, 133, 209, 378, 457.",,
Eventyr,Sneemanden,,"III, 1. V, 263, 384.",,
Eventyr,Sneglen og Rosenhækken,,"III, 38. IV, 50. V, 279, 301, 460.",,
Eventyr,Sommerfuglen,,"III, 255. V, 239, 301, 374, 384, 461, 487.",,
Eventyr,Sommergjækken,,"III, 80. V, 289—90, 387.",,
Eventyr,Springfyrene,,"II, 36, 48.",,
Eventyr,Stoppenaalen,,"II, 49. V, 134.",,
Eventyr,Stormen flytter Skilt,,"III, 215. V, 330, 331.",,
Eventyr,Suppe paa en Pølsepind,,"II, 292. V, 228, 230, 301.",,
Eventyr,Svinedrengen,,"I, 309. II, 4, 35. III, 267. V, 89—9°, !32, 133, 295.",,
Eventyr,Sølvskillingen,,"III, 38. V, 279—80, 331, 461.",,
Eventyr,Tante Tandpine,,"IV, 155, 157, 176, 223. V, 4'6—17, 424, 44 b 442, 443-",,
Eventyr,Tolv med Posten,,"II, 396. III, 1. V, 261.",,
Eventyr,Toppen og Boldten,,,Kjærestefolkene,
Eventyr,Veirmøllen,,"III, 215. V, 325, 331, 493.",,
Eventyr,Verdens deiligste Rose,,"III, 255. V, 359.",,
Eventyr,Vinden fortæller om Valdemar Daa og hans,,,,possible_fragment
Eventyr,Døttre,,"II, 328, 343. III, 1, 69. IV, 82. V, 241, 302.",,
Samlinger,Vænø og Glænø,,"IV, 155. V, 417.",,
Samlinger,Aarets tolv Maaneder,1833,"I, 101, 104—05, 106, 112, 113, 115, 128, 144, 178. V, 24, 25, 28, 3°, 45, 51-",,
Samlinger,Digte,1830,"I, 19, 27, 32, 33, 55. III, 144. V, 3, 5, 6, 11,308.",,
Samlinger,Kjendte og glemte Digte,1867,"IV, 38, 39. V, 285, 312, 313, 315, 340, 355, 358, 377, 380—81.",,
Samlinger,Phantasier og Skizzer,1831,"I, 29, 30, 32, 35, 39, 41, 42; 54, 57—58, 61, 209, 232, 284. V, 10, II, 12, 13, 14, 15, 17, 36.",,
Skizzer,"Poetisk Jydepotte for 1831, se Phantasier og",,,,possible_fragment
Skizzer,Samlede Digte,1833,"I, 125, 138, 144, 146, 165—66, 167—68, 177, 184. V, 29, 31,34, 35, 36, 41, 45, 51.",,
Skizzer,Vignetter til danske Digtere,1832,"III, 328. ^35*-",,
Skizzer,Enkelte Digte.,,,,possible_fragment
Skizzer,Afskedssang for de Danske i Paris 7. August 1833,,"I, 163, 166. V, 40, 492.",,
Skizzer,Aftenlandskab,,"I, 168.",,
Skizzer,Avis aux lectrices,,"I, 34. V, 12.",,
Skizzer,Berlin,,"I, 81—82 (Tekst). V, 20—21.",,
Skizzer,Bøgetræet,,"I, 44 (Tekst). V, 13.",,
Skizzer,Cantate til Komtesse Maria Moltkes Confir- mation,,"II, 2. V, 113—16.",,
Skizzer,Christian Wulff,,"II, 283—84. V, 223.",,
Skizzer,Cotillon-Vers til Ballet paa Bregentved 23.,,,,possible_fragment
Skizzer,Juli 1874,,"IV, 308. V, 472.",,
Skizzer,Danmark,,"III, 152, 161. V, 312.",,
Skizzer,"Danmark, mit Fædreland —",,"IV, 46. V, 383.",,
Skizzer,Danske Poeter i Bouquet,,"III, 320—21 (Tekst), 322, 328, 337. V, 355—56) 358, 369.",,
Skizzer,Den blinde Moder,,"I, 86—87 (Tekst), 92. V, 21.",,
Skizzer,Den danske Bonde — (Af Cantaten til Stu­ denterforeningens Sørgefest for Frederik,,,,
Skizzer,VI),,"I, 290, 291. V, 81.",,
Skizzer,Den femte Maj (efter Beranger),,"I, 168. V, 41.",,
Skizzer,Den jydske Hede i Regnveir,,"I, 34, 44—45 (Tekst), 46, 49, 53. V, 7, 12, 13, 14.",,
Skizzer,Den lille Pige i Asylet,,"IV, 118. V, 406.",,
Skizzer,Den medicæiske Venus,,"I, 193. V, 48.",,
Skizzer,Der var paa Himlen ikke en eneste Sky —,,"IV, 21 (Tekst). V, 376 (Tekst).",,
Skizzer,"Deres Kongelige Høiheder Kronprinds Fre­ derik og Prindsesse Lovisa, Formælings­ dagen den 28de Juli 1869",,"IV, 78. V, 394.",,
Skizzer,Det døende Barn,,"I, 21, 22, 32, 56, 78, 83, 168, 173, 214, 315, 319. V, 8, 10, 11, 93.",,
Skizzer,"Du stolte Fjeld, hvor barsk Du truer der —",,"I, 93—94 (Tekst). V, 22.",,
Skizzer,Dykkerklokken,,"I, 32. V, 11.",,
Skizzer,Døds-Øieblikket,,"I, 10—11 (Tekst). V, 3.",,
Skizzer,En Forgrund med en Smule Grønt —,,"I, 89 (Tekst). V, 21.",,
Skizzer,Epilog ved Cettis Afskedsforestilling,,"III, 41. V, 281.",,
Skizzer,Et Par Ord ved Scenens Gjenaabning den 1.,,,,possible_fragment
Skizzer,December 1857,,"II, 292. V, 228.",,
Skizzer,Formens evige Magie,,"I, 143, 168. V, 36.",,
Skizzer,Fortrøstning,,"III, 327. IV, 110. V, 337—38.",,
Skizzer,Forvisning,,,Danmark,
Skizzer,Fragment af et Riimbrev,,"I, 29, 31, 36. V, 10.",,
Skizzer,Gaade: De tvende første er et Hundenavn — I 38 (Tekst).,,,,possible_fragment
Skizzer,"Gaade: Staaer jeg smukt paa mine Been — 1,39 (Tekst).",,,,possible_fragment
Skizzer,Graat-Veir,,"I, 33. V, n.",,
Skizzer,Gurre,,"II, 26. V, 127.",,
Skizzer,Havblik,,"I, 56—37 (Tekst), 58, 61. V, 13.",,
Skizzer,Havfruen ved Samsøe,,"I, 29, 31, 34, 36. V, 10, 12.",,
Skizzer,Henrik Hertz,,"IV, 144, 145. V, 413 (Tekst).",,
Skizzer,Hjertetyven,,"I, 53, 109. V, 14.",,
Skizzer,Holger Danske,,"I, 33. V, 11.",,
Skizzer,Hvad jeg elsker,,"I, 95. V, 22.",,
Skizzer,Høit paa Bjerget hvor Skyerne gaae —,,"I, 87— 88 (Tekst), 92. V, 21.",,
Skizzer,"Impromptu: Han, som i Stormen er saa fast en Borg —",,"II, 14 (Tekst). V, 123.",,
Skizzer,Impromptu til Thorvaldsen da han paa Nysø havde fuldendt i Leer Holbergs Buste,,"I, 280 (Tekst). N, 73, 76.",,
Skizzer,Indskrift over Indgangen til den danske Ud­ stillingsbygning i Paris,,"IV, 12 (Tekst), 15.",,
Skizzer,Intermezzo paa Bloxbjerg,,"I, 97—98 (Tekst). V, 23.",,
Skizzer,Jeg er en Skandinav,,"I, 277—79 (Tekst). II, 22, 172, 365. IV, 223. V, 74—75^",,
Skizzer,Jeg har en Angst som aldrig før —,,"III, 133— 36 (Tekst), 157, 161. V, 313.",,
Skizzer,Jonas Collin,,"III, 60. V, 284—83.",,
Skizzer,Kantate ved Herr Moritz Melchiors og Fru,,,,possible_fragment
Skizzer,Dorothea Melchiors Sølvbryllup,,"IV, 178. v, 425.",,
Skizzer,Kjærlighed,,"I, 63—66 (Tekst). V, 17.",,
Skizzer,Klintekorset paa Møen,,"I, 33. V, 11.",,
Skizzer,Kulbrænderen,,"I, 90—91 (Tekst), 92. V, 22.",,
Skizzer,Liden Kirsten og Prinds Buris,,"IV, 78. V, 394, 4<>5-",,
Skizzer,Lille Viggo —,,"I, 137, 168, 227, 242. II, 116, 118. V, 33, 41, 67, 154, 492 (Melodi).",,
Skizzer,Man har et Sagn — et Eventyr,,"I, 142. V, 36.",,
Skizzer,Martsviolerne,,"I, 33. V, 11, 66.",,
Skizzer,Med Skaaler er Bordet dænget —,,"IV, 24 (Tekst).",,
Skizzer,Miraklet,,"IV, 324. V, 482.",,
Skizzer,Moderen med Barnet,,"I, 168.",,
Skizzer,Mørket (efter Byron),,"I, 168. V, 41.",,
Skizzer,"Naar om Gud vil, snart jeg vanker — (I Fru",,,,possible_fragment
Skizzer,O’Neills Album),,"III, 332 (Tekst). V, 359.",,
Skizzer,Naturens Bog,,"I, 39. V, 12.",,
Skizzer,"Nu sidder Du hjemme, veemodig glad —",,"I, 308. V, 89.",,
Skizzer,Paa Sølvbryllupsdagen (Den 26de Mai 1867),,"IV, 23. V, 376—77.",,
Skizzer,Phantasie ved Vesterhavet,,"I, 32, 42—43 (Tekst). V, ii.",,
Skizzer,Phantasiestykke i min egen Maner,,"I, 12—13 (Tekst). V, 6.",,
Skizzer,Prolog til en Dilettantforestilling,,"I, 14. V, 6.",,
Skizzer,"Prolog ved en Forestilling af Familien Price, fremsagt af Carl Price",,"II, 203—04. V, 198 —99-",,
Skizzer,Psalme: Som Bladet der fra Træet falder —,,"II, 242 (Tekst), 245. V, 212.",,
Skizzer,Recension,,"I, 33. V, 11.",,
Skizzer,Regnveir,,"I, 11 (Tekst). V, 5—6.",,
Skizzer,Rosenknoppen,,"I, 252, 257, 259, 260 (Tekst). V, 66, 67.",,
Skizzer,Sang for de Danske i Paris Maj 1833,,"I, 163, 166. V, 40.",,
Skizzer,Sang til Jonas Collins Fødselsdag 1859,,"II, 307, 308. V, 232.",,
Skizzer,Sang til Jonas Collins Fødselsdag i860,,"II, 329. V, 241.",,
Skizzer,Sang til Jonas Collins Fødselsdag 1861,,"II, 396. Ill, i. V, 260.",,
Skizzer,Sang til Landsoldaten ved Festen paa Glorup den 7de Juli 1851,,"II, 205, 211, 215. V, 199, 203.",,
Skizzer,Sang til Skovballet i Odense 1832,,"I, 106. V, 26, 492.",,
Skizzer,Sang ved Afsløringen af Mindestøtten for Fre­ derik VI i Skanderborg,,"II, 20, 25. V, 124.",,
Skizzer,Sang ved Maria Moltkes Fødselsdag 23. Juli 1842,,"I, 323. V, 97 (Tekst).",,
Skizzer,Sjælen,,"I, 2—3 (Tekst). V, 3.",,
Skizzer,Sneedronningen,,"I, 168.",,
Skizzer,Soldaten,,"I, 27, 33, 167. V, 9, 41, 66.",,
Skizzer,Stanze skrevet paa Slottet Chillon,,"I, 173, 181 —82 (Tekst). V, 46.",,
Skizzer,Studenten,,"I, 8—9 (Tekst). V, 5.",,
Skizzer,Taaren,,"I, 66 (Tekst). V, 17.",,
Skizzer,Tanker i tunge Dage,,"III, 150 ( Tekst). IV, 167, 346. V, 311, 420.",,
Skizzer,Til J. P. E. Hartmann den 22de Mai 1874,,"IV, 281. V, 466.",,
Skizzer,Til Kronprinds Frederik og Kronprindsesse,,,,possible_fragment
Skizzer,"Lo visa (Med et Tæppe, unge Damer havde broderet til dem som Gave ved deres For­ mæling)",,"IV, 79, 80. V, 395.",,
Skizzer,Tre Dage af en Tyveknægts Liv,,"I, 88—89 (Tekst), 92. V, 21.",,
Skizzer,Trøst i Tro,,"III, 161. V, 313.",,
Skizzer,Ved Sestuspyramiden Hedninggraven —,,"I, 308. V, 89 (Tekst).",,
Skizzer,Vise til Emil Hornemanns og Christy Hohlen- bergs Bryllup,,"II, 225, 227. V, 207.",,
Skizzer,Zigeunersang af Goethe (Oversættelse),,"III, 266.",,
Skizzer,Skuespil og Operatekster.,,,,possible_fragment
Skizzer,Agnete og Havmanden,1834,"I, IO5—°$, 130—32, 137, 138, 143—44, i48, *56, 160—70, 174—75, *77“79, 181—85, 188, 189—91, 194, 196, 198, 199, 201, 202—04, 206—07, 209, 215, 221, 253, 308. II, 50, 67, 112, 163, 284. V, 26, 40, 41, 42, 46—47, 49, 31, 66, 152, 168, 179, 213. VI, 16, 24. — Teaterbearbejdelsen 1843: I, 328, 330, 335, 340, 342—43, 347- V, 100, 105, 106.",,
Skizzer,"AhasverusII, 10, 111, 116, 125, 126, 130, 132, 133, 135, 1442, 142—43, T46, H8, 149 —5°",,,,
Skizzer,"J52, 154, J55, 158, 160—63.",,"V, 89, 120, 132, 138—61 (Tekst), 163—64, 172, 176—78 (Tekst). VI, 16.",,
Skizzer,Bruden fra Lammermoor,,"I, 73, 90, 93, 95, 105, m, 167. II, 64. V, 19, 22, 28, 46, 173.",,
Skizzer,Brylluppet ved Comosøen,,,Renzos Bryllup,
Skizzer,Da Spanierne var her,,"III, 152—53, 155, 182, 188, 195, 229, 232—33, 238, 243, 256, 271, 273—74, 275, 277, 283, 285, 286, 295. IV, 289, 344. V, 312—13,321—22,324—25,326, 328, 335, 336—37, 346, 35°- VI, 27.",,
Skizzer,Den anden April,,"I, 105, 111. V, 25.",,
Skizzer,Den nye Barselstue,,"II, 34, 48, 58, 59, 73, 75— 76, 92, 104—07, 112, 114, 117, 120, 121 — 22, 134? 2Oi, 283. IV, 50- V, 127, I29—3° 9 136, 150, 163, 198.",,
Skizzer,Den Usynlige paa Sprogø,,"I, 273. V, 75.",,
Skizzer,Det oldenborgske Horn (Operaplan),,"I, 344. V, 107—08.",,
Skizzer,"Dinorah (Le pardon de Ploérmel, Oversæt­ telse)",,"II, 397. III, 1. V, 261, 265.",,
Skizzer,En Comedie i det Grønne,,"I, 297, 298, 299, 327? 33°, 335? 336, 346—47- V, 83, 100,101, 103, 109, 189.",,
Skizzer,En Nat i Roeskilde,,"II, 185. V, 189.",,
Skizzer,En urolig Aften,,"I, 243. V, 64.",,
Skizzer,En Ødeland (Der Verschwender),,"I, 271, 347. V, 71.",,
Skizzer,Festen paa Kenilworth,,"I, 105, 110. II, 332, 334. V, 25, 67, 243, 482.",,
Skizzer,Fornuftgiftermaalet Nr. 2,,"I, 32. V, 11.",,
Skizzer,Fuglen i Pæretræet,,"I, 320—21. II, 283. V, 95—9^ {Tekst), 223.",,
Skizzer,Han er ikke født,,"III, 152. IV, 289. V, 312.",,
Skizzer,Hr. Rasmussen,,"II, 27, 28, 30, 34, 43—44, 48—49, 50, 58, 70, 72, 77—78, 79, 88—89, 9°, 9’> 92- IV, 75. V, 125, 127, 128, 133, 145—46, 393-",,
Skizzer,Hyldemoer,,"II, 222, 224. III, 286. V, 203.",,
Skizzer,Kjærlighed paa Nicolai-Taarn,,"I, 2, 22, 25, 28, m. III, 188. V, 3, 4, 8, 10, 11, 18.",,
Skizzer,Kongen drømmer,,"I, 347, 348—49, 350—51. II, 58, 107, 277. V, 47, 109, 110, 117, 127, 221.",,
Skizzer,Kunstens Dannevirke,,"II, 185. V, 189.",,
Skizzer,Liden Kirsten,,"II, 20, 30, 34, 39, 41, 44, 56, 58, 64, 70, 73, 74—75, 78, 83, 89, 91, 104, 262, 277, 332. IV, 170, 172. V, 124, 141, 142, 217, 221.",,
Skizzer,Lykkens Blomst,,"II, 2—3, 11—12, 18, 67, 112, 114. V, 11&—17, 120—22, 150, 152.",,
Skizzer,Maurerpigen,,"I, 283, 284, 286, 287, 290, 291, 293? 294? 296, 297, 298, 300—03, 305, 306, 307, 308, 311. II, 112, 163. III, 280. V, 77, 79, 83, 84—87, 88, 89, 91, 100, 152, 179.",,
Skizzer,Mulatten,,"I, 271, 284, 287, 290, 293, 299, 309, 3J9? 327? 332, 333- II? 39? 58? 64, 67, 112, 277. III, 280. V, 71, 75, 77, 83, 83, 100, 101—02, 131, 152.",,
Skizzer,"Norma, Plan om en ny Tekst til Bellinis Opera",,"I, 216. V, 55.",,
Skizzer,Nøkken,,"II, 30, 39, 44, 50—51, 55, 57, 61, 74, 88. V, 128, 137.",,
Skizzer,Ole Lukøie,,"II, 200, 201. III, 9. IV, 119, 120, 236. V, 197, 198.",,
Dinorah,"Oversættelse af Le pardon de Ploérmel, se",,,,possible_fragment
Dinorah,Paa Langebro,,"III, 152, 251. IV, 101, 289. V, 312, 341, 402.",,
Dinorah,Qyarantainen,,,Skibet,
Dinorah,Ravnen,1830,"I, 17, 18, 19, 21, 24, 28, 29, 33, 40, 46, 49, 53, 57, 58, 61, 62—63, 64, 65, 9°? 93? 95? IO5? iJI? 114? i67? J76—77? 29Q? 302. II, 21, 64, 83, 91, 123, 224, 262. V, 7, 16, 22, 25—26, 44—43 (Tekst), 46, 125, 144. — Omarbejdelsen 1865 III, 134, 137, 143, 182. V, 304, 322.",,
Dinorah,Renzos Bryllup,,"I, 242, 244, 250, 271. V, 63.",,
Dinorah,Saul,,"III, 170, 172. V, 317, 321.",,
Dinorah,Skibet,,"I, 93, 95, 97. V, 19, 22.",,
Dinorah,Skilles og mødes (Spanierne i Odense. — 25,,,,possible_fragment
Dinorah,Aar derefter),,"I, 161—62, 166, 177, 224—25, 237. V, 14,39—40, 57,58, 65—66, 100, 134.",,
Dinorah,Skovkapellet,,"I, 145. V, 37. VI, 16.",,
Dinorah,Tragedie-Plan 1831,,"I, 97. — Tragedie-Plan 1833 (Christian Il-Sujet) I, 190. V, 47.",,
Dinorah,Romaner og Noveller.,,,,possible_fragment
Dinorah,At være eller ikke være,,"II, 265, 267, 268, 282, 286, 287, 288, 289, 294. V, 218, 219, 222— 23, 225—26, 229, 240—41, 251.",,
Dinorah,Billedbog uden Billeder,,"I, 289. II, 16, 67, 129, 274? 35°- HI? 288. V, 64, 81, 157, 158, 340, 349? 493-",,
Dinorah,Christian den Andens Dverg,,"I, 7, 19, 22, 23, 25? 29, 30, 52, 64. V, 5, 8, 17, 491.",,
Dinorah,Danske Folkesagn,,"IV, 153. V, 416.",,
Dinorah,De to Baronesser,,"II, 12, 125, 126, 128, 131, 135, 142, 146, 147, 150, 155, 167, 168, 169, 171, J73—74, *78, 179—80, 181—82, 184, 188. III, 286. IV, 130. V, 4, 63, 122, 157, 158, 169, 172, 181, 182, 186, 187, 188, 340, 471-",,
Dinorah,Den skjønne Grammatica,,"I, 32, 39. V, 11.",,
Dinorah,Drengen fra Oberammergau (Novelleplan),,,,possible_fragment
Dinorah,Fodreise fra Holmens Canal til Østpynten af,,,,possible_fragment
Dinorah,Amager,,"I, 22, 33, 55, 89, 173. V, 4. VI, 22.",,
Dinorah,"Ideer for dem, som selv ingen have",,"I, 39. V, 12.",,
Dinorah,Improvisatoren,,"I, 220—21, 224, 229, 230, 232, 233—35, 247, 248, 252—53, 261, 265, 266—67, 268, 273, 309. II, 13, 16,67, *38, 350. III, 8, 218, 331. IV, 130, 288. V, 40, 50,5h 53, 54,56—57, 58, 59—60, 61, 65, 69, 85, 155, *57, 165, 269—70, 273, 274, 340, 341, 359, 486. VI, 24.",,
Dinorah,Kun en Spillemand,,"I, 249, 261, 267, 268, 270, 279, 289, 293, 309. II, 34, 45, 47, 63, 67, 82, 183, 184, 186. III, 218, 286. IV, 130. V, 34, 38, 48, 65, 67, 69, 75, 81, 82, 85, 129, 132, 133, 147, 153, 157, 163, 189.",,
Dinorah,Lykke-Peer,,"IV, 155, 158, 160, 162—63, 164, 167, 170, 172, 213, 289. V, 48, 417—22, 424, 427,446. o. T. I, 237, 238, 240, 241, 245, 253—54, 268, 285. II, 34, 67, 118, 135, 154, 184, 344. IV, 130. V, 7, 39, 47, 61—62, 63, 65, 69, 78, 85, 129, 157, 163, 247.",,
Dinorah,Plan til en Roman om Spaniernes Ophold i,,,,possible_fragment
Rejseskildringer,Fyn,,"I, 52—53, 58. V, 14.",,
Rejseskildringer,En Digters Bazar,,"I, 326, 330. II, 47, 67, 86, 95, 275. III, 128, 211, 286. IV, 218. V, 55, 78, 79, 80, 81, 82, 87, 89, 91, 92, 93,98—99, *34, J57, 158, 303, 330- VI, 41.",,
Rejseskildringer,Et Besøg hos Charles Dickens,,"II, 332. V, 226, 416.",,
Rejseskildringer,Et Besøg i Portugal,,"III, 346, 348, 352, 356— 57. IV, 33, 38, 130, 289. V, 324, 350, 351, 353, 354, 357, 359, 3^, 364, 379-",,
Rejseskildringer,Festen i Oberammergau,,"II, 336. V, 244. I Spanien III, 127, 129, 132, 134, 137, 143, 286, 352. IV, 130, 289. V, 290, 291, 292, 294, 295—96, 303, 304, 305, 307, 336. I Sverrig II, 190, 194, 202—03, 204, 211, 214, 217. III, 286, 352. V, 191, 192, 194, 198, 199, 201, 202, 301.",,
Rejseskildringer,Ragaz,,"II, 332. V, 231.",,
Rejseskildringer,Silkeborg,,"II, 249, 283, 332. V, 213, 223.",,
Rejseskildringer,Skagen,,"II, 328, 332. V, 241.",,
Rejseskildringer,"Skyggebilleder af en Reise til Harzen, det sachsiske Schweitz etc., i Sommeren 1831 1,84,85—91, 92, 93—94,96, 97—98,179.",,"V, 17, 19, 20, 21, 22, 23, 158.",,
Selvbiografier,Plan om en Reisebeskrivelse 1833,,"I, 203. V, 49~5°-",,
Selvbiografier,Brev til J. M. Thiele med Erindringer fra,,,,possible_fragment
Selvbiografier,Bakkehuset,,"IV, 72. V, 392.",,
Selvbiografier,Das Märchen meines Lebens,,"II, 47, 67—68, 71, 72, 74, 87, 94, 97, 98, 104, 105—06, 107—08, 109—10, 112, 113, 114, 117—24, 128, 134, 136, 146, 147, 154. V, 122, 139, 140, 141, 143, 148, 149, 150, 151—52, 155, 156, 157, 169, 170, 171, 252. VI, 16.",,
Selvbiografier,Levnedsbogen,,"I, 117, 147, Noten, 164, 169, 209. V, 3, 10, 17, 20, 24, 29, 37—38, 40, 42—43,53) 122, 363, 469. VI, 22.",,
Selvbiografier,Mit Livs Eventyr,,"II, 232, 249, 260—61, 270, 286. III, 232, 251, 253, 256, 303. IV, 130. v, 14, 32, 35, 36, 37, 38, 49> 50, 5’> 52, 59, 66, 70, 71, 74, 79, 81, 88, 89, 101, 108, 117, 118, 119, 122, 123, 125, 127, 128, 129, 130, 132, 139? HL J47, H8, J49, J5O> i5I—52, 153, J55, ^57, 163, 165, 166, 168, 169, 171, 173, 174, 175, 183, 188, 189, 190, 193, 194, 197, 199, 202, 203, 204, 205, 207, 210, 214, 215—16, 217, 229, 234, 241, 252, 285, 292, 299, 3oS, 341, 352, 363, 391, 393, 401, 416, 457, 462, 469- VI, 6-",,
Selvbiografier,Mit Livs Eventyr. Fortsættelse 1855—1869,,"IV, 71, 76, 82, 96, 130. V, 221, 223, 224, 225, 226, 228, 232, 235, 236, 238, 239, 245, 249, 252, 255, 269—70, 279, 280, 294, 300, 301, 3i3, 3i5, 325, 330, 33b 333, 334,5?^, 348, 349, 358, 375, 377, 383, 39^~92.",,
Selvbiografier,Selvbiografi i Nur ein Geiger,,"I, 293. V, 82, 122.",,
Selvbiografier,Almanakker og Dagbøger (I Alm.),,"VI, 4, 9, 12—13, 15, 30.",,
Selvbiografier,Almanakker 1838:,,"V, 71, 72, 82, 324. 1840: V, 77—79, 83, 324. 1841: V, 84, 87, 88, 92—95, 98. 1842: V, 96, 99, 103. 1843: V, 100, 107—10. 18441V, 113, 116, 117, 120, 121, 124, 125, 157. 1845: V, 123—28, 130, 150, 152. 1846: V, 146, 154, 157, 158, 163. 1847: V, 164, 189. 1850: V, 197. 1853: V, 209—II, 213. 1856: V, 221. 1857: V, 224, 227, 228. 1858: V, 231, 267. 1859: V, 232 —34, 236, 240, 241. i860: V, 238—39. 261.",,
Selvbiografier,Dagbøger 1831:,,"V, 19, 20, 23. 1833: V, 34, 43, 44, 46—50, 124. 1834: v, 44, 50—52, 54, 55. 1836:V, 65. 1837:V, 69. 1840:V, 78, 80—82, 156, 493. 1841 : V, 87—90, 93. 1842: V, 97, 98. 1843: V, 100—02, 104, 105, 132. 1844: V, 114, 115, 118, 119, 156, 493. 1845: V, 131, 132. 1846: V, 133—35, 137—40, 142—45, 147, 149, 151—53, 155 —56, 294, 393, 476. 1847: V, 163—72, 174, 179. 1848: V, 180—82, 185. 18491V, 190— 94,403. 1850 :V, 195,197. 1851 :V, 198, 202 —04. 1852: V, 206—08,212,453. 1854: V, 214. 1855:V, 215—17, 243. 1856:V, 220, 222—24. 1857: V, 224, 226, 228, 232, 237, 278, 416. 1858: V, 229, 241. 1859: V, 234, 236, 237, 322. i860: V, 242, 243, 246, 249 —52, 254—61,265. VI, 26,31. 1861 : V, 265, 266, 270, 272, 277—81, 283—85, 365, 488. VI, 32. 1862: V, 285, 286, 288—94, 296, 300, 302, 451. 1863: V, 291—92, 297, 299 —307, 309, 310, 312, 354, 404, 494. 1864: V, 279, 310—22, 326, 330, 342, 352, 375. 1865: v, 322,324—26, 328—33, 335—37, 341, 347—48. VI, 26, 27. 1866: III, 346. v, 338—43, 346—48, 351, 352, 354, 357, 359—66, 369, 375, 385,396.VI, 26,29.1867 : V, 369—71, 373, 375, 377—84, 385,417- 1868: V, 379, 384—90, 392, 394, 396, 405, 408,413. VI, 26. 1869: V, 391—98,400—04. 1870: IV, 162. V, 408, 411—22, 423. 1871 : V, 400, 422, 423—32, 436, 448, 487—88, 491. 1872: V, 423, 432—34, 437—39, 441 — 43, 452. 1873: V, 444—47, 450—52, 454~ 62, 464, 472, 478. 1874: V, 456, 4.61, 462— 67, 470, 472—82, 488. VI, 26. 1875: V, 479, 482—85.",,
Selvbiografier,"Afhandlinger, Artikler m. m.",,,,possible_fragment
Selvbiografier,Afhandling om dansk Litteratur til »L’Eu- rope littéraire«,,"I, 141—42. V, 33.",,
Selvbiografier,Bertel Thorvaldsen,,"II, 1—2. V, 113, 113.",,
Selvbiografier,Besvarelse af Universitetets Prisopgave 1830,,"I, 24, 30—31, 54. V, 8, 15.",,
Selvbiografier,Brev til Udgiveren af The Literary Gazette,,"II, 171, 174, 177. V, 182.",,
Selvbiografier,Danske Folkesagn,,"IV, 153. V, 416.",,
Selvbiografier,Fortale til Johannes Jacobs: Konstnerfamilien,,,,possible_fragment
Selvbiografier,Polemik med Baron C. A. v. Nolcken,,"I, 5. V, 3—4-",,
Selvbiografier,Oversættelser af A.s Skrifter (undtagen Eventyrene),,"I, 21, 78, 90, 92, 96, 173, 214, 225, 253, 289— 90, 302, 315. II, 16, 116—17, 129, 136, 138, 146, 151, 154, 181, 211, 215, 217, 253, 283, 289, 350, 359, 371 - HI, 251, 253, 256. IV, 130, 181, 288. V, 8, 10, 41, 58, 66, 81, 85, 93, 123, 129, 157, 158, 165, 169, 172, 179, 187, 198, 202, 217, 349, 391, 392, 405, 427, 446, 493-",,
