collin_place_name,match_tier,match_count,match_reg_ids,match_labels,match_countries
Aabenraa,exact,1,Reg0024170,Aabenraa,Danmark
Aalborg,exact,1,Reg0024210,Aalborg,
Aarhus,exact,1,Reg0024260,Aarhus,
Årsta,exact,1,Reg0024270,Årsta,
Aarøsund,exact,1,Reg0024290,Aarøsund,Danmark
Abbotsford,exact,1,Reg0000000,Abbotsford,
Afrika,exact,1,Reg0000060,Afrika,
Albanerbjergene,exact,1,Reg0000150,Albanerbjergene,
Algier,exact,1,Reg0000250,Algier,
Alperne,exact,1,Reg0000310,Alperne,
Als,exact,1,Reg0000340,Als,
Altenburg,exact,1,Reg0000370,Altenburg,Tjekkiet
Altona,exact,1,Reg0000380,Altona,Tyskland
Altorf,exact,1,Reg0000390,Altorf,
Alvestad,none,0,,,
Amalfi,exact,1,Reg0000450,Amalfi,Italien
Amerika,none,0,,,
Amiens,exact,1,Reg0000500,Amiens,Frankrig
Amsterdam,exact,1,Reg0000530,Amsterdam,Nederlandene
Ancona,exact,1,Reg0000580,Ancona,Italien
Angel,exact,1,Reg0000650,Angel,
Angouleme,exact,1,Reg0000670,Angoulême,Frankrig
Anhof,exact,1,Reg0000680,Anhof,
Antwerpen,exact,1,Reg0000730,Antwerpen,Belgien
Antvorskov,exact,1,Reg0000720,Antvorskov,
Arizzia,none,0,,,
Arnhem,exact,1,Reg0000870,Arnhem,Nederlandene
Asien,exact,1,Reg0000940,Asien,
Assens,exact,1,Reg0000980,Assens,Danmark
Astrup,none,0,,,
Athen,exact,1,Reg0001010,Athen,Grækenland
Augsburg,exact,1,Reg0001050,Augsburg,Østrig
Augustenburg,none,0,,,
Aussig,exact,1,Reg0001090,Aussig,Tyskland
Australien,exact,1,Reg0001100,Australien,
Aveiro,exact,1,Reg0001110,Aveiro,
Avignon,exact,1,Reg0001140,Avignon,Frankrig
Axenstein,exact,1,Reg0001150,Axenstein,
Badajoz,exact,1,Reg0001210,Badajoz,
Baden,none,0,,,
Baden-Baden,exact,1,Reg0001240,Baden-Baden,Tyskland
Bamberg,exact,1,Reg0001330,Bamberg,Tyskland
Barcelona,exact,1,Reg0001370,Barcelona,Spanien
Basel,none,0,,,
Basnæs,exact,1,Reg0001420,Basnæs,Danmark
Bastei,exact,1,Reg0001440,Bastei,Tjekkiet
Bavelse Sø,exact,1,Reg0001480,Bavelse Sø,
Baveno,exact,1,Reg0001490,Baveno,Schweiz
Bayern,exact,1,Reg0001500,Bayern,
Bayonne,exact,1,Reg0001510,Bayonne,Spanien
Bayreuth,exact,1,Reg0001520,Bayreuth,Tyskland
Beaucaire,exact,1,Reg0001530,Beaucaire,
Belgien,exact,1,Reg0001610,Belgien,
Bellaggio,exact,1,Reg0001630,Bellaggio,
Belvedere,none,0,,,
Berg,exact,1,Reg0001780,Berg,
Berlin,exact,1,Reg0001830,Berlin,Tyskland
Bern,exact,1,Reg0001840,Bern,Schweiz
Bernina,none,0,,,
Bernstorff Slot,exact,1,Reg0001880,Bernstorff Slot,
Berwick-on-Tweed,none,0,,,
Bex,exact,1,Reg0001910,Bex,Schweiz
Beziers,exact,1,Reg0001920,Béziers,
Biarritz,exact,1,Reg0001930,Biarritz,Spanien
Biel,none,0,,,
Bjärka-Säby,exact,1,Reg0002070,Bjärka-Säby,Sverige
Blankenburg,exact,1,Reg0002090,Blankenburg,Tyskland
Blois,exact,1,Reg0002140,Blois,Frankrig
Bodensøen,exact,1,Reg0002200,Bodensøen,
Bogense,exact,1,Reg0002230,Bogense,
Bordeaux,exact,1,Reg0002340,Bordeaux,Frankrig
Borreby,exact,1,Reg0002410,Borreby,
Boulogne,exact,1,Reg0002480,Boulogne,Frankrig
Bovbjerg,exact,1,Reg0002500,Bovbjerg,
Bozen,none,0,,,
Brahetrolleborg,exact,1,Reg0002520,Brahetrolleborg,
Bramstrup,none,0,,,
Braunschweig,exact,1,Reg0002620,Braunschweig,Tyskland
Bregentved,exact,1,Reg0002650,Bregentved,
Bregninge,none,0,,,
Breitenburg,exact,1,Reg0002680,Breitenburg,Tyskland
Bremen,exact,1,Reg0002690,Bremen,Tyskland
"Brenets, Les",exact,1,Reg0002700,"Brenets, Les",
Brenner,exact,1,Reg0002710,Brenner,
Breslau,exact,1,Reg0002730,Breslau,
Brieg,exact,1,Reg0002740,Brieg,Frankrig
Brienz,exact,1,Reg0002760,Brienz,Schweiz
Brixen,exact,1,Reg0002790,Brixen,Østrig
Broager,exact,1,Reg0002810,Broager,
Brocken,none,0,,,
Broholm,exact,1,Reg0002830,Broholm,
Brunnen,exact,1,Reg0002880,Brunnen,Schweiz
Brügge,none,0,,,
Brünn,exact,1,Reg0002910,Brünn,Ungarn
Brüssel,none,0,,,
Brædstrup,exact,1,Reg0002940,Brædstrup,
Burgos,exact,1,Reg0003040,Búrgos,
Büchen,exact,1,Reg0003060,Büchen,
Bückeburg,exact,1,Reg0003070,Bückeburg,
Boget,exact,1,Reg0003110,Bøget,
Borglumkloster,exact,1,Reg0003150,Børglumkloster,
Cadiz,exact,1,Reg0003170,Cadiz,Spanien
Cannes,exact,1,Reg0003360,Cannes,Italien
Cannstatt,exact,1,Reg0003370,Cannstatt,
Carrara,exact,1,Reg0003510,Carrara,
Cartagena,exact,1,Reg0003520,Cartagena,Spanien
Castel Gandolfo,exact,1,Reg0003550,Castel Gandolfo,
Castellamare,none,0,,,
Celle,exact,1,Reg0003650,Celle,Tyskland
Cette,none,0,,,
Chamouny,none,0,,,
Champagnole,exact,1,Reg0003750,Champagnole,
Charlottenlund Slot,exact,1,Reg0003800,Charlottenlund Slot,
Chaux de Fonds,exact,1,Reg0003820,Chaux de Fonds,
Chênes,none,0,,,
Chiavenna,exact,1,Reg0003870,Chiavenna,Schweiz
Chillon,none,0,,,
Christiania,exact,1,Reg0003900,Christiania,
Christiansdal,exact,1,Reg0003920,Christiansdal,
Christiansfeld,exact,1,Reg0003930,Christiansfeld,
Christianssund,none,0,,,
Christinelund,exact,1,Reg0003980,Christinelund,
Chur,exact,1,Reg0004000,Chur,Schweiz
Cilli,exact,1,Reg0004040,Cilli,
Cintra,exact,1,Reg0004050,Cintra,Portugal
Civita vecchia,exact,1,Reg0004090,Civitavecchia,
Coimbra,exact,1,Reg0004200,Coimbra,
Colico,exact,1,Reg0004210,Colico,
Collin,none,0,,,
Como-Søen,exact,1,Reg0004230,Como-Søen,
Conradineslyst,exact,1,Reg0004270,Conradineslyst,
Cordoba,exact,1,Reg0004300,Córdoba,
Dalarne,exact,1,Reg0004480,Dalarne,
Danmark,exact,1,Reg0004570,Danmark,
Dannevirke,exact,1,Reg0004610,Dannevirke,
Dardanellerne,exact,1,Reg0004640,Dardanellerne,
Dax,exact,1,Reg0004670,Dax,Spanien
Desenzano,exact,1,Reg0004750,Desenzano,Italien
Dijon,exact,1,Reg0004820,Dijon,Frankrig
Dole,exact,1,Reg0004840,Dôle,
Domo d’Ossola,exact,1,Reg0004870,Domodossola,Schweiz
Donau,exact,1,Reg0004890,Donau,Polen
Doubs,exact,1,Reg0004960,Doubs,
Drammen,exact,1,Reg0005000,Drammen,
Dresden,exact,1,Reg0005040,Dresden,Tjekkiet
Drottningholm,none,0,,,
Dybbøl,exact,1,Reg0005130,Dybbøl,
Düsseldorf,exact,1,Reg0005150,Düsseldorf,Nederlandene
Düsternbrook,none,0,,,
Edinburgh,exact,1,Reg0005230,Edinburgh,Storbritannien
Einsiedeln,exact,1,Reg0005360,Einsiedeln,Schweiz
Eisenach,exact,1,Reg0005380,Eisenach,Tyskland
Eisleben,exact,1,Reg0005390,Eisleben,Tyskland
Elben,exact,1,Reg0005460,Elben,Tyskland
Elvedgaard,exact,1,Reg0005610,Elvedgaard,
Elverhøj,exact,1,Reg0005620,Elverhøj,
Ems,exact,1,Reg0005660,Ems,Tyskland
England,exact,1,Reg0005690,England,
Escorial,none,0,,,
Espe,exact,1,Reg0005850,Espe,
Ettersburg,exact,1,Reg0005960,Ettersburg,
Faaborg,exact,1,Reg0006870,Faaborg,
Falköping,exact,1,Reg0006080,Falköping,Sverige
Femern,exact,1,Reg0006160,Femern,
Flensborg,exact,1,Reg0006290,Flensborg,Danmark
Flenstofte,none,0,,,
Florens,none,0,,,
Fluelen,exact,1,Reg0006340,Flüelen,Schweiz
Frankfurt a,none,0,,,
Frankrig,exact,1,Reg0006470,Frankrig,
Frascati,exact,1,Reg0006480,Frascati,
Fredensborg,exact,1,Reg0006490,Fredensborg,Danmark
Fredericia,exact,1,Reg0006510,Fredericia,Danmark
Frederiksborg,none,0,,,
Frederiksdal,none,0,,,
Frederiksgave,none,0,,,
Frederikshavn,exact,1,Reg0006560,Frederikshavn,
Frederiksstad,exact,1,Reg0006590,Frederiksstad,
Freiburg,none,0,,,
Frijsenborg,exact,1,Reg0006690,Frijsenborg,
Frohnalp,none,0,,,
Frørup,exact,1,Reg0006730,Frørup,
Fuirendal,exact,1,Reg0006750,Fuirendal,
Furca,none,0,,,
Færøerne,exact,1,Reg0006840,Færøerne,
Før,exact,1,Reg0006850,Før,
Garda-Søen,exact,1,Reg0007020,Garda-Søen,
Gavnø,exact,1,Reg0007050,Gavnø,
Genève,none,0,,,
Gent,none,0,,,
Genua,none,0,,,
Gerona,exact,1,Reg0007160,Gerona,
Giessbach,exact,1,Reg0007230,Giessbach,Schweiz
Gisselfeld,exact,1,Reg0007260,Gisselfeld,
Glarus,exact,1,Reg0007280,Glarus,Schweiz
Glasgow,exact,1,Reg0007290,Glasgow,Storbritannien
Glion,exact,1,Reg0007310,Glion,Schweiz
Glommen,exact,1,Reg0007340,Glommen,
Glorup,exact,1,Reg0007350,Glorup,Danmark
Glückstadt,exact,1,Reg0007370,Glückstadt,
Glænø,exact,1,Reg0007380,Glænø,
Goslar,exact,1,Reg0007430,Goslar,Tyskland
Graasten,exact,1,Reg0007670,Graasten,Danmark
Granada,exact,1,Reg0007490,Granada,Spanien
Graubünden,exact,1,Reg0007510,Graubünden,
Graz,exact,1,Reg0007530,Graz,Østrig
Greenwich,exact,1,Reg0007540,Greenwich,
Grefsen,none,0,,,
Greiffenberg,none,0,,,
Greis Mølle,none,0,,,
Grevens Vænge,none,0,,,
Grindelwald,exact,1,Reg0007580,Grindelwald,
Grütli,none,0,,,
Grækenland,exact,1,Reg0007640,Grækenland,
Gudme,none,0,,,
Gundershausen,none,0,,,
Göteborg,exact,1,Reg0007770,Göteborg,Danmark
Haag,exact,1,Reg0009220,Haag,Nederlandene
Haarlem,exact,1,Reg0009240,Haarlem,Nederlandene
Haderslev,exact,1,Reg0007800,Haderslev,Danmark
Halberstadt,exact,1,Reg0007820,Halberstadt,Tyskland
Hald,exact,1,Reg0007830,Hald,
Halle,exact,1,Reg0007860,Halle,Tyskland
Hals,none,0,,,
Hamburg,exact,1,Reg0007940,Hamburg,Tyskland
Hameln,exact,1,Reg0007950,Hameln,
Hamm,exact,1,Reg0007970,Hamm,Tyskland
Hannover,exact,1,Reg0008000,Hannover,Tyskland
Harburg,exact,1,Reg0008020,Harburg,Tyskland
Harzen,exact,1,Reg0008060,Harzen,
Haslev,exact,1,Reg0008080,Haslev,
Hauenstein-Tunnelen,none,0,,,
"Havre, Le",exact,1,Reg0008120,"Havre, Le",
Heidelberg,exact,1,Reg0008170,Heidelberg,Tyskland
Helgenæs,none,0,,,
Helgoland,exact,1,Reg0008210,Helgoland,
Hellebæk,exact,1,Reg0008230,Hellebæk,
Helsingborg,exact,1,Reg0008270,Helsingborg,Danmark
Helsingør,exact,1,Reg0008290,Helsingør,Danmark
Hem,exact,1,Reg0008320,Hem,
Herculanum,exact,1,Reg0008340,Herculanum,
Herlufsholm,exact,1,Reg0008360,Herlufsholm,
Herning,exact,1,Reg0008380,Herning,
Hernosand,none,0,,,
Hildesheim,exact,1,Reg0008550,Hildesheim,Tyskland
Himmelbjerget,exact,1,Reg0008580,Himmelbjerget,
Hindsgavl,exact,1,Reg0008610,Hindsgavl,
Hinnerup,exact,1,Reg0008620,Hinnerup,
Hjørring,exact,1,Reg0008660,Hjørring,
Hobro,exact,1,Reg0008670,Hobro,
Hof,exact,1,Reg0008690,Hof,Tyskland
Hofmansgave,exact,1,Reg0008700,Hofmansgave,
Holland,exact,1,Reg0008770,Holland,
Holsteinborg,exact,1,Reg0008820,Holsteinborg,Danmark
Holsten,exact,1,Reg0008840,Holsten,
Holstenshus,exact,1,Reg0008850,Holstenshus,
Holte,exact,1,Reg0008860,Holte,
Hornbæk,exact,1,Reg0008910,Hornbæk,
Horsens,exact,1,Reg0008930,Horsens,
Hospenthal,exact,1,Reg0008940,Hospenthal,
Huledals Mølle,none,0,,,
Husby,exact,1,Reg0009030,Husby,
Hyby,exact,1,Reg0009070,Hyby,
Hyéres,exact,1,Reg0009080,Hyères,
Håckeberga,exact,1,Reg0009110,Häckeberga,
Hønefoss,none,0,,,
Innsbruck,exact,1,Reg0009410,Innsbruck,Østrig
Interlaken,exact,1,Reg0009420,Interlaken,Schweiz
Irun,exact,1,Reg0009460,Irun,
Ischia,exact,1,Reg0009500,Ischia,
Island,exact,1,Reg0009530,Island,
Isola bella,exact,1,Reg0009540,Isola Bella,
Isted,none,0,,,
Italien,exact,1,Reg0009560,Italien,
Itzehoe,exact,1,Reg0009570,Itzehoe,Tyskland
Japan,exact,1,Reg0009600,Japan,
Jena,exact,1,Reg0009630,Jena,Tyskland
Jungfrau,exact,1,Reg0009800,Jungfrau,
Jungshoved,exact,1,Reg0009810,Jungshoved,
Jurabjergene,exact,1,Reg0009830,Jurabjergene,
Jönköping,exact,1,Reg0009860,Jönköping,Danmark
Kalleboderne,none,0,,,
Kalundborg,exact,1,Reg0009920,Kalundborg,
Karise,exact,1,Reg0009940,Karise,
Karlsruhe,exact,1,Reg0010000,Karlsruhe,Tyskland
Karlstad,exact,1,Reg0010010,Karlstad,Sverige
Kassel,exact,1,Reg0010050,Kassel,Tyskland
Kattegat,exact,1,Reg0010080,Kattegat,
Katwijk,exact,1,Reg0010090,Katwijk,
Kempten,exact,1,Reg0010150,Kempten,Schweiz
Kerteminde,none,0,,,
Kiel,exact,1,Reg0010180,Kiel,Tyskland
Kilburn,none,0,,,
Kinnekulle,exact,1,Reg0010240,Kinnekulle,Sverige
Klagenfurt,none,0,,,
Klampenborg,exact,1,Reg0010290,Klampenborg,
Klosterneuburg,exact,1,Reg0010350,Klosterneuburg,
Kolding,exact,1,Reg0010460,Kolding,Danmark
Kongsdal,exact,1,Reg0010530,Kongsdal,
Kongsvinger,exact,1,Reg0010540,Kongsvinger,Sverige
Konstantinopel,exact,1,Reg0010550,Konstantinopel,
Korselitze,none,0,,,
Korsør,exact,1,Reg0010590,Korsør,Danmark
Koster,none,0,,,
Kulien,exact,1,Reg0010730,Kulien,
Kværndrup,exact,1,Reg0010810,Kværndrup,
Kyholm,none,0,,,
Køge,exact,1,Reg0010890,Køge,
Köln,exact,1,Reg0010900,Köln,Nederlandene
Königstein,exact,1,Reg0010950,Königstein,Tjekkiet
Lago maggiore,exact,1,Reg0011040,Lago Maggiore,Schweiz
Langeland,exact,1,Reg0011120,Langeland,
Languedoc-Kanalen,none,0,,,
Lausanne,exact,1,Reg0011200,Lausanne,Schweiz
Lauterbrunnen,exact,1,Reg0011210,Lauterbrunnen,Schweiz
Lehrte,exact,1,Reg0011290,Lehrte,Tyskland
Leiden,exact,1,Reg0011300,Leiden,Nederlandene
Leipzig,exact,1,Reg0011320,Leipzig,Tyskland
Lekkende,exact,1,Reg0011360,Lekkende,
Leksand,none,0,,,
Lerchenborg,exact,1,Reg0011410,Lerchenborg,
Lerchesminde,none,0,,,
Lilleasien,none,0,,,
Limfjorden,exact,1,Reg0011570,Limfjorden,
Lindau,none,0,,,
Linkoping,exact,1,Reg0011610,Linköping,Sverige
Linz,exact,1,Reg0011630,Linz,Østrig
Liselund,none,0,,,
Lissabon,exact,1,Reg0011670,Lissabon,Portugal
Livorno,exact,1,Reg0011690,Livorno,Italien
Loch Laggan,exact,1,Reg0011740,Loch Laggan,
Loch Lomond,exact,1,Reg0011750,Loch Lomond,Storbritannien
"Locle, Le",exact,1,Reg0011760,"Locle, Le",
Lombardiet,none,0,,,
London,exact,1,Reg0011840,London,Storbritannien
Lucca,exact,1,Reg0011940,Lucca,Italien
Luzern,exact,1,Reg0012080,Luzern,Schweiz
Lübeck,exact,1,Reg0012090,Lübeck,Tyskland
Lykkesholm,exact,1,Reg0012100,Lykkesholm,
Lyksborg,none,0,,,
Lüneburg,exact,1,Reg0012110,Lüneburg,Tyskland
Lüneburger Heide,exact,1,Reg0012120,Lüneburger Heide,Tyskland
Lyon,exact,1,Reg0012140,Lyon,Frankrig
Løgumkloster,none,0,,,
Madeira,exact,1,Reg0012300,Madeira,
Madrid,exact,1,Reg0012310,Madrid,Spanien
Magdeburg,exact,1,Reg0012340,Magdeburg,Tyskland
Maidstone,exact,1,Reg0012360,Maidstone,Storbritannien
Mainz,exact,1,Reg0012380,Mainz,Tyskland
Malaga,exact,1,Reg0012420,Málaga,Spanien
Malmö,exact,1,Reg0012450,Malmö,Danmark
Malta,exact,1,Reg0012470,Malta,
Mannheim,exact,1,Reg0012490,Mannheim,Tyskland
Mantua,none,0,,,
Mariager,exact,1,Reg0012560,Mariager,
Marienlyst,exact,1,Reg0012620,Marienlyst,
Mariestad,exact,1,Reg0012630,Mariestad,Sverige
Marino,exact,1,Reg0012650,Marino,
Marmara-Havet,exact,1,Reg0012660,Marmara-Havet,
Marseille,exact,1,Reg0012710,Marseille,Frankrig
Marstrand,none,0,,,
Martinach,none,0,,,
Maxen,exact,1,Reg0012820,Maxen,Tjekkiet
Meiningen,exact,1,Reg0012890,Meiningen,Tyskland
Meiringen,exact,1,Reg0012900,Meiringen,
Mentona,none,0,,,
Merida,exact,1,Reg0012970,Merida,Portugal
Merseburg,exact,1,Reg0012980,Merseburg,Tyskland
Messina,exact,1,Reg0013000,Messina,Italien
Middelfart,exact,1,Reg0013030,Middelfart,Danmark
Milano,exact,1,Reg0013050,Milano,Italien
Minden,exact,1,Reg0013060,Minden,Tyskland
Miranda,none,0,,,
Mola di Gaeta,none,0,,,
Montblanc,exact,1,Reg0013320,Montblanc,
Montpellier,exact,1,Reg0013470,Montpellier,Spanien
Montreux,exact,1,Reg0013480,Montreux,Schweiz
Mori,exact,1,Reg0013520,Mori,
Morteau,exact,1,Reg0013580,Morteau,
Motala,exact,1,Reg0013620,Motala,Sverige
Mullerup,exact,1,Reg0013640,Mullerup,
Murcia,exact,1,Reg0013680,Murcia,Spanien
Murnau,exact,1,Reg0013690,Murnau,Østrig
München,exact,1,Reg0013750,München,Østrig
Münden,exact,1,Reg0013760,Münden,
Mysunde,none,0,,,
Mälaren,exact,1,Reg0013830,Mälaren,Sverige
Moen,exact,1,Reg0013840,Møen,
"Mönch, Der",exact,1,Reg0013880,"Mönch, der",
Nakkebølle,none,0,,,
Naumburg,exact,1,Reg0013990,Naumburg,Tyskland
Neapel,none,0,,,
Neuchâtel,none,0,,,
Neumünster,exact,1,Reg0014180,Neumünster,Tyskland
Newcastle,exact,1,Reg0014240,Newcastle,Storbritannien
New York,exact,1,Reg0014230,New York,
Nilen,exact,1,Reg0014320,Nilen,
Nîmes,exact,1,Reg0014340,Nimes,Frankrig
Nizza,none,0,,,
Norge,exact,1,Reg0014510,Norge,
Nyborg,exact,1,Reg0014600,Nyborg,Danmark
Nygaard,none,0,,,
Nykøbing paa Falster,none,0,,,
Nürnberg,exact,1,Reg0014690,Nürnberg,Tyskland
Nysø,exact,1,Reg0014700,Nysø,Danmark
Næsbyhoved,none,0,,,
Næstved,exact,1,Reg0014730,Næstved,
Nørager,exact,1,Reg0014760,Nørager,
Nørresundby,exact,1,Reg0014780,Nørresundby,
Nørre Vosborg,exact,1,Reg0014770,Nørre Vosborg,
Oberammergau,exact,1,Reg0014790,Oberammergau,Østrig
Odense,exact,1,Reg0014830,Odense,Danmark
Offenburg,exact,1,Reg0014920,Offenburg,Tyskland
Oldenburg,exact,1,Reg0014960,Oldenburg,Tyskland
Olten,exact,1,Reg0015030,Olten,Schweiz
Ostende,exact,1,Reg0015240,Ostende,
Ouchy,exact,1,Reg0015320,Ouchy,Schweiz
Palermo,exact,1,Reg0015420,Palermo,
Palstrup,exact,1,Reg0015460,Palstrup,
Paris,exact,1,Reg0015520,Paris,Frankrig
Perpignan,exact,1,Reg0015760,Perpignan,Spanien
Petersgaard,exact,1,Reg0015850,Petersgaard,
Petershøj,none,0,,,
Pfafers,none,0,,,
Piémont,exact,1,Reg0015970,Piémont,
Piræus,exact,1,Reg0016060,Piræus,Grækenland
Pisa,exact,1,Reg0016070,Pisa,Italien
Pissevache,exact,1,Reg0016080,Pissevache,Schweiz
Plauen,none,0,,,
Poitiers,exact,1,Reg0016230,Poitiers,Frankrig
Pompeji,none,0,,,
Portici,exact,1,Reg0016360,Portici,Italien
Portugal,exact,1,Reg0016380,Portugal,
Potsdam,exact,1,Reg0016410,Potsdam,Tyskland
Prag,exact,1,Reg0016440,Prag,Tjekkiet
Preussen,exact,1,Reg0016490,Preussen,
Præstø,exact,1,Reg0016530,Præstø,
Pyrenæerne,exact,1,Reg0016570,Pyrenæerne,
Pyrmont,exact,1,Reg0016580,Pyrmont,
Rabenstein,none,0,,,
Ragaz,none,0,,,
Ramsgate,exact,1,Reg0016770,Ramsgate,Storbritannien
Randers,exact,1,Reg0016790,Randers,
Ravenswood,exact,1,Reg0016910,Ravenswood,
Regensburg,exact,1,Reg0016950,Regensburg,Tyskland
Regenstein,none,0,,,
Rendsborg,exact,1,Reg0017000,Rendsborg,Tyskland
Rheine,exact,1,Reg0017060,Rheine,Tyskland
Rhinen,exact,1,Reg0017090,Rhinen,Tyskland
Rhonen,exact,1,Reg0017150,Rhônen,
Richterschwyl,none,0,,,
Rigi,exact,1,Reg0017260,Rigi,
Ringsjön,none,0,,,
Ringsted,exact,1,Reg0017340,Ringsted,Danmark
Riva,exact,1,Reg0017370,Riva,Italien
Rolighed,exact,1,Reg0017420,Rolighed,
Rom,exact,1,Reg0017430,Rom,Italien
Roskilde,exact,1,Reg0017570,Roskilde,Danmark
Rotterdam,exact,1,Reg0017650,Rotterdam,Nederlandene
Roxen,exact,1,Reg0017680,Roxen,Sverige
Rumelien,exact,1,Reg0017730,Rumelien,
Rungsted,exact,1,Reg0017760,Rungsted,
Rügen,none,0,,,
Rønnede,exact,1,Reg0017870,Rønnede,
Sachsen,none,0,,,
Sachsisk Schweiz,exact,1,Reg0017960,Sachsisk Schweiz,
Saint Maurice,exact,1,Reg0018070,Saint-Maurice,
Salzburg,exact,1,Reg0018200,Salzburg,Østrig
Samaden,exact,1,Reg0018220,Samaden,
San Sebastian,exact,1,Reg0018320,San Sebastián,
Sanderumgaard,none,0,,,
Sandviken,exact,1,Reg0018350,Sandviken,
St,none,0,,,
St,none,0,,,
St,none,0,,,
St,none,0,,,
St,none,0,,,
Savoyen,exact,1,Reg0018660,Savoyen,
Schaffhausen,exact,1,Reg0018700,Schaffhausen,Schweiz
Schandau,exact,1,Reg0018710,Schandau,Tjekkiet
Scheideck,none,0,,,
Scheveningen,exact,1,Reg0018740,Scheveningen,
Schweiz,exact,1,Reg0018900,Schweiz,
Schönbrunn,exact,1,Reg0018950,Schönbrunn,
Seeshaupt,exact,1,Reg0019000,Seeshaupt,Østrig
Selchausdal,none,0,,,
Setubal,exact,1,Reg0019170,Setúbal,
Sevilla,exact,1,Reg0019190,Sevilla,Spanien
Sicilien,exact,1,Reg0019230,Sicilien,
Sild,exact,1,Reg0019310,Sild,
Siljan,none,0,,,
Silkeborg,exact,1,Reg0019330,Silkeborg,
Simplon,exact,1,Reg0019380,Simplon,
Skagen,exact,1,Reg0019470,Skagen,
Skanderborg,exact,1,Reg0019490,Skanderborg,
Skelskør,exact,1,Reg0019520,Skelskør,
Skodsborg,exact,1,Reg0019550,Skodsborg,
Skotland,exact,1,Reg0019570,Skotland,
Skutari,exact,1,Reg0019600,Skutari,
Slagelse,exact,1,Reg0019620,Slagelse,Danmark
Slesvig,none,0,,,
Slesvig,none,0,,,
Smyrna,exact,1,Reg0019710,Smyrna,
Snoghøj,exact,1,Reg0019740,Snoghøj,
Sofia,none,0,,,
Sorgenfri Slot,exact,1,Reg0019860,Sorgenfri Slot,
Sorrent,none,0,,,
Sorø,exact,1,Reg0019900,Sorø,Danmark
Spanien,exact,1,Reg0019930,Spanien,
Splügen,exact,1,Reg0019970,Splügen,Schweiz
Spodsbjerg,none,0,,,
Stade,exact,1,Reg0020020,Stade,
Starnberg,exact,1,Reg0020090,Starnberg,Østrig
Staubbach,exact,1,Reg0020110,Staubbach,
Stege,exact,1,Reg0020140,Stege,
Stettin,exact,1,Reg0020220,Stettin,Polen
Stevns,none,0,,,
Stockholm,exact,1,Reg0020260,Stockholm,Sverige
Strandmosegaard,none,0,,,
Strandmøllen,exact,1,Reg0020380,Strandmøllen,
Strassburg,exact,1,Reg0020400,Strassburg,
Stuttgart,exact,1,Reg0020480,Stuttgart,Tyskland
Stören,none,0,,,
Suez,none,0,,,
Sundeved,none,0,,,
Suserup,none,0,,,
Svendborg,exact,1,Reg0020580,Svendborg,Danmark
Sverrig,exact,1,Reg0020610,Sverrig,
Syra,exact,1,Reg0020670,Syra,
Sæby,none,0,,,
Såter,none,0,,,
Søbysøgaard,none,0,,,
Søllerød,exact,1,Reg0020790,Søllerød,
Sønderborg,exact,1,Reg0020810,Sønderborg,
Taasinge,none,0,,,
Tamina,exact,1,Reg0020910,Tamina,
Tanger,exact,1,Reg0020920,Tanger,Marokko
Tem,exact,1,Reg0021050,Tem,
Teplitz,exact,1,Reg0021080,Teplitz,Tjekkiet
Terni,exact,1,Reg0021090,Terni,Italien
Terracina,exact,1,Reg0021100,Terracina,Italien
Teufelsbrücke,none,0,,,
Tharandt,exact,1,Reg0021210,Tharandt,Tjekkiet
Themsen,exact,1,Reg0021250,Themsen,
Thisted,exact,1,Reg0021300,Thisted,
Thun,exact,1,Reg0021310,Thun,Schweiz
Tirsbæk,none,0,,,
Tivoli,none,0,,,
Tjele,none,0,,,
Tolderlund,none,0,,,
Toledo,exact,1,Reg0021470,Toledo,Spanien
Torquay,exact,1,Reg0021530,Torquay,
Toulon,exact,1,Reg0021610,Toulon,Frankrig
Tours,exact,1,Reg0021640,Tours,Frankrig
Travemünde,exact,1,Reg0021730,Travemünde,Tyskland
"Travers, Val de",none,0,,,
Triest,exact,1,Reg0021780,Triest,Slovenien
Trinity,none,0,,,
Troia,none,0,,,
Trollhättan,exact,1,Reg0021830,Trollhättan,Sverige
Turin,none,0,,,
Tyrifjord,exact,1,Reg0021950,Tyrifjord,
Tyrol,exact,1,Reg0021970,Tyrol,Østrig
Tyskland,exact,1,Reg0021980,Tyskland,
Ulriksdal,exact,1,Reg0022090,Ulriksdal,
Ungarn,exact,1,Reg0022130,Ungarn,
Uppsala,exact,1,Reg0022150,Uppsala,Sverige
Utrecht,exact,1,Reg0022180,Utrecht,Nederlandene
Vadstena,exact,1,Reg0022200,Vadstena,Sverige
Valakiet,exact,1,Reg0022230,Valakiet,
Valby,exact,1,Reg0022240,Valby,
Valence,exact,1,Reg0022260,Valence,Frankrig
Valencia,exact,1,Reg0022270,Valencia,Spanien
Valenciennes,exact,1,Reg0022280,Valenciennes,
Walhalla,none,0,,,
Valladolid,exact,1,Reg0022290,Valladolid,
Wallenstädtersoen,none,0,,,
Vallø,exact,1,Reg0022310,Vallø,
Wartburg,exact,1,Reg0023300,Wartburg,
Weimar,exact,1,Reg0023340,Weimar,Tyskland
Vejle,exact,1,Reg0022450,Vejle,
Velletri,exact,1,Reg0022470,Velletri,Italien
Vemmetofte,exact,1,Reg0022490,Vemmetofte,
Venedig,none,0,,,
Vernet,exact,1,Reg0022590,Vernet,
Verona,exact,1,Reg0022610,Verona,Italien
Versailles,exact,1,Reg0022620,Versailles,
Wesen,none,0,,,
Wesenstein,exact,1,Reg0023440,Wesenstein,
Vesterhavet,exact,1,Reg0022660,Vesterhavet,
Vester-Skerninge,none,0,,,
Vesuv,exact,1,Reg0022720,Vesuv,
Vettern,exact,1,Reg0022740,Vettern,
Vevey,exact,1,Reg0022750,Vevey,Schweiz
Vexiö,exact,1,Reg0022760,Vexiö,
Via mala,exact,1,Reg0022780,Via mala,
Viborg,exact,1,Reg0022800,Viborg,
Wien,exact,1,Reg0023490,Wien,Ungarn
Vienne,exact,1,Reg0022870,Vienne,
Vierlande,none,0,,,
Vierwaldstättersoen,exact,1,Reg0022890,Vierwaldstätter-Søen,
Wight,exact,1,Reg0023540,Wight,
Wildbad,exact,1,Reg0023560,Wildbad,Tyskland
Vilhelmsborg,none,0,,,
Wilhelmsthal,none,0,,,
Wittenberge,exact,1,Reg0023670,Wittenberge,Tyskland
Vojens,exact,1,Reg0023060,Vojens,
Vordingborg,exact,1,Reg0023090,Vordingborg,
Wyk,exact,1,Reg0023730,Wyk,
Würzburg,exact,1,Reg0023760,Würzburg,
York,exact,1,Reg0023830,York,Storbritannien
Yverdun,none,0,,,
Zaardam,none,0,,,
Zürich,exact,1,Reg0023930,Zürich,Schweiz
Øksnebjerg,none,0,,,
Ørbæk,exact,1,Reg0024060,Ørbæk,
Ørbæklunde,exact,1,Reg0024070,Ørbæklunde,
Östersund,none,0,,,
Østrig,exact,1,Reg0024140,Østrig,
