surname,given_names,birth_year,death_year,citation_raw
Aagesen,Andreas,1826,1879,", Søn af Ni­ colai A., Professor i Retsvidenskab IV, 24. v, 377- Aagesen, Julie, f. Drewsen (1799—1847), g. m. Nicolai A. I, 324. V, 98, 377."
Abildgaard,P. C.,1740,1801,", Veterinær III, 318. V, 354-55- Abrahams, N. C. L. (1798—1870), Professor i Fransk og Tysk, 1852 Notarius publicus, Konferensraad I, 290, 302, 334. III, 230. IV, 135. V, 15, 81, 103, 260, 336, 410."
Adler,"Anna Marie, f. Høyer",1786,1857,", g. m. J. G. A. I, 333. V, 102."
Ancker,C.,1828,1857,", Digter og Legat­ stifter II, 188. III, 110. IV, 3. V, 191, 2^2, 299- Anders, Tjener hos Jonas Collin d. Æ. II, 204. V, 199. Andersen, Anne Marie Andersdatter (d. 1833), g. m. Hans A., Digterens Moder I, 144, 176, 202, 276. V, 49, 302. Andersen, Bertel (1815—1884), Fiskerikon­ trollør, Fører af »Havgassen«, Kammerraad IV, 171, 258. V, 422. Andersen, Carl (1828—1883), Forfatter III, 105, 11 o, 121. IV, 77, 178. V, 299, 356, 358, 361, 394- Andersen, Clara (1826—1895), Forfatterinde IV, 173. V, 423. Andersen, Hans (1782—1816), Friskomager, Digterens Fader II, 276. III, 14. V, 302. Andersen, Jannik (1774—1854)5 Apoteker, Indehaver af Løve-Apoteket i Odense I, 28. V, 9. Andersen, Johanne Nicoline (1808—1897), Datter af Jannik A., g. 1837 m. T. A. F. Paulsen I, 28. V, 9. Andersen, S. C. (1808—1899), dansk Gene­ ralkonsul i Christiania IV, 188. V, 429."
Anholm,Johannes,,1860,", Skibskaptajn og Gæstgiver, A.s Vært i Nyhavn Nr. 67 II, 363, 3$9> 383, 387? 39°, 394- V, 252, 260."
Augustenborg,"Frederik, Prins af —",1829,1880,", Hertug 1863 (Friedrich VIII), Søn af Christian August af A. II, 35. V, 130, 309- Augustenborg, Henriette, Prinsesse af — (1833—1917), Datter af Christian August af A., g. 1872 m. Professor, Dr. med. J. F. A. v. Esmarch II, 35. V, 130."
Augustenborg,"Louise Augusta, Prinsesse af —",1824,1872,", Datter af Christian Au­ gust af A. II, 35. V, 130. Augustenborg, Louise Sophie, Hertuginde af —, f. Komtesse Danneskiold-Samsøe (1796 1867), g. 1820 m. Christian August af A. I, 321, 322. II, 13-14, 15, 27, 32-33, 35. V, 76, 96, 128, 130. Augustenborg, Prinsesserne af —, Døtre af Prins Emil af A. II, 80. V, 143. Austin, Esther, engelsk Danserinde IV, 315. v, 476-77- Baagøe, Johannes Schønberg (1798—1837), Apoteker, Indehaver af S vane-Apoteket i København I, 70. V, 19."
Bagger,Louise,1847,1910,", g. 1866 m. P. N. Nieuwenhuis III, 251. V, 341."
Ballin,Caroline,1838,1901,", Søster til Clara B. IV, 261, 263, 282-83, 285, 286, 293, 299, 302-03, 306. V, 454-55> 45^ 485- Ballin, Clara (1824-1887), A.s Værtinde i Ny­ havn Nr. 18 1873—75 IV, 260, 261, 263, 273, 279, 281-83, 285, 286, 287, 293-94, 299, 302-03, 305-06. V, 454-55’ 456, 483, 466, 469-70, 485."
Bang,Emma,1811,1882,", Datter af Claus Chr. B., g. 1839 m. N. P. Butenschøn I, 262. V, 68. — Se endvidere Butenschøn, Emma."
Bang,Ida,1813,1891,", Datter af Claus Chr. B., g. 1837 m. Skibsmægler, Vicekonsul L. A. Hecksher I, 31, 46. V, 10. — Se end­ videre Hecksher, Ida. Bang, Oluf (Ole) (1788—1877), Professor i Medicin, Konferensraad, senere Gehejme- konferensraad II, 217-18, 341. V, 202, 203, 246, 439- Bang, P. G. (1797—1861), Politiker II, 249. V, 212."
Bayern,"Maximilian II, Konge af —",1811,1864,", Søn af Ludwig I af B. II, 328, 330- 33'> 333, 338, 367, 372- V, 214, 241, 254, 404- Beaulieu-Marconnay, Alexander v., Friherre (1827—1899), Søn af W. E. B.-M., senere oldenburgsk Kammerherre, Chef for Hof­ forvaltningen i Eutin II, 42, 122. V, 132, 156."
Beaulieu-Marconnay,"Anna v., Friherreinde, f. v. Fritsch",1835,1916,", g. 1859 m. Carl Olivier B.-M. IV, 205. V, 437. Beaulieu-Marconnay, August (Edmond) v., Friherre (1820—1898), Søn af W. E. B.-M., oldenburgsk Løjtnant, senere Major i øst­ rigsk Tjeneste II, 6, 40, 46. V, ug, 132."
Beaulieu-Marconnay,"Carl Olivier v., Fri­ herre",1811,1889,", Søn af W. E. B.-M., Geheime-Referendar i Weimar, 1848 Hof­ marskal hos Storhertugen af Sachsen- Weimar - Eisenach, 1853 Overhofmester hos Enkestorhertuginden, 1850—52 og 1854—57 Teaterintendant, 1864—66 Ge­ sandt ved Forbundsdagen i Frankfurt for de thüringiske Stater, levede derefter i Dresden II, 3, 6, 40, 42, 44, 52, 55, 61, 65, 67, 69, 82, 92, 202, 203, 206-10, 212, 224, 260-61, 262, 275, 277, 279. IV, 99, 205, 331. V, 118, 132, 134, 152, 199-201, 206, 207, 217, 220, 222, 401, 437. VI, 25."
Beaulieu-Marconnay,"Flavie v., Friherreinde",1851,1925,", Datter af Carl B.-M., g. 1875 m. senere preussisk Oberstløjtnant, Friherre Strahl v. Salis-Soglio IV, 99. V, 207, 401."
Beethoven,Ludwig van,1770,1827,", tysk Komponist I, 289, 290. IV, 121. V, 232. Begge Sicilier, Marie, Dronning af —, f. Prin­ sesse af Bayern (1841—1925), g. 1859 m. Kong Franz II. af B.-S. III, 88. V, 293."
Berg,Christiane,1851,1912,", g. 1872 m. G. A. Rung IV, 212. V, 439."
Berner,Gottlob,1823,1914,", Teatersekre­ tær og Regissør ved Det kgl. Teater, 1866 —76 Intendant sst., Justitsraad, senere Etatsraad III, 275, 351. IV, 202, 299. V, 337,346,356,364,436,471- Bernhard, Carl, se Saint-Aubain, A. N. de. Berri, Caroline (Marie Caroline), Hertuginde af —, f. Prinsesse af Begge Sicilier (1798— 1870), Enke efter Hertug Charles Ferdi- nand af B., g. 1831 m. Marchese Lucchesi Palli, senere Hertug della Grazia, Venedig II, 96. V, 148."
Beskow,"Bernhard v., Friherre",1796,1868,", svensk Digter, Hofmarskal, Kammerherre, Svenska Akademiens Sekretær II, 187, 193, 202-03. III, 217, 220, 224, 237. IV, 341- 42. V, 190, 193, 334, 486-87. Beskow, Magdalena (Malin) v., Friherreinde, f. Wåhlberg (1790—1873), g. m. Bernhard v. B. II, 193. V, 193."
Beust,"Cécile v., Grevinde, f. Friherreinde v. Gersdorff",1821,1872,", g. m. F. v. B. II, 62-63. V, 138."
Beutner,Fanny,1827,1879,", Datter af S. N. B., g. 1852 m. Frederik Schiern, Æg­ teskabet opløst 1859 III, 67. V, 287."
Bille,Christian,1799,1853,"? dansk Mini­ sterresident i Hansestæderne og General­ konsul i Hamburg, 1847 Gesandt i Stock­ holm, 1852 i London II, 37, 191. V, 131, 732."
Bille,"Louise, f. Ipsen",1841,1926,", g. 1859 m. C. St. A. B. III, 343. IV, 64, 158, 160. V, 361, 481."
Bille-Brahe,"Camilla Sophie, Baronesse, f. af Harmens",1829,1890,", g. m. F. P. B.-B. III, 271, 287, 315, 348. V, 345."
Bindesbøll,Severin,1798,1871,", Broder til Gottlieb B., cand. theol., 1838 Sognepræst i Nakskov, 1851 Biskop i Aalborg, 1856 i Lolland-Falsters Stift I, 159, 175. V, 39, 284. VI, 17."
Bjørnson,Bjørnstjerne,1832,1910,", norsk Digter III, 8, 17, 19, 62, 69, 106, 108, 112, 118, 123, 124, 152, 184, 185, 186, 194, 195, 196. IV, 8, 16, 53, 65, 100, 104, 109-10,136, 176, 181, 184, 188, 189-90, 200, 259, 348. V, 270, 272, 279, 285, 233, 301-02, 312, 326, 35°» 39°, 4°2, 4°4> 4I°-Ih 426, 4*7) 428-29, 43°^ 435, 488, 493- Bjørnson, Caroline, f. Reimers (1835—1934), g. 1858 m. Bjørnstjerne B. IV, 188, 189, 190, 348. V, 429."
Bloch,Carl,1834,1890,", Maler III, 110, 154, 326, 343, 348. IV, 10, 24, 36, 67, 69, 72, 88, 149, 163, 220, 222, 223, 225, 249, 259, 298, 308, 311, 315. V, 300, 361, 363, 383, 390, 392, 397, 4*5, 4'9, 420, 44h 4^4- Bloch, Poul Trepka (f. 1869), Søn af Carl B., senere Maler IV, 163. V, 419."
Bloch,William,1845,1926,", cand. jur., For­ fatter, senere Sceneinstruktør ved Det kgl. Teater og tit. Professor, Broder til Carl B. IV, 196-201, 205-13, 215-16, 219, 262. V, 433, 435, 437, 43^- Blom, Caroline Frederikke, f. Funch (1824— 1912), g. 1846 m. Julius B. IV, 79, 80. V, 395' Blom, H. J. (1792—1864), Oberstløjtnant, Kommandør for 4. Linie-Bataillon II, 175. V, 184."
Biædel,"Henriette, f. Dons",1814,1879,", g. 1844 m. N. G. B. IV, 235, 241, 243. V, 447."
Boye,Adolph Jonas,1823,1891,", Søn af C. J. B., 1843 Student, 1849 Sekondløjt­ nant, senere Kaptajn i Vestindisk Hær­ styrke og 1878 Toldforvalter i Christians- sted I, 274. II, 33. V, 73. VI, 18. Boye, Carl (1825—>892), Søn af C. J. B., Toldassistent ved Øresunds Toldkammer, 1861 Kasserer i Sparekassen for Kjøben- havn og Omegn I, 274. III, 63, 64, 71, 76, 78, 132, 147, 209, 211. IV, 139, 179, 269, 270, 272, 339. V, 73, 283-86, 427, 459, 460. VI, 18."
Boye,Caspar Johannes,1791,1853,", Sogne­ præst i Søllerød, 1835 ved St. Olai Kirke i Helsingør, 1847 ved Garnisonskirken i Kbh., Digter I, 33, 60, 90, 95. II, 237. III, 331. V, 11, 18, 22, 41, 46, 68, 69, 72, 73, 83, 95, 211, 304, 326, 359, 364, 416. VI, 18, Boye, Edvard (1830—1883), Søn af C. J. B., Kolonibestyrer i Umanak, 1882 Inspektør ved Grønlænderhjemmet i Kbh. III, 351. IV, 133-34- V, 364, 409. VI, 18."
Boye,Gottlieb,1819,1845,", Søn af C. J. B., 1845 Lærer ved Agerdyrkningsinstitutet paa Hastrup I, 68. V, 18. VI, 18. Boye, Henriette (Jette) Louise (1822—1901), Datter af M. A. B., g. 1853 m. Revisor Peter Henrik Boye I, 273, 325. IV, 53. V, 72, 386. VI, 18, Boye, Henriette (Jette) Sophie Dorothea (1821—1895), Datter af C. J. B., g. 1843 m. Distriktslæge i Herning, senere Land- fysikus paa St. Thomas og St. Jan Andreas Vilhelm Pedersen I, 320, 325, 332-33, 334, 337? 349- V, 72, 95, 96. VI, 18. — Se endvidere Pedersen, Henriette. Boye, Johanne (Hanne), f. Birckner (1797— 1881), Datter af M. G. Birckner, g. 1818 m. M. A. B. I, 108, 273, 320. II, 189, 190. III, 68. IV, 32, 53, 56, 174. V, 27, 28, 69, 72, 95, 123, 191, 386. VI, 18."
Boye,"Maria, f. Birckner",1796,1880,", Dat­ ter af M. G. Birckner, g. 1818 m. C. J. B. I, 68. II, 237. III, 16, 19, 22, 134, 196, 331. IV, 133, 216. V, 18, 72, 211, 272, 326, 409. VI, 18."
Boye,Mathias A.,1796,1872,", Rektor ved Christianssand Katedralskole, 1849 Told­ kasserer i Christianssund, Stortingsmand, Broder til C. J. B. IV, 53, 203. V, 69, 90, 91, 123, 192, 386, 436. VI, 18."
Boye,"Sophie, f. West",1840,1895,", g. 1862 m. Theodor B., 20 1881 m. Grosserer A. F. Kiær III, 68. IV, 189. V, 287, 429. Boye, Stella (1824—*927), Datter afM. A. B., g. 1851 m. Lars Semb II, 16, 24, 25, 28. V, 95, 123. VI, 18. — Se endvidere Semb, Stella."
Boye,Theodor,1821,1871,", Søn af M. A. B., 1840 Student, 1845 cand. jur., 1859 Fuld­ mægtig i Finansdepartementet, Christiania I, 267. II, 378. III, 68. IV, 189. V, 69, 222, 287, 429. VI, 18."
Boye,Vilhelm,1837,1896,", Søn af G. J. B., cand. phil., Arkæolog, 1869 Redaktions­ sekretær ved »Dannevirke« i Haderslev, senere Assistent ved Nationalmuseet IV, 3, 5, 49, 5 b 56, 67, 133, 216."
N,"369,384, 387, 409. VI, 18. Bramsen, Georgine Nicoline",1811,1890,", Søster til Lorents B., g. 1831 m. C. N. Da­ vid I, 96. V, 22."
Brandt,Andreas Heggelund,1846,1913,", Søn af A. L. B., senere Borgmester i Arn- hem III, 254, 257, 262, 264, 266. IV, 51, 85- V, 342."
Brandt,Georg,1830,1889,", dansk Grosserer i Amsterdam, Broder til A. L. B., dansk Konsul efter dennes Død III, 250, 252, 254, 255, 260, 264, 266, 279, 280, 287, 347, 352. IV, 49, 51, 55, 343. V, 340, 362, 384, 385."
Brandt,"Petronella Deborah, f. van Eeghen",1822,1897,", g. 1844 m. A. L. B. III, 247, 250, 252, 253, 254, 256, 257, 260, 262, 264, 279, 328. IV, 51, 85, 342-44. V, 339. Brandt, Sara (f. 1859), Datter af Georg B., g. 1887 m. Conservator ved Rijksmuseum i Amsterdam Jacob F. E. de Neufville III, 254- Brasch, C. H. (1811 —1894), cand. theol., Huslærer paa Bregentved 1838—47, Sogne­ præst til Vemmetofte 1847—86, Historiker I, 323- V, 97, 125« Brasen, Jens August (1802—1869), Kateket i Odense, senere Provst og Sognepræst i Skel­ skør I, 24. V, 8."
Bredsdorff,Eline,1806,1888,", Datter af M. Th. B., g. 1834 m. Chr. Edv. Møller I, 59, 105. V, 15, 25. VI, 17, 40. — Se end­ videre Møller, Eline."
Bredsdorff,"Petrine Jacobine, f. Møller",1801,1859,", Datter af Rasmus Møller, g. 1829 m. J. H. B. I, 274. V, 73."
Bredsdorff,"Ulrikke Antoinette, f. Schlegel",1766,1850,", g. m. C. J. B. I, 55, V, 15."
Brenner,"Emma, f. Kron",1823,1875,", schweizisk Digterinde, g. m. J. C. B. II, 367-68. V, 254."
Broberg,C. A.,1846,1917,", Konsul, Gros­ serer IV, 134. V, 409. Broberg, Camilla, f. Blom (f. 1847), Datter af Julius Blom, g. 1870 m. C. A. B. IV, 134. V, 409."
Brun,Carl Friderich Balthasar,1784,1869,", Besidder af Krogerup, Kammerherre, Hof­ jægermester I, 308. V, 89. Brun, Friderica (Friede), f. Bügel (1789— 1875), Datter af Catharina Bügel, g. m. C. F. B. B. I, 308. V, 89."
Bruun,"Hanne, f. Plum",1798,1878,", g. m. H. B. B. I, 63. V, 17."
Butenschøn,"Emma, f. Bang",1811,1882,", Datter af Claus Chr. Bang, g. 1839 m. N. P. B. II, 189-90. III, 5, 316. V, 191, 192, 354. — Se ogsaa Bang, Emma."
Bülow,"Frederikke, f. Riegels",1825,1911,", Datter af H. C. Riegels, g. 1851 m. Major, senere Generalløjtnant og Gesandt, Kam­ merherre Johan B. II, 246. V, 212."
Bülow,Margrethe v.,1809,1845,", Datter af Augusta B. I, 307, 316. V, 82. Bülow, Sophie Eleonore (Nelly), f. Baronesse Selby (1785—1842), g. m. Generalløjtnant Frants B. I, 5, 83. V, 4."
Bürger,"Elise, f. Hahn",1769,1833,", g. m. G. A. B. I, 19. V, 7."
Castenschiold,Carl,1837,1919,", Søn af A. F. H. C., Sekondløjtnant i Artilleriet, 1867 Premierløjtnant og Besidder af Borre­ by III, 342, 346, 357, 362. IV, 42-43, 89. V, 361, 382."
Castenschiold,"Else Marie, f. Olsen",1805,1888,", g. m. A. F. H. G. II, 265. III, 243, 357, 362. IV, 89. V, 218, 365."
Castenschiold,Henrik,1834,1867,", Søn af A. F. H. C., cand. polit., 1865 Besidder af Borreby III, 243, V, 339."
Castenschiold,"Lucie, f. Scavenius",1844,1920,", Datter af Henriette Scavenius, g. 1867 m. Carl C. IV, 42-43, 94, 121, 218. V, 440. — Se ogsaa Scavenius, Lucie. Castenschiold, Marie Elisabeth (f. ogd. 1872), Datter af Carl C. IV, 218. V, 440."
Cerillo,"Gabrielle, f. Knudsen",1804,1884,", g. 1844 m. Kontorchef i Neapel Pasquale C. IV, 314. V, 476."
Christensen,Harald,1823,1892,", Borgme­ ster og Byfoged i Hobro, Justitsraad, senere Etatsraad III, 201. IV, 241. V, 218,228,529. Christensen, Mathilde (Illa) (1851—1922), Datter af Harald C., Forfatterinde (F. C. van der Burgh) III, 201. V, 329. Christensen, Wenzeline Christiane Frede­ rikke, f. Stæger (1824—^o), g- m- Ha­ rald C. III, 201. V, 329."
Christides,Demetrios,1795,1879,", græsk Gesandt i Konstantinopel, Politiker I, 315. y 93- Christophersen, Ernesta, f. Simonsen (1843— 1916), Plejedatter af H. P."
Holst,"g. 1869 m. Harald C. IV, 85. V, 397. Christophersen, Harald",1838,1919,", Ope­ rasanger IV, 85. V, 397. Cicero, Marcus Tullius (106—43 f. Chr.), ro­ mersk Statsmand I, 213. Clasen, Laura, Frue III, 52, 248. V, 283, 340. Classen, Clara Charlotte, f. Skeel (Scheel) (1809—1898), g. 1828 m. P. H. C. II, 21, 23, 24, 228. V, 125."
Classen,P. H.,1804,1886,", Direktør for det Classenske Fideikommis, Kammerherre, se­ nere Gehejmekonferensraad II, 21. V, 125, 208. Clauren (Pseudonym for Karl G. S. Heun) (1771—1854), tysk Romanforfatter I, 32, 39- V, ii- Clausen-Schütz, Christian Ludwig, Over- og Landsretsadvokat i Wandsbeck II, 99. V, I49> 171- Claussen, K. A. (1843—1895), stud, art., Christiania, senere Litterat IV, 96. V, 599- 400, 487."
Collin,Gottlieb,1806,1885,", Søn af Jonas C., 1825 Student, 1831 cand. jur., 1832 Fuldmægtig ved Pensionskassen, 1834 Re­ gistrator og Kasserer sst., 1842 entlediget, Kammerassessor I, 23, 28, 46, 72, 84, 90, 94, 106, 121, 125, 137, 144, 146, 148, 150, 161, 167, 176, 181, 189, 190, 202, 209, 219, 227, 235, 244, 245, 269, 276, 288, 294, 309, 3J7, 33 b 34°- H, 25, 37, 52, 152, 166, i99, 225, 244, 246, 248, 275, 288, 328, 365. III, 4, 124, 141, 154, 205, 209, 211, 217-18, 224, 274, 276, 285, 303, 317, 318, 322. IV, 41, 97, 117, 133, 175, 178, 225, 242-43, 248, 253, 254, 256-57, 263, 282, 283, 284, 290, 292, 294, 304, 311, 315, 317, 320. V, 8, 41, 58, 64, 91, 134, 180, 181, 274, 307, 319, 330, 332, 346, 394, 400. VI, 9, 19, 24."
Collin,Helga,1841,1918,", Datter af Gott­ lieb C., g. 1868 m. Carl Price III, 22, 238, 261, 317. IV, 48. V, 274, 319. — Se end­ videre Price, Helga. VI, 19, Collin, Henriette Christine, f. Hornemann (1772—1845), g. i° 1795 m. M. G. Birck- ner, 20 1803 m. Jonas C. I, 8, 28, 46, 55, 72, 108, 109, 113, 121, 125, 137, 144, 147, 176, 181, 209, 219, 226, 227, 232, 235, 236, 237, 243, 245, 248, 254, 261, 264, 273, 274, 275, 294, 295, 3°2, 3°7, 3l6, 32o? 324- n, 7, 20, 59, 150. III, 142, 226. IV, 88. V, 7, 9, 15, 2b 27, 59, 61,64, 82,124,125, 215, 237, 388, 398. VI, 17-18."
Collin,Hjalmar,1834,1897,", Søn af Gott­ lieb C., 1852 Student, cand. phil., Land­ mand, senere Journalist I, 236. II, 37, 225- 26, 246, 266, 288, 349. III, 51, 257. IV, 18, 20, 25, 117. V, 61, 207, 225, 249, 283, 343, VI, 19. Collin, Ingeborg Mimi (Vulle) (1837—1843), Datter af Edvard C. I, 272, 275, 276, 279, 280, 281, 282, 283, 286, 287, 291, 294, 302, 3°3, 3°7, 3!5, 3J7, 3l8, 32°, 322, 323, 325, 33°, 331, 334, 339, 348- n, 9, 5’- V, 72, 91, 102-03, 134. VI, 21."
Collin,Jonas,1776,1861,", Finansdeputeret, 1821—29 og 1842—49 Medlem af Det kgl. Teaters Direktion, Etatsraad, 1829 Kon- ferensraad, 1847 Gehejmekonferensraad I, 1, 2, 8, 10, 13, 17, 18, 19, 20, 23, 28, 30, 33, 37. 40, 4’, 43, 46, 49, 5b 53, 55, 57, 58, 60, 61,62,64,70,72,77,80,84,93,96,102,104, 105, 108, 109, 112, 113, 114, 115, 116, 120, 121,125,127,133,137,139,140,144,146, 147, 148, 156, 160, 161, 175, 176, 179, 181, 182, 184, I90, 194, I97, I99, 201, 203, 2O6, 208, 209, 215, 216, 218, 219, 226, 227, 232, 235, 237, 24b 243, 244, 245, 248, 249, 250, 252, 261, 264, 265, 268, 270, 275, 277, 286, 294, 295, 298, 299, 300, 304, 305-06, 307, 310, 316, 320, 322, 324, 325, 330, 335-36, 338, 339, 340, 34b 346, 347, 34Ö, 349, 35°- 51. II, 2, 3, 4, 8-9, 12, 13, 14, 19, 25, 26, 27- 28, 31, 33, 39, 40, 43, 50, 52, 58, 61, 68, 69, 70, 73-74, 86, 89, 90, 91, 93, 94, 97, 98, 99, 103, 104, 105, 108, HO, III, 113, I 14, 115, I 17, 118, 120, 121, 123, 124, 126, 127, 130, ’33, ’34, ’35, ’36-37, ’38, ’43, ’44, ’45, 148, 149, 151, 172, 176, 178, 182, 184, 186, 199, 201, 204, 206, 212, 221, 222, 226, 231, 232, 233, 234, 237, 238, 239, 244, 247, 257, 259, 265, 269, 271, 272, 277, 278, 288, 290, 292, 294, 301, 306, 307, 318, 319, 320, 322, 328, 332, 335, 338, 339, 340-41, 347, 349, 353, 357, 364, 365, 366, 369, 370, 375, 377, 388, 393, 394, 395. III, 4, 6, 9, 13, 16, 20, 21-22, 25-30, 32-34, 39, 40, 41, 43, 44, 47- 48, 5’-53, 55-58, 60-61, 134, 188, 212, 227. IV, 6, 44, 88, 138, 149, 260, 342. V, 3, 7, 24, 25, 26-27, 29-30, 38, 39'4°> 47, 49, 5°, 5 b 5b 53, 56, 64, 65, 70, 72, 73, 75, 79, 83, 84, 87, 88, 90, 91, 92, 94, 96, 98, 100, 104, 116-17, 119, 120-21, 122, 124, 125, 134, 140, 141-42, 145, 146, 147, 148, 151, 164, 181, 196, *97, *99, 206, 216, 225, 252, 254, 273, 284, 335, 338, 363, 364, 398, 404, 4’5, 456- VI, 3, 4, 9, 14, 15-17, 18, 20, 24, 25-26."
Collin,Jonas Sigismund,1840,1905,", Søn af Edvard C., 1859 Student, 1865 cand. mag. i Zoologi, 1870 Konsulent for Østers­ fiskeriet, Zoolog, 1900 Etatsraad I, 287, 294, 3’6, 3’7, 320, 322, 323, 337. II, 22, 28, 36,46, 48, 51, 93,94,96, 189, 190, 194, 224, 237, 241, 243, 244, 250, 257, 258, 259, 260, 262, 268, 270, 272, 273, 274, 275, 279, 280- 82, 285, 288, 292, 294, 304, 305, 307, 308, 31°, 3’3, 3'4> 3’6, 317, 3’8, 32°, 321, 323, 328, 333, 334, 335, 338, 342, 345, 349, 357, 359, 365, 370, 375, 377, 383, 385, 395- HI, 2-60, 61, 62, 66, 67, 69, 70, 72, 73-74, 75, 76, 77, 78, 79, 80-125, ’26, 127, 128, 129, 130, 131, 132, 133, 134, 135, 136, 137, 138, 139, 140, 141, 142, 143, 146, 148, 149, 150, 15b 153, 154-55, i56, ’57, 159, ’60, 164, 165, 166, 167, 169, 170, 172, 174, 175, 177, 178, 179, 183, i84> «85, i87, 190, 194, 195, 196, 197, 199, 208, 209, 210, 212, 213, 215, 217, 219, 221, 226, 227, 228, 229, 232, 233, 235, 236, 240, 244, 246, 249, 251, 252, 253- 54, 256, 257, 258, 261, 262, 265, 267, 269, 271, 272, 274, 276, 277-78, 285, 288, 289, 296, 297, 300, 302, 305, 312, 313, 315, 318, 322, 326, 327, 332, 333, 337, 339, 340, 341, 342, 343, 344, 347, 348-49, 35°, 354, 356, 358, 361, 362. IV, 2, 4, 7, 8-9, 12, 13, 14, 16, 18, 19, 20, 22, 23, 24, 25, 27, 29, 31, 32, 33, 35, 36, 39, 4b 42, 44, 5b 52, 54, 55, 56, 59, 6o, 61, 62, 63, 65, 66, 67, 68, 70, 73, 74, 75, 76, 77, 78, 82, 85, 89, 90, 91, 92, 93, 94, 95-96,98, 100, 108, 110, 114, ”9, >21,122- 23, 125, 126, 127-45, ’46, 147, ’5b 152, ’54, ’55, ’57-58, ’59, ’60, 161, 162, 163, 164, 165, 167, 170, 171, 174, 175, 178, 182, 183, 186, 189, 190, 191, 193, 198, 199, 201, 202, 203, 205, 207, 208, 209, 213, 215, 216, 219, 225, 226, 228, 230, 233, 235, 236, 240, 242, 245, 247, 250, 251, 254, 255, 257-58, 259, 261, 262, 264, 269, 271, 272, 273, 274, 275> 277, 278, 280, 282, 283, 285, 286, 290, 294, 298, 299, 303, 306, 310, 313, 314, 315, 3’6, 3’7-’8, 3’9, 320, 32’, 323, 325, 326, 328, 338-40, 348. V, 20, 73, 94, 163, 224, 266, 268, 263-70, 273, 276-78, 273, 280, 281, 283-84,285,230-31,233,234,236-33,301,310, 3”, 321, 341, 344, 355, 356, 358, 36b 363, 370, 384, 387, 400,406,407,408-13,421,433, 438, 448, 449, 45 b 459-. 480, 46’, 465, 466, 474, 478, 480, 484, 485, 488, 495. VI, 4, 6, 9, 13, 21, 24, 27. Collin, Kaj Jonas (f. 1867), Søn af Edgar C., senere Arkivar IV, 26, 27. V, 378."
Collin,Louise,1813,1898,", Datter af Jonas C., g. 1840 m. W. Lind I, 28, 43, 72, 102, 104, 105, 106, 107, 109, 110, in, 112, 121, 124, 133, 138, 139, 144, 147, 149, 161, 167, 176, 181, 190, 197, 207, 215, 216, 220, 224, 226, 230, 232-33, 234, 236, 239, 241, 242, 243, 245, 248, 252, 253, 254, 257, 258, 261, 263, 264, 268, 273, 275, 276, 282, 286, 291, 294, 296, 298. V, 10, 27, 31, 38, 42, 52, 59, 63, 68, 72, 89. VI, 13. — Se endvidere Lind, Louise."
Collin,Louise,1839,1920,", Datter af Ed­ vard C., g. 1872 m. Viggo Drewsen I, 272, 275, 279> 28o, 286, 287, 294, 302, 307, 316, 3’7, 32O> 322> 323, 337- H, 12, 17, 22, 36, 46,48,94,177,178,190,194,213, 224,232, 234, 243, 250, 257, 258, 259, 262, 268, 270, 273, 275, 279, 282, 285, 286, 288, 292, 294, 297, 299, 300, 304, 305, 307, 310, 314-15, 316, 317, 318, 320, 321, 323, 328, 333, 334, 338, 34b 342, 345, 349, 357, 365, 37°, 375, 383, 385. III, 2, 3, 4, 6, 14, 19, 20, 21, 22, 23, 25, 28, 32, 36, 37, 39, 43, 46, 47, 48, 51, 55, 59, 60, 61, 62, 66, 70, 73, 74, 76, 79, 82, 83-84, 86, 87-88, 8g, 90, 93, 94, 96, 97, 98, 99, 101, 102, 104, 105-06, 108, 109, in, 113, 116, 119, 121, 122, 125, 127, 128, 130, 13b >32> >34, i353 ’S6, 138, 14°, Hb >43, ’44, 149, 15°, ’53, !54, '56, >59, l62, i65, 167, 169, 170, 172, 173, 174, 175, 176, 178, 183, 184, 185, 190, 194, 195, 197, 199, 208, 209, 210, 215, 217, 219, 221, 226, 227, 228, 229, 232, 235, 240, 244, 246, 249> 252, 257, 262, 265, 267, 274, 276, 277-78, 285, 289, 304, 310, 311, 313, 315, 318, 322, 326, 333, 342, 344, 347, 348, 354, 357, 358- IV, 2, 5, 7, 12, 18, 22, 23, 25, 27, 29, 31, 32, 33, 35, 39, 4», 42, 44, 5b 52> 56, 59, 60, 6b 62, 63, 65, 67, 70, 7 b 73, 74, 75, 78, 77, 78, 79-8°, 82, 85, 89, 91, 94, 95, 100, 108, no, 114, 118, 119, 123, 134, 138, 140, 143, 144, 147, i5b !53> !55> 158, 160, 163, 165, 167, 169, 171, 174, 175, 183, 186, 187, 189, 190, 191, 193, 194, 198, 199, 201, 205, 207, 208, 213, 216, 217, 218, 219-20, 222, 223, 224, 225, 226, 347, 348. V, 72, 244, 285, 290, 291, 293, 295, 298, 299, 347, 361, 379, 430-431. VI, 9, 2/, 27. — Se endvidere Drewsen, Louise."
Coppel,Clara,1851,1927,", Datter af S. C., senere g. m. Løjtnant i den russiske Garde- Marine Adrien v. Lavroff IV, 201. V, 435."
Cornet,"Francisca, f. Kiel",1808,1870,", tysk Operasangerinde, g. m. Julius C. I, 18, 25. V, 7- Cornet, Julius (1793—1860), tysk Opera­ sanger, senere Operadirektør i Hamburg og Wien I, 18. V, 7."
Cramer,Michael J.,1835,1898,", U. S. A.s Gesandt i Kbh., 1881 i Bern, Dr. phil., Teo­ log IV 223, 309, 311, 313. V, 442, 473, 474."
Danmark,"Alexandra, Prinsesse af —",1844,1925,", Datter af Christian IX af D., g. 1863 m. Prins Edward af Wales (Edward VII) III, 23, 118. V, 276, 301. — Se ogsaa Wales, Alexandra, Prinsesse af —. Danmark, Caroline Amalie, Prinsesse af —, f. Prinsesse af Augustenborg (1796—1881), g. 1815 m. Prins Christian (VIII) af D., Dronning 1839 I, 281. II, 13-15, 30, 117, 143, 180. III, 161. IV, 88, 317. V, 6, 76, 97, 122, 123, 130, 152, 154, 167, 187, 221, 275, 37^ Danmark, Caroline Mathilde, Dronning af —, f. Prinsesse af England (1751—1775), g. 1766 m. Kong Christian VII af D. III, 249, 250, 256. V, 340, 343. Danmark, Charlotte Frederikke, Prinsesse af —, f. Prinsesse af Mecklenburg-Schwerin (1784—1840), g. 1806 m. Prins Christian (VIII) af D., Ægteskabet opløst 1810 I, 211. V, 53."
Danmark,"Dagmar, Prinsesse af —",1847,1928,", Datter af Christian IX af D., g. 1866 m. Storfyrst Alexander Alexandrovic (Alex­ ander III) af Rusland III, 278, 310, 317, 3*8, 323, 35°- IV, 120. V, 347, 353, 354, 5^5, 366, 463."
Danmark,"Louise, Prinsesse af —, f. Prinsesse af Hessen",1817,1898,", g. 1842 m. Prins Christian af Glucksborg (Christian IX), Dronning 1863 III, 23, 359. IV, 7, 9, 17, 23, 88. V, 276, 288, 372, 373-74, 376, 377, 398, 4^3- Danmark, Louise (Lovisa), Kronprinsesse af —, f. Prinsesse af Sverrig-Norge (1851— 1926), g. 1869 m. Kronprins Frederik (VIII) af D. IV, 97, 110, 169, 232. V, 394, 395, 398, 463- — Se ogsaa Sverrig-Norge, Lovisa, Prinsesse af —. Danmark, Marie Sophie Frederikke, Dron­ ning af —, f. Prinsesse af Hessen-Kassel (1767—1852), g. 1790 m. Frederik VI af D. I, i, 93. II, 86, 180. V, 3, 22, 26, 187, 386, 469. Danmark, Sophie Amalie, Dronning af —, f. Prinsesse af Braunschweig-Lüneburg (1628—1685), g. m. Kong Frederik III af D. IV, 77."
Danmark,"Thyra, Prinsesse af —",1853,1933,", Datter af Christian IX af D., g. 1878 m. Hertug Ernst August af Cumber­ land IV, 110, 321. V, 374, 404. Dannemand, Frederikke, f. Andersen (Raf- sted) (1790—1862), Kong Frederik VI.s Mætresse I, 28, 83. V, 9."
Danneskiold-Samsøe,"Henriette, Grevinde, f. Komtesse Krag-Juel-Vind-Frijs",1848,1897,", Datter af C. E. Krag-Juel-Vind- Frijs, g. 1867 m. Christian Frederik D.-S. IV, 146. V, 306, 414. Dante Alighieri (1265—1321), italiensk Dig­ ter II, 386. V, 59-60, 427."
Decken,"Wilhelmine v. d., f. Brauns",1783,1858,", Enke efter Oberst i den engelsk­ tyske Legion Claus Benedikt v. d. D. II, 68, 80, 200. V, 140."
Delbanco,Georg Christian,1848,1911,", Søn af O. H. D., senere Sognepræst i Ka­ lundborg II, 224. V, 207."
Delbanco,"Pauline Antonie Augusta, f. Plätzer",1823,1904,", Datter af Joh. Chr. Plätzer, g. 1847 m. O. H. D. II, 224. V, 207. Delius, Ed., tysk Købmand i Malaga III, 85. V, 292."
Dichman,"Sophie Frederikke, f. Qyistgaard",1796,1847,", g. m. Toldinspektør i Svend­ borg, kar. Kaptajn F. C. D. II, 131. V, 161."
Dietrichson,"Mathilde, f. Bonnevie",1837,1921,", norsk Malerinde, g. 1862 m. L. D. IV, 105. V, 403—04."
Dirckinck-Holmfeld,"Selma Henriette, Fri- herreinde",1806,1845,", g. 1832 m. Over- førster, Kammerherre N. J. v. Jessen I, 16. v. 7- Ditzel, Chr. Andr. (1805—1893), Distrikts­ læge i Hammel, Kancelliraad III, 138, 139, 197, 202, 207. IV, 69. V, 303."
Drewsen,Adolph,1803,1885,", Auditør ved Søkadetkorpset, 1832 Assessor i Kbh.s Po­ litiret, 1845 i Kriminal- og Politiretten, 1847 Justitiarius sst., 1846 Justitsraad, 1852 Etatsraad, 1869 Konferensraad I, 28, 72, 84, 108, 112, 114, 121, 124, 138, 144, 147, 215, 235, 243, 252, 254, 276, 281, 282, 294, 297, 341. II, 33, 199, 218, 221, 224, 241, 242, 245, 246, 252, 277, 278, 280, 298, 306, 316, 320, 321, 329, 333, 334, 338, 349, 364, 365, 375, 376, 394- IH, 4, >6, 26, 28, 33, 67, 70, 80, 124, 142, 150, 154, 156, 164, 190, 209, 226, 227, 240, 250, 252, 256, 258, 274, 279, 285, 289, 300, 304, 312, 327, 343. IV, 3, 5, 18, 24, 25, 66, 82, 109, 133, 174, 184, 194, 198, 201, 208, 211, 212, 216, 218, 221, 236, 242, 249, 256, 259, 274, 276, 292, 294, 297, 317, 319, 320. V, 5, 10, 22, 28, 31, 64, 70, 72, 75, 76, 98, 105, 119, 181, 203, 203, 221, 283, 283-30, 298, 303, 305, 311, 312, 346, 377, 383, 336, 337, 434, 455, 467, 468, 471, 477, 478-73. VI, 18. Drewsen, Amalie (Malle), f. Kümmel (1808 —1863), g. 1830 m. Michael D. II, 196, 197, 246, 250. III, 139. V, 195, 212, 274, 3°^ Drewsen, Anna Christine Dorothea, f. Lassen (1777—1852), Enke efter Papirmager Chri­ stian D., Strandmøllen I, 125. V, 31."
Drewsen,"Emmy, f. Richter",1800,1880,", g. 1828 m. J. C. D. II, 6. V, 119. Drewsen, Gerd (f. 1873), Datter af Viggo D., g. 1899 m. Rigsdagsstenograf C. G. Casse IV, 263, 264, 273, 276, 278, 283, 284, 290, 292, 294, 297, 298, 299, 302, 303, 305, 306, 326, 328. V, 456, 457, 461, 462, 485."
Drewsen,"Ingeborg, f. Collin",1804,1877,", Datter af Jonas Collin, g. 1826 m. Adolph D. I, 2, 28, 72, 107-08, 109, 110, in, 114, 121, 124, 138, 144, 147, 176, 181, 190, 197, 212, 215, 216, 217, 220, 224, 231, 235, 237, 242, 243, 248, 250, 252, 253, 254, 258, 268, 273, 275, 276, 281, 282, 283, 285, 290, 291, 294, 297, 299, 310, 316, 320, 324, 326, 329, 33 b 336> 343, 349- H, 7, 24, 25, 26, 29, 32, 33, 34, 35, 36, 52, 64, 71, 72, 77, 79, 83, 98, 103, 108, in, 112, 113, 114, 115, 137, 141, 149, 150, 151, 158, 166, 170, 172, 174, 176, 178, 189, 209-10, 217, 226, 230, 238, 243, 247, 251, 253, 254, 267, 268, 271, 275, 277, 279, 298, 299, 300, 301, 306, 316, 335, 338, 34b 345, 353, 354, 375, 393- HI, 9, 16, 22, 25, 26, 27, 30, 41, 57, 59, 60, 65-66, 67, 68, 70, 80, 87, 93, 138, 141, 145, 150-51, 162, 164, 166, 167, 169, 172, 174, 175, 184, 196, 197, 199, 200, 202, 205, 211, 222, 226, 240, 245, 256, 257-58, 259, 261, 262, 271, 276, 292, 303. IV, 3, 32, 35, 37, 41, 53, 65, 78, 79, 97, 109, ii7, i33, 164, 167, 193, 197, 199-200, 201, 202, 203, 204, 206, 207-08, 209, 213-15, 217, 221, 223, 226, 236, 238, 240, 242, 245, 248, 253, 254, 256, 262, 277, 279, 287, 294, 31 o, 317, 319, 320, 344. V, 3, 5, 10, 22, 72, 81, 90, 101, 142, 148, 130, 190, 213, 214, 286, 309, 311-12, 321, 386, 395, 404, 4i6> 420, 430-31, 434, 442, 453, 455> 461, 468, 474, 478, 481. VI, 3, 9, 18, 22."
Drewsen,Johanne,1831,1892,", Datter af Michael D., g. 1855 m. Kaptajn i Livgar­ den til Fods, senere Generalmajor Corne­ lius Krieger II, 196, 238. V, 195."
Drewsen,"Louise, f. Collin",1839,1920,", Dat­ ter af Edvard Collin, g. 1872 m. Viggo D. IV, 235, 236, 240, 242, 245, 247, 248, 249, 252-53, 254, 256, 260-61, 262, 264, 276, 278, 283, 284, 286, 290, 292, 294, 297, 298, 299, 3°2, 303, 305? 320, 321, 326, 328. V, 443, 456, 461, 462, 478. VI, 19. — Se ogsaa Collin, Louise."
Drewsen,Michael,1804,1874,", Søn af J. C. D., Papirfabrikant, Silkeborgs Grundlæg­ ger II, 196, 197, 239, 249, 312, 313. IV, 6-7, 12. V, 119,195, 212, 230, 234, 261, 274, 494- Drewsen, Pauline, f. Beutner (1828—1908), Datter af S. N. Beutner, g. 1854 m. Valde­ mar D. II, 300, 376. III, 350, 355. IV, 184. V, 230, 287, 428. VI, 18."
Drewsen,Viggo,1830,1888,", Søn af Adolph D., 1850 Student, cand. phil., 1859 Assi­ stent i Finansministeriet, 1870 Fuldmægtig sst., 1873 Kontorchef i »Livsforsikringsan­ stalten af 1871«, filosofisk Forfatter I, 94, 102, 106, m, 112, 114, 121, 124, 129, 144, 147, 148, 165-66, 177, 181, 190, 216, 227, 235, 242. II, 116, 210, 217-22, 224, 225, 227, 304, 346, 350. III, 42, 84, 87, 124, 134, 149, 150-51, 154, 156, 162, 164, 169, 174, 175-76, 177, 196, 229, 261, 312. IV, 106, 183, 217, 218, 219, 220, 221, 224, 235, 236, 242, 245, 247, 248-49, 250, 252-53, 267, 268, 269, 270, 274, 276, 278, 283, 284, 290, 294, 297, 298, 299, 303, 305, 306, 326, 344. V, 22, 35, 201, 202, 203-04, 203, 213, 279, 304, 309» 310-12, 313, 335-36, 443, 447, 449, 45 b 453) 46L 4$2> 47477) 478- VI, 18- 19, 21, 24."
Drouet,Henri,1829,1900,", Præfekt i Dijon, Konkyliolog IV, 55, 123. V, 297, 386-87, 407- Due, Alette Wilhelmine, f. Sibbern (1812— 1887), g. m. Fredrik D. IV, 105. V, 403- Due, Fredrik (1796—1873), svensk-norsk Gesandt i Wien, tidligere norsk Statsmini­ ster IV, 105. V, 403."
Dunlop,Agnes,1830,1908,", Selskabsdame paa Basnæs, g. 1863 m. Michael Rosing III, i39, '43- V, 306, 3°7- Duntzfelt, Birthe, f. Christmas (1797—1872), g. m. William Frederik D. III, 45. V, 282."
Eckardt,"Josephine, f. Thorberg",1839,1906,", Skuespillerinde ved Det kgl. Teater, g. 1863 m. L. E. III, 153, 186, 275, 302. V, 313, 346- Eckardt, L. (1829—1889), Skuespiller ved Det kgl. Teater II, 338. III, 65, 186, 190, 205-06, 312, 316, 326. IV, 88, 106, 164. V, 244, 286."
Eichmüller,Georg Vilhelm,1808,1849,", Sekondløjtnant ved 1. Reservejægerkorps II, 198. V, 195-96. Eisendecher, Caroline (Lina) v., f. Hartlaub (1821—1875), g. m. Wilhelm v. E. II, 39, 42, 122, 170-71. V, 132, 216."
Ellbrecht,Anthon Günther v.,1790,1857,", Kaptajnløjtnant i Søetaten, senere kar. Kommandør I, 167. V, 41. Ellbrecht, Christian Conrad v. (1827—^33)5 Søn af A. G. E. I, 167. V, 41."
Engelstoft,"Louise, f. Holm",1817,1898,", g. 1837 m. C. T. E. IV, 200. V, 435."
Falbe,Christian Frederik,1828,1896,", Søn af C. T. F., Premierløjtnant, 1853 Volontør i Udenrigsministeriet, 1856 Legationssekre­ tær i Wien, 1863 Ministerresident i Madrid og Lissabon, 1865 Gesandt i Wien, 1880 i London II, 246, 249. III, 189, 197, 199. IV, 40, 99, 101, 103, 105, 205. V, 212, 213, 325, 326, 381, 393, 401, 437."
Falbe,"Clara, f. Ipsen",1800,1877,", g. m. C. T. F. I, 153, 156. III, 170. V, 39, 318. Falbe, Ellen (Eline), f. Bech (1782—1857), g. m."
Herredsfoged,"Etatsraad C. A. F., Odense I, 269. V, 69. Falbe, Vigant",1826,1871,", Søn af C. T. F., Premierløjtnant i Søetaten, senere kar. Kaptajn II, 249. V, 213. Falkens tein, Arthur, Søn af Constantin F. III, 50. V, 283."
Falkenstein,Johann Paul v.,1801,1882,", Undervisningsminister i Sachsen, senere Premierminister, Dr. phil. II, 275> 386. V, 220, 257. Falls, Charles G., amerikansk Student III, 296. Falsen, Jørgine (Georgette) de, f. Rosen- krantz (1799—1869), Enke efter kar. Kon­ treadmiral J. C. de F. IV, 57, 58-59. V, 387."
Fenger,"Ida, f. Plockross",1827,1882,", g. 1846 m. C. E. F. II, 108. III, 254. V, 151, 342."
Fock,"Hedvig Charlotta Catharina, Friherre- inde, f. v. Saltza",1805,1875,", Datter af E. F. v. Saltza, Enke efter Friherre Henrik Vilh. F. II, 193. V, 193."
Fredstrup,"Josephine Amalie, f. Worre",1840,1917,", g. m. A. F. III, 185. V, 323."
Freund,"Amalie Elisabeth, f. v. Würden",1807,1866,", Enke efter Billedhugger H. E. F. III, 10. V, 271. Freund, Christian, Maskinfabrikant (Mecha- nicus) i Berlin I, 79."
Frijs,"Thyra Krag-Juel-Vind-, Lensgrevinde, f. Haffner",1821,1881,", g. 1847 m. C. E. F. III, 137, 139, 193, 195, 198, 200, 208-09, 211, 212, 261, 316. IV, 28, 33, 38, 47, 121, 146, 310-11, 344. V, 305,306,480, 481."
Fürst,Olivia,1831,1888,", Søster til Th. C. F., g. 1856 m. Fabrikant Joh. Chr. Drew- sen, Silkeborg II, 246. V, 212."
Gade,"Mathilde, f. Stæger",1833,1915,", g. 1857 m. Niels W. G. IV, 193. V, 329. — Se ogsaa Stæger, Mathilde."
Gade,Niels W.,1817,1890,", Komponist II, 51, 55, 61, 74, 204, 206, 211, 214, 250, 287. III, 97, 158, 162, 255, 261, 262. IV, 193, 255, 278. V, 105, 137, 199, 225, 227, 314, 329> 342, 379, 397, 428, 481- Gade, Sophie, f. Hartmann (1831—1855), Datter af J. P. E. Hartmann, g. 1852 m. Niels W. G. II, 250. — Se ogsaa Hartmann, Sophie."
Goethe,Johann Wolfgang v.,1749,1832,", tysk Digter I, 178, 239, 308. II, 3, 4, 53, 54, 56, 62, 63, 65, 208, 221, 275, 276, 277, 282- 83, 289. III, 54, 266, 280, 345. V, 118, 127, 138, 139, 147, 151, 214, 221, 222-23, 22$« Goethe, Walther v. (1818—1885), Sønnesøn afj. W. G., Komponist. II, 276, 277. V, 221."
Gotschalk,"Johanne, f. Rosing",1827,1900,", g. m. J. K. G. III, 143. V, 307."
Gravenhorst-Lövenstjerne,Robert,1840,1894,", Søn af A. H. G. (-L.), svensk Pre­ mierløjtnant i Flaaden, senere Godsejer og Kammerherre IV, 135. V, 410. Grégoire, Ernest, tidligere Lærer ved Collège Stanislas, Paris, Oversætter af A.s Eventyr IV, 266, 272-73, 277, 328. V, 445, 458, 460, 462, 485. Gregor XVI, Pave (1765—1846) I, 210, 308. V; 53, 89."
Grossmann,"Badelæge i Ems IV, 57, 58. Groth, E. P. C. M.",1821,1867,", Kaptajn­ løjtnant i Søetaten III, 133, 139. V, 230, 304. VI, 18. Groth, Magdalene (Magda), (1856—1928), Datter af E. P. C. M. G., g. 1874 m. Fred­ rik Nielsen IV, 210. VI, 18. Groth, Margrethe, f. Boye (1827— Datter af C. J. Boye, g. 1845 m. E. P. C. M. G. II, 300. IV, 175, 210. V, 230, 304, 423. VI, 18."
Grubbe,Marie,1643,1718,", g. i° 1660 m. Grev Ulrik Frederik Gyldenløve, 20 m. Palle Dyre til Nørbygaard, 30 m. Lade­ foged Søren Sørensen Møller IV, 78. V, 394- Grundtvig, N. F. S. (1783—1872), Præst og Digter II, 87, 261. III, 23, 321. IV, 7, 9, 43, 237. V, 27, 74, 120, 145, 217, 233, 275, 344, 371-72, 4’5- Grützmacher, Friederich (1832—1903), tysk Violoncel-Virtuos og Komponist IV, 205. v, 436-37- Grækenland, Amalie, Dronning af —, f. Prin­ sesse af Oldenburg (1818—1875), g. m. Otto I af G. I, 312. V, 92."
Grøn,"Ada, f. Courtois",1830,1917,", g. 1852 m. L. J. G. IV, 6. V, 370. Grøn, L. J. (1827—Grosserer IV, 6, «5- V, 370."
Giildencrone,"Emma, Baronesse",1805,1886,", g. 1836 m. Sognepræst til Beder og Malling N. C. Weisner I, 34. V, 12."
Gyllembourg-Ehrensvärd,"Thomasine, f.Bunt- zen",1773,1856,", Forfatterinde, g. i° 1790 m. P. A. Heiberg, 20 1801 m. Baron C. F. G.-E. III, 231. V, 210, 356, 358, 415. Gynther, Frederikke, Husjomfru hos C. J. Boye II, 237. V, 211."
Hallager,Thora,1821,1884,", Fotograf, A.s Værtinde 1866—69 i Lille Kongensgade Nr. 1 og 1871—73 i Nyhavn Nr. 18 III, 323, 33 b 340, 34b 344, 345, 35 b 353, 355, 356. IV, 8, 22, 24, 31, 42, 55-56, 65, 70, 75, 90, 119, 129, 149, 170, 179, 180-81, 182, 192, 193, 218, 225, 262, 263. V, 356, 362, 382, 391, 408, 426, 427, 431, 443, 452, 454, 457- Halle, Louise v. (1830—1912), g. 1850 m. Henrik Hertz II, 186, 199. V, 190. — Se endvidere Hertz, Louise. Hambro & Søn, Bankierfirma i Kbh. I, 176, 194. II, 51, 127."
Hambro,"Carl Joachim, Baron",1807,1877,", Søn af Joseph H., Bankier i London II, 144, 146-47, 154, 156-57, 158, 368. V, 167, 168, 169, 172, 173-74’ '75’ 245."
Hanck,"Madseline, f. Iversen",1788,1851,", g. m. H. T. H. II, 98. V, 149, 258. Hanfstängl, Erwin, tysk Fotograf i Paris, se­ nere i Stuttgart III, 118. V, 301."
Hartmann,"Bolette, f. Puggaard",1844,1929,", Datter af Rudolph Puggaard, g. 1864 m. Emil H. IV, 241, 308. V, 448. — Se ogsaa Puggaard, Bolette. Hartmann, Carl (1818—ca. 1857), tysk Maler og Raderer II, 139. V, 163, Hartmann, Carl (1837—1901), Søn afj. P. E. H., Billedhugger III, 257. V, 343."
Hartmann,Emil,1836,1898,", Søn af J. P. E. H., Komponist III, 143. IV, 230, 241, 308. V, 445, 448."
Hartmann,"Emma, f. Zinn",1807,1851,", Komponist (Fr. Palmer), g. 1829 m. J. P. E. H. II, 25, 39, 56, 73, 123, 134, 136. V, 91, 131, 202, 227. VI, 12. Hartmann, Frederik (Frits) (1843—1908), Søn afj. P. E. H., cand. jur., senere Over­ retssagfører IV, 56. V, 387."
Hartmann,"Helene, f. Schneeberger",1845,1898,", tysk Skuespillerinde IV, 103. V, 402- °3- Hartmann, J. P. E. (1805—1900), Kompo­ nist I, 18, 21, 62, 63, 72, 90, 93, 176-77, 287, 290, 291, 297, 309, 335. II, 20, 25, 39, 44, 56, 58, 73, 75, 79, 83, 91, 113, 123, 127, 134, 136, 142, 149, 158, 163-64, 185, 192, 201, 206, 214, 224, 250, 262, 280, 330, 371, 392, 394- IH, 30, 59, 80, 97, 137, ^39, H3, 144, 155, 167, 176, 232, 237, 241, 256, 257, 266, 269, 270, 326, 344. IV, 2, 7, 116, 193, 195, 238, 262, 278, 281, 284, 285. V, 7, 79, 81,91, 105, 108, 109,124, 131,144,170, 201, 213, 222, 242, 23g, 260, 299, 304, 306, 307, 3H. 3'7, 322, 336, 338, 343. 344, 352, 387, 397, 393, 402, 405, 433, 434, 445, 4^3, 4^, 467, 481. VI, 20, 40."
Hartmann,Moritz,1821,1872,", østrigsk Journalist og politisk Digter II, 318. V, 236-37- Hartmann, Sophie (1831—1855), Datter af J. P. E. H., g. 1852 m. Niels W. Gade II, 204, 205-06, 211, 214. V, 199. — Se end­ videre Gade, Sophie."
Hartmann,"Thora, f. Jacobsen",1807,1889,", g. 1855 m. J. P. E. H. II, 394. III, 143, 237. IV, 281. V, 260."
Hauch,Adam G. 0.,1836,1914,", Søn af C. H., cand. philol., senere Skolebestyrer i Kbh. og Rektor i Roskilde IV, 80, 117-18. v, 395- Hauch, Albertine Louise (1839—1844), Dat­ ter af C. H. I, 275. V, 74."
Hauch,Carsten,1790,1872,", Digter, Lek­ tor i Naturvidenskaberne ved Sorø Akade­ mi, 1846 Professor i nordiske Sprog i Kiel, 1851 i Æstetik i Kbh., 1858—59 Medlem af Det kgl. Teaters Direktion I, 29, 101, 103, 225, 239, 242-43, 267, 268, 273, 274, 275, 345- H, 24, 56, 57-58, 64, 71, 74, 77, 78, 80, 202, 229, 33O. III, 93, 32I, 328. IV, 74, 75, 77, 78, 80, 166, 168, 220, 221-22. V, 10, 18, 24-25, 58, 62, 73, 108, 135-36, 140-41, 142, 198, 209, 242, 265, 312, 336, 397, 39Ö, 4^ 426-27, 440-41, 493. Hauch, Frederikke (Renna), f. Brun Juul (1811—1896), g. 1829 m- C. H. I, 243. IV, 168."
Hauch,Marie,1834,1915,", Datter af G. H., g. 1858 m. cand. theol., senere Biskop T. Skat Rørdam I, 243. V, 63."
Hecksher,"Ida, f. Bang",1813,1891,", Datter af Cl. Ghr. Bang, g. 1837 m- Skibsmægler, Vicekonsul L. A. H. II, 233. V, 210, 414. — Se ogsaa Bang, Ida."
Heiberg,"Johanne Luise, f. Pätges",1812,1890,", Skuespillerinde ved Det kgl. Teater, g. 1831 m. Johan Ludvig H. I, 94, 190, 215, 287, 302-03, 333, 340. II, 43, 49, 158, 279, 3’7, 352-53, 389- HI, 10, 34, 153, 176, 274, 302. IV, 162-63, 223. V, 79, 80, 84, 89, 102, 105, 121, 133, 236, 258, 271, 278, 287, 320, 350, 397, 398, 4*5, 4‘9> 493- — Se ogsaa Pätges, Johanne Luise."
Kapelmusikus,"Komponist I, 346. V, 95, 109, 232, 289. Hempel, Søren",1775,1844,", Boghandler i Odense, Udgiver af »Fyns Stifts Adresse­ avis« I, 234. V, 61. Henckhusen, Rejsende fra Libau I, 33-34, 49. Hengel, W. P. van, hollandsk Købmand III, 255> 347> 352. V, 342."
Herbst,"Anna, f. Rasch",1746,1835,", g. 1770 m. A. T. H. III, 226. V, 335."
Hertel,Jacob Samuel,1792,1867,", reside­ rende Kapellan i Kolding, senere Sogne­ præst til Eltang-Vilstrup og Provst I, 27. v, 9- Hertz, Henrik (1798—1870), Digter I, 144, 146, 184, 186, 191, 197, 198, 200, 205, 209, 211, 212-14, 225, 267-68, 306, 325. II, 10, 138, 158, 186, 199, 271, 322, 353, 359. III, 93, !39, Hb J42, 266, 321. IV, 130, 144, 145. V, 18, 36, 37, 49, 51, 56, 58, 69, 85, 88, 90-91, 98, 99, 102, 106, 163, 167, 175, 196, 219, 251, 292, 406, 408, 413, 416, 423, 492- Hertz, Louise, f. v. Halle (1830—1912), g. 1850 m. Henrik H. IV, 144, 145. V, 413. — Se ogsaa Halle, Louise v."
Hoffmeyer,Cordulus Henrik Emil,1832,1898,", exam, juris, 1859 konst. Byfoged og Byskriver samt Sandflugtskommissær i Ska­ gen, 1866 Prokurator i Faaborg II, 319, 321. V, 237, Hofman (Bang), Charlotte, f. Malling (1786 —1879), g. m. Niels H. (B.) I, 38, 39. V, 12. Hofman (Bang), Christiane (1806—1837), Datter af Niels H. (B.) I, 38, 40. V, 12. Hofman (Bang), Louise Nicoline (1811— 1884), Datter af Niels H. (B.) I, 38, 40, 105. V, 12, 25. Hofman (Bang), Niels (1776—1855), Bota­ niker og Agronom, Besidder af Hofmans­ gave I, 30, 31, 38, 40. V, 10. Hofman Bang, Niels Erik (1803—1886), Søn af Niels H. (B.), Landøkonom, 1855 Be­ sidder af Hofmansgave, Etatsraad IV, 6. V, 13, 37°- Hofman Bang, Peter Ulrik Louische (1814— 1873), Søn af Niels H. (B.), Direktør for de kgl. Schæferier i Sverrig III, 225. V, 334."
Hohlenberg,"Birgitte, f. Malling",1800,1886,", Enke efter Chef for Frederiksnagor J. S. H. IV, 77. V, 393. Hohlenberg, Christiane (Christy) (1829— 1897), Datter af Birgitte H., g. 1852 m. Emil Hornemann II, 225, 227. V, 199. VI, 27. — Se endvidere Hornemann, Chri­ stiane."
Holck-Winterfeldt,"Christiane, Grevinde, f. Komtesse Danneskiold-Samsøe",1809,1873,", Datter af Henriette D.-S., g. m. Gustav Chr. H.-W. I, 281. V, 76."
Holmblad,Therese,1847,1923,", Datter af L. P. H., g. 1870 m. Robert Gravenhorst- Lövenstjerne IV, 135. V, 410."
Holst,"Amalia, f. Holm",1815,1894,", g. 1836 m. H. P. H. I, 293. V, 82, 100."
Holst,H. P.,1811,1893,", Digter I, 205, 285- 86, 292, 293, 294, 295, 296, 297, 298, 299, 304,305» 313> 328,330, 332, 334, 348. II, 2, 9, 10, 34, 49, 58,64, 70, 76, 79,87, 113, 143, 364, 365, 367. III, 85, 170, 182, 221, 271, 321. IV, 85-86, 104, 118, 131, 139, 152, 170, 220, 221, 281. V, 46, 48, 62, 82, 87-88, 91, 100, 102, 115, 117, 120, 121, 129, 134, 142, i43, >45, 249, 252, 271, 312, 317, 325, 333, 336, 345, 346, 356, 364, 397, 4°5, 4°6, 4^, 440, 466, 495. VI, 5, 6."
Holstein,"Bodild, Komtesse",1852,1927,", Dat­ ter af Ludvig H.-H., g. 1873 m. Friherre Conrad v. Donner, Altona II, 268. IV, 1, 4, 43. V, 218."
Holstein-Holsteinborg,"Christian Christoph, Greve",1856,1924,", Søn af Ludvig H.-H., 1892 Lensgreve og Besidder af Grevskabet Holsteinborg, Politiker III, 229. IV, 93. v, 336. Holstein, Elisabeth (Else), Komtesse (1859— 1935), Datter af Ludvig H.-H., g. 1879 m. cand. jur. God tfred Bruun de Neergaard III, 356. V, 365."
Holsten-Charisius,"Magdalene, Baronesse, f. Friccius v. Schilden",1799,1846,", g. m. A. C. H.-C. I, 284. V, 77."
Hornemann,Charlotte Oline,1812,1859,", Datter af J. W. H., g. 1839 m. Læge Jørgen Peter Blicher I, 215. V, 38, 55. VI, 17. Hornemann, Christiane (Christy), f. Hohlen- berg (1829—1897), Datter af Birgitte Hoh- lenberg, g. 1852 m. Emil H. II, 228. IV, 25- V, 377, 393,481. VI, 17. — Se ogsaa Hohlenberg, Christiane."
Hornemann,Emil,1810,1890,", Søn af J. W. H., 1827 Student, 1834 cand. med., 1839 Dr. med., praktiserende Læge i Kbh. fra 1841, 1853 tit. Professor, Hygiejniker 1,85,105,125,149,193,209,215,227,236, 239, 248-49, 250, 255, 257, 259, 267, 270, 295, 317, 323-24, 33°, 337, 338- II, 22, 23, 24, 26, 28-29, 39, 134, 154, 166, 179, 201, 206, 225, 227, 228, 243, 247, 250, 345. III, 77, 244, 254, 310. IV, 25, 36, 74, 80, 154- 55, 235, 236, 238, 240, 244, 245, 258, 261, 271, 275, 278-79, 285, 304, 306, 308,309, 311-12, 314, 317, 326. V, 21, 38, 55,94, 125, 126, 163, 199, 207, 211, 284, 288, 323, 377, 392, 432, 44 b 444, 447, 45$, 460, 463, 484. VI, 17."
Hornemann,Marie,1823,1853,", Datter af J. W. H., g. 1846 m. Professor i Botanik Fr. M. Liebmann I, 263, 294, 316. II, 26, 241. V, 38, 68, 211, 441, 492. VI, 17."
Hornemann,Wilken,1816,1892,", Søn af J. W. H., 1834 Student, 1841 cand. med., 1846 Underlæge i Søetaten, 1863 Overlæge, 1867 Korpslæge, 1880 fungerende Stabs­ læge I, 294, 295. IV, 180, 183-84, 219. V, 38, 323, 426. VI, 17."
Howitt,"Mary, f. Botham",1799,1888,", en­ gelsk Forfatterinde og Oversætterinde, g. m. William H. II, 16, 17, 18, 116, 117-18, 128- 29, ’32, 133, 146, 147-48. ’55- V, 123, 154, 157, 158, 163, 165, 167, 163, 170, 172, 391- Howitt, William (1795—1879), engelsk Dig­ ter II, 128-29, 132, 133, 155. V, 123, 158, 167."
Hultmann,"Bertine Vilhelmine, f. Branserud",1825,1903,", g. 1858 m. Fritz H. III, 316. v, 354- Hultmann, Fritz (1820—1894), Skuespiller ved Det kgl. Teater III, 175, 261, 316. V, 313, 3*9- Humboldt, Alexander v. (1769—1859), tysk Naturforsker, Kammerherre hos Kong Friedrich Wilhelm IV af Preussen II, 5, 19, 42, 45, 283, 341, 346. V, 118, 132, 133, 246, 248."
Hänschell,"Augusta, f. Besthorn",1830,1909,", Enke efter Sognepræst til Christians- sted Hother H. III, 83. IV, 120, 169, 180, 226. V, 231, 337, 421. Hänschell, Helga, Adoptivdatter af Augusta H., senere g. m. Koffardikaptajn Warming III, 233, 235-36. IV, 120, 180. V, 337."
Høedt,F. L.,1820,1885,", Søn af Marie H., Skuespiller, Sceneinstruktør og Forfatter, 1859 tit. Professor I, 343. II, 222. III, 10, 238. IV, 40, 104. V, 206, 227, 228, 271, 2^2, 320, 325, 337, 381, 397, 398, 400, 409, 494- Høedt, Marie, f. Hansen (1795—1887), Enke efter Marskandiser C. O. H. IV, 97. V, 400."
Ingeborg,"se Drewsen Ingeborg. Ingemann, B. S.",1789,1862,", Søn af Søren L, Digter, Lektor ved Sorø Akademi I, 37, 41, 71, 100, 169, 209, 221, 242, 267, 274, 276, 308. II, 231, 268, 270, 290-91, 292, 307, 309, 3io, 323» 326, 341, 391, 392. III, 42, 54» 58, 59» 60, 65, 93, 133, 173, 178,200- 01, 321. IV, 8, 30. V, 24, 29, 30, 32, 37, 4^-43^ 53» 62, 74, 89, 96, 107, 128, 136, 172- 73, 185, 194, 197, 210, 227, 228, 233, 238, 249, 266, 277, 280, 281, 286, 304, 320, 327, 329» 335» 359- VI, 14, 40."
Ingemann,"Lucie, f. Mandix",1792,1868,", g. m. B. S. I. I, 100, 242, 275. II, 292, 310, 323, 391. III, 60, 133, 173, 177, 178, 210, 226, 353, 356. IV, 2, 8, 10, 30. V, 232, 290, 3°4, 3*9» 320, 351, 365, 378."
Isberg,S. W.,1820,1895,", Bogholder hos Grosserer O. B. Suhr, senere Chef for Han­ delshuset J. P. Suhr & Søn, Etatsraad IV, 271-72. V, 460."
Iversen,Chr. H.,1748,1827,", Bogtrykker i Odense, Udgiver af »Fyens Avis« I, 32, 34. V,5- Iversen, Kirstine Marie, f. Nielsen (1767— 1837), Enke efter Chr. H. I. I, 7, 17, 23, 32, 46, 64, 179, 248, 249, 258. V, 5, 48, 61, 62, 65."
Jerichau,Jens Adolf,1816,1883,", Billed- hugger II, 93-94, 95, 180, 248, 277, 317, 335. Ill, 142, 275, 324. IV, 16, 53, 314, 345- V, 147, 186, 236, 271, 346, 386, 397, 45^-59- Jerichau, Marie (1850—1893), Datter af J. A. J. IV, 10, 314. V, 374. Jerichau, Sophie (f. 1859), Datter af J. A. J., g. 1878 m. senere Stamhusbesidder Chr. Fr. Emil v. Holstein-Rathlou IV, 238. V, 447."
Jerichau-Baumann,"Elisabeth, f. Baumann",1819,1881,", Malerinde, g. 1846 m.J. A. Jerichau II, 94, 95, 248, 317. III, 10. IV, 6, 10, 16, 53, 102, 103, 151, 238, 314. V, 147, 386, 397, 398, 402, 415."
Jessen,"Caroline, f. Jessen",1804,1882,", g. m. Overførster, Kammerherre N. J. J., Ran­ ders III, 202. V, 329."
Jessen,J. G. v.,1817,1884,", Borgmester og Byfoged i Svendborg, 1859 i Horsens, s. A. Indenrigsminister i Ministeriet Rotwitt, Kammerherre II, 131. III, 287, 315, 348. V, 161, 185, 349."
Jessen,"Sophie Augusta v., f. Dichman",1825,1900,", Datter af Sophie Dichman, g. 1847 m.J. C. v. J. II, 131. V, 161."
Jürgensen,Sophie,1813,1882,", Søster til Fritz J., g. 1835 m. Løjtnant, cand. polyt. Chr. Nees I, 63. V, 17. — Se endvidere Nees, Sophie. Jürgensen, Sophie Henriette, f. Houriet (d. 1852, henved 72 Aar gi.), Søster til Jules Houriet, Enke efter Urban J. I, 159, 173, 174, »77- V, 39> 46- Jürgensen, Urban (1776—1830), Hofurmager II, 348. V, 46, 247."
Jøhnke,"Julie, f. Reitzel",1830,1905,", Datter af C. A. Reitzel, g. 1860 m. Løjtnant i Søetaten, senere Marineminister og kar. Viceadmiral Ferdinand J. IV, 262. V, 457."
Jørgensen,"Jakobine Oline Frederikke, f. Hoff",1827,,"> S- m- Læge i Silkeborg J. H. J., Husbestyrerinde hos Michael Drewsen, 1872 g. m. Lægej. Th. Leerbeck IV, 6-7, 12. V, 371. Jørgensen, Jørgen, Tjener hos Chr. Thyberg II, 186, 189, 248, 250. V, 190."
Kahrs,"Anna, f. de Neergaard",1835,1891,", Datter af Louise N., g. m. O. C. K. III, i93?"
Karup,W. I.,1829,1870,", Litterat, 1864 Forsikringsinspektør i Dresden II, 392-93. V, 2gg-6o, 4g4. Kauffeldt, W. H. Th., Kancellist i Central­ kassen for Hertugdømmet Slesvig i Flens­ borg III, 58. V, 284."
Kauffmann,Heinr. Aug. Theod.,1819,1905,", Generalmajor, Chef for Kongens Adjudantstab III, 278, 284, 289, 362. V, 347- Kauffmann, Mathilde, f. Fønss (1829— g. 1851 m. H. A. T. K. III, 362. V, 366."
Kaulbach,"Josephine v., f. Sutner",1810,1896,", g. m. Wilhelm v. K. II, 378. IV, 106. V, 243, 256."
Kierkegaard,Søren,1813,1855,", Filosof II, 60. III, 13, 169, 321. V, 137, 278, 317, 358, 382. Kierulff, Frøken, Datter af Kaptajn i Søeta­ ten A. C. K. II, 236. V, 210-11."
Kirstein,Edouard,1835,1899,", dansk Kon­ sul i Bordeaux III, 97, 101, 285, 289, 290- 9b 3O7> 332, 335, 338, 348. V, 295, 349. Kirstein, Gabrielle, f. Duch, g. m. E. K. III, 290, 335- V, 349. Kittler, R., Forlagsboghandler i Hamburg H, 36, 39. V, 130, 131."
Kneppelhout,Johannes,1814,1885,", hol­ landsk Forfatter II, 136. III, 251, 253, 260- 61, 266-67, 270, 271. IV, 55, 67, 181, 182, 342. V, 164, 341, 344, 345, 387, 427. Kneppelhout, Ursula Martha, f. van Braam, g. m. J. K. III, 266, 271. IV, 67. V, 345, 427- Knowles, James Sheridan (1784—1862), en- gelsk Skuespiller og Skuespilforfatter II, 221. V, 205."
Knudsen,"Susanne Elisabeth, f. Miller",1811,1902,", g. 1833 m. A. B. K. IV, 314. V, 476."
Koch,Henrik,1836,1903,", Søn af J. H. K., Løjtnant i Søetaten, 1873 Kaptajn, senere Viceadmiral III, 333. V, 360."
Koch,"Ida, f. Wulff",1806,1876,", Datter af P. F. Wulff, g. m. J. H. K. III, 345, 353. IV, 84, 103, 194, 262, 326. V, 28, 223, 331, 360, 362, 397, 434, 481. VI, 15."
Kofoed-Hansen,"Sophie Isabella Lætitia, f. Komtesse Moltke",1827,1898,", Datter af Adam Gottlob Moltke, g. 1851 m. H. P. K.-H. IV, 43. V, 382."
Krieger,Zarah,1843,1870,", Datter af Kap- tajnløjtnant i Søetaten Chr. K., g. 1868 m. Læge Peter Wilken Heiberg III, 139. V, 306."
Krüger,H. A.,1816,1881,", sønderjydsk Po­ litiker III, 248. V, 282, 340, 373. Krüger, Marie (Mary), f. Mertens (1824— 1891), g. m. Hotelejer Hermann K. IV, 173. V, 423."
Lange,Agnes,1841,1903,", Datter af H. V. L., Skuespillerinde ved Det kgl. Teater, g. 1868 m. J. L. Nyrop III, 153, 176, 285. IV, 58- V, 313,319-20, 325, 335, 388. — Se end- videre Nyrop, Agnes."
Lerche,"Cornelia, f. Tillisch, Lensgrevinde",1837,1904,", g. 1855 m. C. A. L."
Lind,Ingeborg,1841,1924,", Datter af W. L., g. 1874 m. Harald Drewsen II, 279. III, 25, 165. IV, 282. V, 222, 277, 316. VI, 19. — Se endvidere Drewsen, Ingeborg, f. Lind."
Lind,"Louise, f. Collin",1813,1898,", Datter af Jonas Collin, g. 1840 m. W. L. I, 308, 33L 334, 342, 349- H, 22, 24, 25, 27-28, 29, 33, 34, 39, 40, 52, 64, 91, 103, 108, 135, 141, 147, H9, !5O, 15L J94, !95, J99, 212, 244, 27L 279, 333, 338, 342, 353, 357, 375- ni, 16, 24, 25, 28, 60, 93, 138, 165, 168, 195, 245, 261, 262, 271, 289, 300, 303, 310, 322. IV, 53, 68, 83, 109, 212, 238, 245, 262, 317, 320, 344. V, 83, 101, 194, 222, 294, 311, 321, 379, 404, 434. VI, 6, 19, 22. — Se ogsaa Collin, Louise."
Liunge,A. P.,1798,1879,", Litterat, Udgi­ ver af »Kjøbenhavnsposten« I, 138, 156, 163, 165, 166, 197, 198, 200, 216. V, 3, 6, 35, 40, 48, 49, 126. Livingstone, Anna Mary (f. 1858), Datter af David L., senere g. m. Købmand, senere Missionær Wilson IV, 100, 224. V, 401."
Lobedanz,Edmund,1820,1882,", tysk­ dansk Forfatter og Oversætter II, 2. V, 1*5- Lobedanz, Theodor (1809—1889), Broder til E. L., Privatsekretær hos Grev C. Rant- zau-Breitenburg, senere Notar i Kelling­ husen II, 2. V, 115."
Lohmeyer,Charles Beckwith,1810,1874,", Sproglærer i Engelsk, Ingeniør, se­ nere Institutbestyrer, Oversætter af A.s Værker II, 128-29, 139, 146, 167, 168, 169, 173-74, 178, 181-82, 211. V, 138, 165, 181, 187. Lohmeyer, John Henry Beckwith, Broder til C. B. L., ansat hos Rich."
Lorck,Carl B.,1814,1905,", A.s Forlægger i Leipzig, 1856 dansk Generalkonsul sst. II, 63, 66-68, 69, 80, 94, 97, 98, 105, 109, 112, 114, 117, 118, 120, 122, 125, 126, 129, I3L ^2, HH2, i46, H8, J5L *54, J55, 160, 162, 163, 164, 180, 182, 188, 194, 211, 217, 224, 378-82, 384. IV, 95, 201. V, 138, 140, 143, 151, 154, 162, 176, 186, 188, 191, 207, 229, 256."
Lorck,J. H.,1810,1895,", Broder til C. B. L., Militærlæge, senere Distriktslæge paa Fanø og i Assens II, 23. V, 67, 126, 138."
Lund,"Axelline, f. Mørch",1836,1918,", For­ fatterinde, g. 1859 m. F. C. L. IV, 33, 35, 36, 39> 4‘, 59, 60, 73, 77, 80, 85, 89, 93, 106, 129-3O, I55, I59, 162, 184, 222, 251, 262, 315, 317- V, 377, 379, 30°, 4i7- Lund, Christian (1836—1894), Søn af Jens L., Fuldmægtig i Finansministeriet, senere Kontorchef IV, 294. V, 470. VI, 17."
Lund,O. C.,1829,1896,", Broder til C. C. F. L., Digter III, 105. V, 298, 381."
Lund,"Vahlia, f. Hornemann",1807,1890,", Datter af J. W. Hornemann, g. 1830 m. Jens L. III, 185, 293, 318. IV, 63, 64, 176, 294- V, 13, 38, 323, 414, 424, 441, 470. VI, 17."
Luther,Martin,1483,1546,", tysk Kirke­ reformator I, 77. II, 53. Lykke, Cai (d. ca. 1699), Adelsmand I, 223. v, 57' Lüth, A. H. F. (1806—1859), evangelisk Hof­ præst i Athen, Dr. phil. I, 313. V, 92."
Lüth,"Christiane, f. Fischer",1817,1900,", g. m. A. H. F. L. I, 313. V, 92."
Lüttichau,"Idalia, f. Dirckinck Friherreinde af Holmfeld",1808,1899,", g. m. H. H. L. I, 16. V, 7, 491."
Lytton,Edward Robert Bulwer-,1831,1891,", Søn af E. L., 1873 Baron, 1880 Jarl, engelsk Diplomat og Forfatter (Owen Meredith), 1863-64 Legationssekretær i Kbh., 1865 i Lissabon, 1868 iWien, senere Vicekonge i Indien III, 304, 329. IV, 100. V, 552, 401. Ly tzen, Andreas Christian (1813—1874), Læ­ rer i Thorshavn, Lagtingsmand IV, 311. v, 474- Lützow, Frk. v., Datter af Generalmajor Gotthard v. L. III, 150. V, 311."
Læssøe,Axel,1861,1916,", Søn af Thorald L., senere Assistent ved Kobberstiksamlin­ gen IV, 40. V, 381. Læssøe, Emmy (f. 1863), Datter af Thorald L., g. 1887 m. cand. jur., senere Dommer i Middelfart Karl Stephensen IV, 40. V, 38i> 475- Læssøe, Frederik (1811—1850), Søn af Niels Frederik L., Kaptajn af Generalstaben, 1850 Oberst II, 167. V, 94, 398."
Læssøe,"Signe, f. Abrahamson",1781,1870,", Søster til Joseph Abrahamson, Enke efter N. F. L. I, 84, 162-63, 166, 179, 181, 310, 341. II, 316. V, 21, 47, 52, 64, 76, 88, 97, i95> 23^ 39^ VI, 15."
Löwenstern,"Adelaide v., Friherreinde, f. Komtesse Schimmelmann",1796,1876,", g. m. G. H. L. II, 86, 93, 96. V, 144."
Manderstierna,Elisabeth,1821,1904,", Sø­ ster til Alexandra M. III, 116, 187, 205. IV, 120, 121. V, 300, 329. Manderstierna, Wilhelmine (Mimi) (1841 — 1921), Søster til Alexandra M., g. 1872 m. Kaptajn Paul Hermann v. Heyden III, 116, 187. IV, 120. V, 300, 406. Mangold, Alice Georgina, engelsk Forfatter­ inde af en Eventyrsamling II, 237, 250. V, 211."
Marstrand,Wilhelm,1810,1873,", Maler I, 295. II, 94. IV, 8, 16, 24, 36. V, 83, 283, 298» 373, 4’5- Martens, Matheus Friederich (1795—1879), fhv. Sekondløjtnant ved Dragonerne, Over­ toldbetjent i Faaborg, senere Toldkontrolør i Odense, Krigsassessor I, 60. V, 16."
Mathiesen,Haagen,1759,1842,", General­ krigskommissær, norsk Finansmand I, 214. v, 55- Meier, Emma (1829—1890), Skuespillerinde ved Det kgl. Teater, senere i Provinsen, g. i° m. Skuespiller Frederik Sørensen, 20 1859 m. Teaterdirektør Th. Cortes II, 49. v, 134- Meinertz, John (1841—1867), Assistent IV, 7- V, 371."
Melchior,Anna,1853,1881,", Datter af M. G. M. IV, 75, 84, 160, 163, 179-80, 183, 191, 193, 220, 222. V, 393, 396, 421, 449- Melchior, Birgitte (f. 1858), Datter af Israel M., g. 1884 m. Grosserer Jacob Salomon IV, 247. V, 448."
Melchior,"Dorothea, f. Henriques",1823,1885,", Søster til Martin R. Henriques, g. 1846 m. M. G. M. III, 232, 261, 272, 279, 280, 284, 307, 343, 350, 355. IV, 7, 20, 26, 30, 39, 44, 61, 64, 66, 79, 81, 82, 83, 84, 100, 101, 108-09, IJ4? I2I> 130, 146? H7? J54? *59? 160, i62> i64? 167, 179, 185, 193, 196, 207-08, 217, 219, 221, 223, 230, 245, 258, 259, 263, 281, 293, 294, 299, 303, 306, 310, 311, 314, 316, 317, 320, 326, 344. V, 3^, 33$? 347? 360? 374? 377? 378, 381, 386, 389? 393? 394? 398, 402, 404, 408, 412, 414, 416, 419, 421, 424, 428, 433, 439, 440, 445, 453? 454, 457? 4^, 4^4? 469-70, 473, 474, 47Ö, 481, 484. VI, 30."
Melchior,Emil,1857,1881,", Søn af M. G. M., 1874 Student IV, 71, 73, 75, 315. V, 39 b ^4- Melchior, Harriet (1851—1917), Datter af M. G. M. IV, 160, 163, 179-80. V, 421,440, 475- Melchior, Henriette (Jette) (1813—1892), Sø­ ster til M. G. M. IV, 58, 260. V, 388."
Melchior,"Johanne, f. Melchior",1848,1911,", Datter af M. G. M., g. 1867 m. Israel M. IV, 160, 163, 164, 167, 318, 347. V, 418, 421."
Melchior,Louise,1849,1934,", Datter af M. G. M. IV, 191. V, 433, 449, 455, 464- Melchior, Moritz G. (1816—1884), Grosserer, 1873 Formand i Grosserersocietetet, senere Etatsraad III, 164, 250, 279, 338, 343, 344, 348. IV, 24, 26, 29, 30, 31-32, 39, 51, 58, 61, 64, 68, 71, 73, 75, 76, 78-79, 80, 84, 85, 88, 101, 103, 113, 115, 127, 152, 154, 157, 160, 165, 169, 170, 176, 179, 182, 184, 186, 188, 191, 193, 194, 197, 216, 217, 219, 222, 224, 243, 245, 249, 258, 259, 260, 261, 263, 271, 274, 292, 303, 308, 309, 315, 325, 328. V, 316, 341, 360, 361, 363, 365, 378, 379, 381,383, 388,393, 413-14, 418, 419, 424, 423, 428, 432, 433, 444, 445, 453, 454, 457, 458, 465, 467, 469, 472, 473, 478, 481, 483, 484. VI, 28, 39. Melchior, Moses (1825—!912)? Broder til M. G. M., Grosserer IV, 26, 27, 28, 29, 33, 34- 35? 37? 38-39? 50? 68, 76, 228. V, 365, 378, 379? 3fy, 388."
Michelsen,"Marie, f. Duntzfelt",1819,1871,", Datter af W. F. Duntzfelt, g. 1856 m. forhv. Marineminister, kar. Kontreadmiral O. W. M. III, 45. V, 282. Mickaelson & Bendicks, Bankierfirma i Stock­ holm II, 191. V, 192."
Molbech,C.,1783,1857,", Historiker, Sprog­ forsker og Litteraturhistoriker, 1830—42 Medlem af Det kgl. Teaters Direktion I, 49? 58, 61, 62, 63, 78, 93, 95, 97, 110, in, 118, 177, 205, 225, 234, 271. II, 97. III, 324, 328. IV, 196. V, 14, 16, 25, 27, 29, 39’4°, 45, 50, 5 L 58, ^°’6h $3, 71, 124, 148, 250, 357, 358."
Molbech,Chr. K. F.,1821,1888,", Søn af Chr. M., Digter og Oversætter IV, 60, 74. v, 99, 356, 358, 427- Moldenhawer, Maria, f. Brockhausen (1807— 1891), Enke efter Inspektør paa Det kgl. Biblioteks Læsesal, Justitsraad Carl Edvard M. IV, 253. V, 452."
Moltke,"Caroline, Lensgrevinde, f. v. d. Maase",1827,1886,", Datter af Olivia v. d. Maase, g. 1851 m. Frederik M. IV, 291, 308. V, 467, 472, 484. Moltke, Frederik (Fritz), Greve (1825— 1875), Søn af A. W. M., 1864 Lensgreve og Besidder af Grevskabet Bregentved, 1875 Udenrigsminister I, 327, 336. IV, 232, 284, 289, 291, 292-93. V, 98,^, 446, 466-67, 472, 484. Moltke, Julie (Lilly), Grevinde, f. Sehestedt Juul (1845—1899), Datter af Chr. Sehe­ stedt Juul, g. 1864 m. Otto M., 2° 1871 m. Grev Carl Rantzau til Frederikslund III, 184, 237. IV, 43. V, 323, 366, 382, 423- Moltke, Ludvig (1805—1872), cand. jur., Sekretær i Borgerrepræsentationen, Over­ sætter II, 271. V, 219, 288."
Moltke,"Marie, Komtesse",1815,1890,", Dat­ ter af Carl M. til Aagaard III, 173-V, 319. Moltke, Marie, Komtesse (1827—*889), Dat­ ter af A. W. M., g. 1852 m. Kommitteret i Domænedirektionen, senere Stiftamtmand over Sjællands Stift, Baron Christian Bille- Brahe I, 323. II, 2. V, 97, 98, 115."
Moltke,"Marie Elisabeth, Lensgrevinde, f. Komtesse Knuth",1791,1851,", g. m. A. W. M. I, 325, 351. V, 98."
Moltke-Hvitfeldt,"Elise, Grevinde, f. Kom­ tesse Razumovska",1811,1892,", g. 1828 m. A. G. M.-H. II, 241. III, 73, 113, 246. IV, 30. V, 211, 300, 330."
Moltke-Hvitfeldt,"Harald, Greve",1838,1878,", Søn af A. G. M.-H., senere Ritme- mester og Attaché ved Gesandtskabet i Pa­ ris II, 239. III, 278. V, 211, 347."
Moltke-Hvitfeldt,"Leon, Greve",1829,1896,", Søn af A. G. M.-H., 1860 Gesandt i Paris, 1876 Besidder af Stamhuset Moltkenborg II, 377, 394- HI, 92, 103, 119, 122, 134, 278, 279, 282, 285, 287. IV, 15-16, 142. V, 255, 294, 297, 300, 347, 412."
Munch,Laura,1845,1913,", Datter af Hi­ storikeren P. A. M., senere g. m. Læge Claus Larsen-Naur III, 69. V, 287."
Munck,Vilhelm,1833,1913,", Kateket ved den frie danske Menighed i Flensborg, se­ nere Sognepræst til Herlufsholm III, 143. V, 307. Munthe af Morgenstierne, Jacob v. (1788— 1859), Chargé d’Affaires i Haag II, 136. V, 164. Munthe af Morgenstierne, Otto Ludvig v. (1792—1848), Oberstløjtnant, Komman­ dør for 12. Liniebataillon II, 175. V, 184."
Müller,Otto,1807,1882,", Søn af P. E. M., Auditør, 1839 Overauditør, 1846 Overrets­ assessor, 1860 Højesteretsassessor I, 149, 150-55, 158, 161, 163, 165, 166, 171, 178, 179, 3°$- n> 34$ 349- HI, 150. V, 38, 88, 3i i- Müller, P. E. (1776—1834), Biskop over Sjæl­ lands Stift, Historiker I, 69, 138, 159, 176, 204. V, 27, 28, 29, 50."
Müller,Sigurd,1844,1918,", Søn af Ludv. Chr. M., stud, med., 1872 cand. mag. i Æstetik, 1886 Rektor i Kolding, Kunst­ historiker og Litteraturhistoriker IV, 40. V, 381- Müller, Svend (1849—1879), Søn af Ludv. Chr. M., senere cand. phil. og Lærer ved Efterslægtens Skole III, 348. V, 363."
Møller,"Eline, f. Bredsdorff",1806,1888,", Datter af M. Th. Bredsdorff, g. 1834 m. Chr. Edv. M. III, 153. V, 313. — Se ogsaa Bredsdorff, Eline."
Møller,L. R.,1809,1893,", Bogholder hos C. A. Reitzel III, 215, 251. IV, 108. V, 331, 404, 479- Møller, P. L. (1814—1865), Kritiker I, 302. H, 33, 37-38> 5Ö, 77, 106-07. HI, 123, 125, 231-32. V, 84, 98, 99, 122, 130, 131, 134, 137, 142, 151, 302, 336, 375, 495. VI, 10."
Neruda,Joseph,1807,1875,", Domorganist i Brünn IV, 99. V, 401. Neruda, Wilhelmine (Wilma) (1838—1911), Datter af Joseph N., Violinvirtuos, g. i° 1864 m. Ludvig Norman, 2° 1888 m. Diri­ genten og Pianisten Sir Charles Hallé III, 216. V, 332."
Nicolai,Otto,1810,1849,", tysk Komponist II, 258. V, 216. Nielsen, Anna, f. Brenøe (1803—*856), Skue­ spillerinde ved Det kgl. Teater, g. 1834 m. N. P. N. II, 43, 74, 75. V, 121, 133, 141. — Se ogsaa Wexschall, Anna."
Nielsen,Augusta,1822,1902,", Solodanser­ inde ved Det kgl. Teater, g. 1849 m. Told­ forvalter A. J. Afzelius I, 334. V, 102."
Nieuwenhuis,"Augusta, f. Nygaard",1818,1879,", g- m- C. J. N. N. III, 251. V, 341."
Nieuwenhuis,P. N.,1842,1924,", Søn af C. J. N. N., Sekondløjtnant i Artilleriet, senere Generalmajor III, 251. V, 341."
Niss,"Caroline Kirstine, f. Christensen",1849,1876,", g. 1872 m. Thorvald N. IV, 258. v, 454- Niss, Thorvald (1842—1905), Landskabsma­ ler IV, 258. V, 454. Nokken Carl Adam v., Friherre (1811— 1857), svensk Forfatter, senere Godsejer I, 5- V, 3-4."
Nyrop,"Agnes, f. Lange",1841,1903,", Datter af H. V. Lange, Skuespillerinde ved Det kgl. Teater, g. 1868 m.J. L. N. IV, 85, 104. V, 397. — Se ogsaa Lange, Agnes."
Oltmann,Caroline,1837,1900,", g. 1868 m. Chr. Tybjerg IV, 59. V, 388. — Se end­ videre Tybjerg, Caroline. O’Neill, Adelaide, f. Custance, g. m. Carlos O’N. 111,311,315. IV, 85. V, 353. O’Neill, Arthur (1852—1880), Søn af Jorge Torlades O’N. III, 299, 303, 307, 311. V, 351- O’Neill, Carlos (1820—1874), Søn af José Maria O’N., portugisisk Købmand i Setu- bal III, 303, 306, 311, 312, 313, 314, 315, 319, 320, 331. IV, 85, 100. V, 352. O’Neill, Carlos (1846—1917), Søn af Carlos O’N. III, 311, 314, 315, 320. IV, 85. O’Neill, Carlota Ignes, Datter af Joana O’N., senere g. m. Dr. Antonio Emilio de Så Brandäo III, 307. V, 352. O’Neill, Carolina Theresa, f. O’Neill (1822— 1894), Datter af Joana O’N., g. m. Jorge Torlades O’N. Ill, 299, 303, 305, 307, 311, 316, 332. V, 351. O’Neill, Joana, f. de Brito e Cunha III, 307. V, 353. O’Neill, Jorge (George) (1848—1925), Søn af Jorge Torlades O’N. Ill, 299, 303, 307, 311. V, 351. O’Neill, Jorge (George) Torlades (1817— 1890), Søn af José Maria O’N., portugisisk Købmand, dansk Generalkonsul i Lissabon III, 188-90, 207, 214-15, 225, 228, 234, 235, 237, 239, 243, 259, 291, 295, 298, 299, 300, 303, 304, 305, 306, 307, 309, 311, 312, 314, 319, 322, 325, 326, 330, 331, 333, 334, 352. IV, 342, 346. V, 323-24, 343, 350, 351, 352, 353, 355, 337. O’Neill, José Carlos (1816—1889), Søn af José Maria O’N., Partikulier III, 295, 303, 306, 315, 322, 325, 329, 331. V, 324, 350, 357> 358. O’Neill, José Maria, Chef for Handelshuset Torlades O’Neill, dansk Konsul i Lissabon III, 312. V, 324."
Oven,"Charlotte v., Baronesse, f. v. Hagen",1809,1891,", tidligere Skuespillerinde ved Berlins Hofteater, g. 1846 m. Godsejer, Ba­ ron Alexander v. O., Ægteskabet opløst 1851 II, 337-38. V, 244."
Paulli,R.,1846,1911,", cand. med., senere Dr. med. og Overlæge ved Diakonissestif­ telsen, tit. Professor IV, 215, 217. ^,439. Paulsen, J. A. (d. 1838, 64^2 Aar gi.), Bryg­ ger i Odense, Kirkeværge I, 104. V, 9, 25."
Pedersdatter,Gjertrud,,1829,", Stuepige hos J. Paludan-Müller I, 28. V, 9. VI, 39. Pedersen, Henriette (Jette), f. Boye (1821— 1895), Datter af C. J. Boye, g. 1843 m. Di­ striktslæge i Herning, senere Landfysikus paa St. Thomas og St. Jan Andreas Vil- helm P. II, 25, 315, 341, 345, 365,370, 375. HI, 22, 25, 28, 51, 52, 57, 59, 212, 231,275. IV, 151, 153, 177-78, 203, 216, 222-23. V, 127, 233, 336, 415. VI, 18. — Se ogsaa Boye, Henriette."
Petzholdt,Augusta,1801,1865,", Datter af J. J. P., g. 1833 m. Gottlieb Collin I, 46, 106, 107, 121, 125, 137, 144, 148, 150, 167, 189. V, 14, 41. VI, 15. — Se endvidere Collin, Augusta."
Phister,"Charlotte, f. Oehlenschlæger",1811,1835,", Datter af Adam Oehlenschlæger, g. 1832 m. Ludvig P. I, 167. V, 41. — Se ogsaa Oehlenschlæger, Charlotte. Phister, Charlotte (f. 1851), Datter af Ludvig P., senere g. m. Forpagter Nic. Andresen IV, 157. V, 418."
Platen-Hallermund,"Julius v., Rigsgreve",1816,1889,", 1862 Generalintendant ved Hof­ teatret i Dresden IV, 95. V, 211, 333. Platen-Hallermund, Wilhelmine v., Rigsgrev­ inde, f. v. Düring (1825—g- ^52 m. Julius P.-H. II, 241. V, 211."
Povelsen,Emma,1812,1841,", Datter af S. K. P., g. 1839 m. Overlærer J. P. C."
Preussen,"Elisabeth, Dronning af —, f. Prin­ sesse af Bayern",1801,1873,", Datter af Maximilian I af Bayern, g. m. Friedrich Wilhelm IV af P. II, 45, 71, 81. V, 133, 140, 143, 145. Preussen, Friedrich Wilhelm IV, Konge af — (i795—’861) II, 19, 20, 42, 45, 46, 47, 63, 69, 70, 137, 200. V, 82, I24, 132, 133, I34, I5b 275. Preussen, Maria, Prinsesse af —, f. Prinsesse afSachsen-Weimar-Eisenach (1808—1877), Datter af Carl Friedrich af Sachsen-Wei- mar-Eisenach, g. 1827 m. Prins Carl af P. II, 47- V, 133. Preussen, Wilhelm (I), Prins af — (1797— 1888), Broder til Friedrich Wilhelm IV af P., 1861 Konge, 1871 tysk Kejser II, 5. IV, 168, 172. V, 118, 134, 275, 371-72,427,450. Preusser, Gustav Ludwig, Konsul, Storkøb­ mand i Leipzig II, 65. V, 139. Price, Aage (f. 1869), Søn af Carl P. IV, 133. V, 409."
Price,"Rosa, f. Lewin",1809,1887,", Danser­ inde, g. m. Mimikeren James P. II, 203-04. V, 198-99- Price, Sophie (1833—1905), Søster til Juliette P., Danserinde ved Det kgl. Teater III, 184. V, 322, 452."
Påtges,Johanne Luise,1812,1890,", Søster til J. A. P., Skuespillerinde ved Det kgl. Teater, g. 1831 m. J. L. Heiberg I, 36, 40. — Se endvidere Heiberg, Johanne Luise."
Raasløff,Anna,1843,1907,", Datter af Val­ demar R., g. 1875 m. Præst for den tysk­ evangeliske Menighed i Cairo, senere Fürstl. Schwarzburgischer Generalsuperintendent og Hofpræst, Dr. theol. Arno Trautvetter IV, 66, 82, 85, 96, 205. V, 390, 400."
Raasløff,"Marie Anna, f. Smith",1815,1891,", g. 1842 m. Valdemar R. IV, 66, 82, 95, 200, 202, 203, 205, 206, 209, 212. V, 39°- Raasløff, Valdemar (1815—1883), Broder til Harald R., Generalmajor, 1866—70 Krigs­ minister, 1870 kar. Generalløjtnant IV, 60, 61, 68, 96, 201, 205. V, 390, 397, 464."
Racine,Jean,1639,1699,", fransk Digter I, 338- Radziwill, Mathilde, Fyrstinde, f. Prinsesse af Clary og Aldringen (1806—1896), g. m. Wilhelm R. II, 46-47. V, 133."
Radziwill,"Wilhelm, Fyrste",1797,1870,", preussisk Generalmajor II, 46-47. V, 133. Rafael Santi (1483—1520), italiensk Maler 1, n, 195-97- ni, 93,99. v, 48. Rahbek, Karen Margrethe (Kamma), f. He­ ger (1775—1829), g. m. K. L. R. IV, 72."
Rasch,"Marie, f. Holtum",1823,1905,", S- m- Hotelejer i Flensborg J. J. R. III, 3, 249. V, 266, 302."
Recke,"Caroline, f. Lumbye",1833,1901,", Datter af H. C. Lumbye, Enke efter For­ fatteren Adolph R., Skuespillerinde ved Folketeatret, g. 1870 m. Frederik Madsen IV, 118. V, 406."
Reitzel,C. A.,1789,1853,", Boghandler, A.s Forlægger I, n, 84, 90, 92, 93, 127, 130, 13b ’38, H0- ‘44> H6, 175, ’78, 179, >9b 198, 202, 2O6, 215, 220-22, 266-67, 328. II, 29, 41, 44, 51, 68, 155, 163, 164, 184, 185, 201, 203, 215, 230, 231, 232. V, 21, 57, 69, 140, 189, 209, 210, 331."
Reitzel,Carl,1833,1911,", Søn af C. A. R., Forlagsboghandler IV, 197, 246. V, 434, 457- Reitzel, Theodor (1828—1906), Søn af C. A. R., Boghandler, A.s Forlægger II, 230, 231, 232. 351» 366. III, 63, 71, 78, 93, 130, 131, *79> 247, 251, 252, 303. IV, 38, 82, 86, 92, IO7, IO8, III, I 12, I 14, I l8, I 19, 125, 131, 136, 144, 21 I, 228, 239, 245, 246. V, 209, 240, 285,340, 347, 348, 408, 419, 420, 431, 434, 444, 457, 464, 479, 48'- Renck, Catharine Marie Dorothee Pauline, f. Röseler (1821 —1899), g. m. D. A. R. II, 305, 386. V, 232, 258."
Riedell,Joh. Fr. Chr.,1830,1906,", Dr. med., 1856—62 Læge i Frederikshavn, der­ efter i Hertugdømmerne II, 318, 319. V, 237- Rieffel, Amalia (1820—1877), Datter af W. H. R., Pianistinde, senere g. m. Købmand Wege, Hamburg I, 282, 289. II, 35- V, 76, 130."
Roat,Christian,1788,1827,", Linedanser I, 45, V, 13. Roberedo, Elisabeth (Leila) de, Vicomtesse, f. Zahrtmann (1828—1897), Datter af Vice­ admiral C. C. Zahrtmann, Enke efter Vi­ comte Joaquino de R. III, 285, 294, 298, 330- V, 348."
Rochefoucauld,"Polydor de la, Greve",1801,1855,", fransk Gesandt i Weimar II, 53. V, 135- Rochefoucauld, Rosemonde de la, Grevinde, f. de Bussch (d. 1847), g. m. Polydor de la R. II, 53. V, 135."
Rochussen,W. F.,1832,1912,", Søn af J. J. R., hollandsk Ministerresident i Kbh."
Roed,"Emilie Mathilde, f. Kruse",1806,1894,", g. 1842 m. Jørgen R. IV, 237. V, 447- Roed, Holger (1846—1874), Søn af Jørgen R., Maler IV, 105. V, 403."
Rosenkilde,Julie,1823,1894,", Datter af C. N. R., Skuespillerinde ved Det kgl. Teater, g. 1849 m. Fabrikant C. H. Sødring II, 88. V, 145. — Se ogsaa Sødring, Julie."
Roth,"Hulda, f. Bockmühl",1825,,", Enke efter Købmand Richard R., Düsseldorf, se­ nere g. m. Georg Osterroth III, 123, 128, 130* V, 302. VI, 5p."
Roxburghe,"James Henry Robert, Hertug af —",1816,1879,", engelsk Generalløjtnant IV, 188. V, 429. Roxburghe, Susanna Stephania, Hertuginde af—, f. Dalbiac, g. 1836 m. J. H. R. R. IV, 188. V, 429."
Ruben,"Ida, f. Coppel",1845,1913,", Datter af S. Coppel, g. m. Grosserer Bernhard R. IV, 201. V, 435."
Rung,G. A.,1845,1903,", Søn af Henrik R., 1864 Student, 1867 Sekondløjtnant, 1872 ansat ved Det meteorologiske Institut, 1883 Underbestyrer sst. II, 89. IV, 212. V, 146, 439- Rung, Henrik (1807—1871), Komponist I, 351- n, 34,39, 44,50-51,55,57,61,271. V, 109, I IO, 120, 127, 128, 129, 134, 141, 2I9> 422, 439> 446- Rung, Pauline, f. Lichtenstein (1818—1890), Operasangerinde, g. 1841 m. Henrik R. II, 74, 75, 89. V, 141."
Rung,Sophie,1850,1929,", Datter af Hen­ rik R., Operasangerinde, g. 1877 m- cand. jur. C. E. T. Keller IV, 170. V, 422."
Rusland,"Alexander Alexandrovic, Storfyrst af —",1845,1894,", Søn af Alexander II, 1881 Kejser (Alexander III) III, 278, 318, 323- V, 347, 353. Rusland, Alexandra Feodorovna, Kejserinde af —, f. Prinsesse af Preussen (1798—1860), Datter af Kong Friedrich Wilhelm III af Preussen, g. m. Nikolaj I af R. II, 96. V, 148."
Ryge,Immanuel,1813,1891,", Søn af J. C. R., Distriktslæge i Tem, senere i Roskilde II, 197. V, 195."
Teater,"Dr. med. I, 36, 301, 303. V, 84, 95, >95- Ryge, Natalia",1816,1895,", Datter af J. C. R., Skuespillerinde ved Det kgl. Teater, g. i° 1848 m. Kaptajn, Grev Fr. Chr. Ahle- feldt-Laurvigen, 20 1853 m- Grev Valde­ mar Hoick I, 300-01, 303. II, 88. V, 84, 121, 145. — Se endvidere Hoick, Natalia."
Rørbye,"Sophie, f. Henne",1813,1896,", Dat­ ter af Johanne Clausine Henne, g. 1851 m. F. C. R. II, 319. V, 237."
Sachsen-Weimar-Eisenach,"Elisabeth, Prin­ sesse af —",1854,1908,", Datter af Carl Alexander af S.-W.-E., g. 1886 m. Hertug Johann Albrecht af Mecklenburg-Schwe­ rin II, 276. V, 220. Sachsen-Weimar-Eisenach, Maria Pavlovna, Storhertuginde af—, f. Storfyrstinde af Rus­ land (1786—1859), Datter af Paul I af Rusland, g. m. Carl Friedrich af S.-W.-E. II, 4, 54, 56> 63, 110, 115, 223, 276, 277. V, 118, 136, 220-21."
Salomonsen,"Frederikke, f. Abrahamson",1823,1896,", Søster til Therese Henriques, g. m. Generalkonsul Moritz S. III, 171. V, 318. Salomonsen, J. S., Klædehandler i Kbh. I, 160-61."
Saxtorph,Hans Christian,1813,1875,", Søn af Jacob S., Dr. med., Læge ved Børne- hospitalet, tit. Professor II, 273. V, 218, Saxtorph, Jacob (1771—1850), Rektor ved Odense Katedralskole, tit. Professor I, 234. V, 61, 218. Saxtorph, Maria (Mimi), f. Aagaard (1846— 1928), Datter af E. S."
Aagaard,"g. 1870 m. Matthias S. IV, 135. V, 410. Saxtorph, Matthias",1822,1900,", Overki­ rurg ved Frederiks Hospital, Professor IV, 135- V, 410- Scavenius, Henriette, f. Komtesse Moltke (1819—1898), Enke efter Godsejer J. B. S. til Basnæs II, 264-65, 267, 290, 310, 367, 388, 389, 395. III, 54, 58, 65, 67, 124, 137, 139-40, 143, 150, 156, 174, 178, 184, 185, 187, 188, 233, 237, 239, 246, 344, 346-47, 357-58, 362. IV, 2, 5, 29, 30, 33, 43, 75, 76, 77, 78, 82, 89, 94, 146, 153, 155, 176, 197-98, 218, 220, 224, 225, 293, 317, 322. V, 217, 233, 258, 260, 284, 285, 306, 323, 324, 362, 364, 382, 393, 416, 417, 431, 432, 443, 447, 481."
Scavenius,Otto,1849,1913,", Søn af Hen­ riette S., 1867 Student, 1867—1907 Besid­ der af Basnæs, Hippolog og Politiker III, 23 L 237, 346. IV, 29, 33, 43, 146, 220. V, 287, 336, 4^ 4i7, 435- Scavenius, Peder Brønnum (1795—1868), Be­ sidder af Gjorslev, Erikstrup, Søholm og Klintholm, Kammerherre III, 355-56. IV, 43- V, 364-65- Schalburg, Joh. Frederik (d. 1862), Indehaver af Postgaarden i Nyborg, Vinhandler, Kommerceraad I, 283. V, 77."
Scheel,Hanne Magdalene,1811,1870,", g. 1843 m. Godsforvalter J. P. E. Thiele I, 19, 21. V, 7."
Scheel-Plessen,"Augusta Aurora, Grevinde, f. Komtesse Lewenhaupt",1830,1902,", g. m. W. S.-P. III, 216. V, 332."
Scheele,L. N. v.,1796,1874,", Overpræsi­ dent i Altona, Politiker III, 145. V, 297, 309- Scheele, Ludvig v. (1833—19°3)? Søn af L. N. S., 2. Staldmester ved Staldetaten, Kammerjunker, 1869 Kammerherre III, 101. V, 297."
Schilden,"Sophie Magdalene v., f. Komtesse Rantzau-Breitenburg",1766,1849,", Sø­ ster til Conrad Rantzau-Breitenburg, g. m. Amtmand i Steinburg, Kammerherre Chr. Fr. Friccius v. S. I, 284. V, 77."
Schmettau,"Wilhelmine, Rigsgrevinde, f. Ste- mann",1780,1865,", Enke efter General­ løjtnant, Rigsgreve G. W. C. S., Dekanesse paa Vallø I, 351. V, 110. Schmid v."
Schneider,J. L.,1809,1870,", Skuespiller ved Det kgl. Teater I, 320-21. II, 60. V, 95, 137- Schnoor, D., Frøken, Pensionatsværtinde III, 240-41, 244, 245. V, 338. Scholtz Hermensdorff, Henry W. v. (d. 1893), dansk Konsul i Malaga III, 85. V, 292."
Schouw,"Susette, f. Dalgas",1798,1844,", Sø­ ster til Christine Stampe, g. m. J. F. S. I, 280. V, 75."
Schrøder,"Charlotte, f. Westenberg",1786,1868,", Enke efter Kaptajn, Regimentskvar­ termester ved Holstenske Infanteriregiment Fr. S., A.s Værtinde 1828—33 i St. Kon­ gensgade Nr. 33 I, 107, 115. V, 27, 29."
Schweigaard,"Caroline, f. Homann",1814,1870,", g. m. A. M. S. IV, 135, 136. V, 410."
Scudder,Horace,1838,1902,", amerikansk Børnebogsforfatter, Udgiver af »The River­ side Magazine« IV, 100, 115-16, 130. V, 401, 405, 416, 421, 473. Seat, W. H., Præst i Texas, U. S. A. IV, 85. V, 396."
Selchau,"Christiane Annette, f. v. Herbst",1805,1856,", Enke efter Godsejer J. C. S. til Selchausdal, senere g. m. Toldforvalter H. A."
Semb,"Stella, f. Boye",1824,1927,", Datter af M. A. Boye, g. 1851 m. Lars S. II, 278. IV, 174. V, 221-22, 429. — Se ogsaa Boye, Stella."
Serre,Friedrich Anton,1789,1863,", Major, Besidder af Maxen ved Pirna, Stifter af Schiller-Lotteriet II, 6, 220, 221, 252-53, 265, 270, 283, 289, 298, 303, 304, 305, 369, 372, 373, 374, 384- HI, 36, 40, 42, 43, 45, 50, 109, 113, 115, 117- V, 119, 129, 205, 213, 215-16, 223, 226, 232, 256, 257, 278, 299, 301- Serre, Friederike, f. Hammerdörfer (1800— 1872), g. m. F. A. S. II, 220, 251, 252, 253, 258, 264, 266, 273, 274, 279, 284, 289, 301, 303, 305, 3J2, 363, 373, 377, 383, 385, 386, 393. III, 2, 40, 42, 45, 46, 47, 50, 113, 117, 245, 246, 279, 327. IV, 91, 95, 97, 144’45, 201, 202, 204-05, 224. V, 205, 215-16, 220, 223, 226, 231, 299, 435, 443. VI, 40."
Sick,Julius,1815,1884,", Kancellist i det udenrigske Departement, Kammerjunker, senere Ministerresident i Brüssel og Haag, 1865 Gesandt i overordentlig Mission i Stockholm, Kammerherre I, 331. II, 59, 79, 117-18. III, 217, 221, 222, 224-25. V, 101, 136, 155, 191, 332. Sick, Sophie v., Autografsamler, Stuttgart IV, 231."
Sommer,Frederik L. F.,1813,1878,", Pre­ mierløjtnant i Søetaten, 1848 Kaptajnløjt­ nant, 1856 Kaptajn, 1858 Orlogskaptajn, 1868 Kommandør, 1874 Admiral I, 287. II, 272. IV, 29, 287. V, 79, 97, 215, 219, 318, 378, 468. Sommer, Margrethe (Grethe), f. Redsted (1814—1879), g. 1841 m. Frederik S. I, 324, 344. II, 33, 35. III, 171. IV, 158, 287. V, 97, 318. — Se ogsaa Redsted, Margrethe."
Speckter,Otto,1807,1871,", tysk Illustrator (bl. a. af A.s Eventyr) og Litograf II, 18, 24, 35-36, 37- IV, 57- V, ^4, W 387- Spindler, Martin (ca. 1810—1843), Skuespil­ ler ved Christiania Teater I, 333. V, 102."
Stampe,"Astrid, Baronesse",1852,1930,", Dat­ ter af Henrik S., g. 1881 m. Stiftamtmand G. H. V. Feddersen IV, 62, 117, 133, 232, 287, 310. V, 303, 405, 473. VI, 18."
Stampe,"Jeanina, Baronesse",1861,1911,", Datter af Henrik S., g. 1882 m. senere Over­ præsident i Kbh. Fr. de Jonquières III, 172. IV, 310, 314. V, 318-19, 473-74, 475- VI, 18."
Stampe,"Jonna, Baronesse, f. Drewsen",1827,1878,", Datter af Adolph Drewsen, g. 1850 m. Henrik Stampe II, 199, 202, 233, 300, 3'4> 3i7> 339, 34 b 350, 352, 389, 393- HI, 16, 22, 27, 58, 59, 128, 129, 144, I50, 167, 169, 172, 186, 196, 197, 199, 205, 210, 237, 245, 300, 310, 312, 327. IV, 32, 33, 37, 39, 41, 53, 62, 68, 82, 109, 164, 208, 213, 224, 245, 249, 310, 314, 343. V, 196-97, 198, 199, 234, 245, 284, 315, 318, 420, 453, 473-74, 493. VI, 9, 18. — Se ogsaa Drewsen, Jonna."
Stedingk,"Eugen Fredrik Oskar Ludvig v., Friherre",1825,1871,", Chef for Hofkapel­ let og de kgl. Teatre i Stockholm, 1866 svensk-norsk Ministerresident i Madrid III, 217, 221, 294. V, 332,550. VI, 41. Steele, F. M., Autografsamler IV, 213."
Stürmer,"Bartholomäus v., Greve",1787,1863,", østrigsk Internuntius og befuldmæg­ tiget Minister i Konstantinopel I, 315-16. v, 92-93, 94- Stürmer, Ermance Katharina v., Grevinde, f. v. Boutet (1797—1863), g. m. Bartholo­ mäus S. I, 316. V, 93. Stæger, Mathilde (1833—g- ^57 m- Niels W. Gade II, 287. V, 223. — Se end­ videre Gade, Mathilde."
Suhr,Ole Bernt,1813,1875,", Søn af O. B. S., Grosserer, cand. theol., Etatsraad IV, 268, 271, 272. V, 458, 460. Sutherland, Harriet Elizabeth Georgiana Le- veson-Gower, Hertuginde af —, f. Howard (1806—1868), g. m. George Granville Le- veson-Gower, Hertug af S. II, 141. V, 167. Suzor, Jules de, Greve, fransk Publicist II, 132. V, 162, 493."
Swane,"Magdalena, f. Bruun",1827,1909,", g. 1850 m. H. J. S. II, 229. V, 209."
Swane,Peter Daniel,1852,1929,", Søn af H. J. S., senere kgl. Borgmester i Randers II, 229. V, 209. Svendsen, Peter, Fisker ved Ellekilde IV, 263, 283. V, 443."
Sverrig-Norge,"Lovisa, Dronning af —, f. Prinsesse af Holland",1828,1871,", g. m. Karl XV af S.-N. III, 220, 225. IV, 100- 01. V, 244, 332, 333, 334, 401-02. Sverrig-Norge, Lovisa (Louise), Prinsesse af — (1851—1926), Datter af Karl XV af S.-N., g. i86gm. Kronprins Frederik (VIII) af Danmark III, 310, 316. IV, 79, 80. V, 353, 390. — Se endvidere Danmark, Louise, Kronprinsesse af."
Fredrik,Prins af —,1829,1907,", Søn af Oscar I af S.-N., Konge 1872 III, 220. IV, 11. V, 182,555, 374- Széchenyi, Francisca de Paula, Grevinde, f. Grevinde Wurmbrand (1797—1873), g. m. Ludwig S. II, 86. V, 145."
Széchenyi,"Stephan, Greve",1791,1860,", Broder til Ludwig S., ungarsk Statsmand og Forfatter II, 86, 93. V, 145. Sødring, Julie, f. Rosenkilde (1823—*894), Datter af C. N. Rosenkilde, Skuespillerinde ved Det kgl. Teater, g. 1849 med Fabrikant C. H. S. III, 153. IV, 241. V, 313,525, 4°7, 448, 464. — Se ogsaa Rosenkilde, Julie."
Sødring,Rose,1850,1927,", Datter af Julie S., g. 1872 m. J. F. S. Dorph-Petersen IV, 121. V, 407."
Tang,Nelly,1841,1877,", Datter af A. E. M. T., g. 1872 m. Proprietær Parmo Carl Pe­ tersen III, 217. V, 332."
Theodor,"se Collin, Theodor. Thestrup, Henriette, f. Redsted",1817,1895,", Søster til Margrethe Redsted, g. m. P. M. T. I, 344. V, 107."
Thiele,"Hanne, f. Aagesen",1819,1892,", Datter af Nicolai Aagesen, g. 1837 m. J. M. T. IV, 24. V, 377, 400."
Thyberg,"Tybjerg. Tybjerg, Caroline, f. Oltmann",1837,1900,", g. 1868 m. Chr. T. IV, 96. — Se ogsaa Olt­ mann, Caroline. Thyberg (fra 1866: Tybjerg), Christian (1815 —1879), Søn af Henrik T., Arkitekt I, 286, 3°7, 3l6, 322, 323, 346, 349. II, 11, 20, 21- 22, 47, 56, 60, 64, 75, 76, 77, 80, 83, 84-85, 89, 92, 94-95, 97, 99, 123, 127, 131, 141, 142, 149, i5', '54, 158, 165, 170, 186-87, 188, 189-90, 191, 201, 205, 2l8, 219, 227, 238, 243, 247, 248, 25O, 254, 258, 268, 270, 273, 278, 279, 280, 282, 284-85, 289, 292, 338, 346, 365. III, 4, 25, 74, 81, 140, 153, 176, 198, 257, 272, 274, 278, 285, 316, 317- 18, 344, 347, 35°, 354, 358, 362. IV, 5, 18, 25, 52, 59, 86, 96, 98, 110, 118, 158, 174. V, 78, 82, 101, 144, 171, 190, 210, 220, 223, s45, 274, 343, 347, 35b 377, 3^8, 410- VI, 20. Thyberg (fra 1866: Tybjerg), Erland (1863— 1925), Søn af Chr. T., senere Højesterets­ dommer III, 257. IV, 158. V, 343."
Thyberg,Henrik,1776,1844,", Oldermand for Tømrerlauget og eligeret Borger I, 102, 106, 114, 125, 149, 236, 244, 245, 264, 270, 287, 294, 307, 316, 323, 337, 349. IV, 169, 230, 258. V, 24, 26, 77, 82, 115. VI, 20. Tybjerg, Inger (f. 1867), Datter af Chr. T., g. 1893 m. Assessor i Kriminalretten, se­ nere Højesteretspræsident, Dr. jur. R. S. Gram IV, 20, 22, 158. V, 376. Thyberg (fra 1866: Tybjerg), Juliane, f. Poulsen (1835—1867), g. 1858 m. Christian T. II, 338, 346, 365. III, 25, 67, 74, 81, 135, 140, 176, 257, 272, 316, 323, 355. IV, 5, 20, 22. V, 245, 274, 290, 356, 376. Thyberg, Marie (Mimi) (1810—1837), Datter af Henrik T. I, 112, 149, 150, 348. V, 28, 70, 72, 89, 102, 109."
Thyberg,"Oline, f. Falenkam",1781,1853,", g. m. Henrik T. I, 102, 149, 244, 273, 276, 282, 286, 307, 316, 323, 327, 328, 330, 335, 337, 338, 346- n, 20, 22, 25, 33, 36, 37, 39, 57, 60, 65, 85, 89, 91, 92, 94-95, 97, 118, 123, 127, 131, 141, 142, 149, 154, 158, 170, 172, 184, 187, 190, 194, 205, 218, 227, 230, 238, 242, 243-44, 248, 319. V, 24, 82, 212, 319. VI, 20. Thyberg (fra 1866: Tybjerg), Oluf (f. 1859), Søn af Chr. T., senere Ingeniør II, 346. III, 66, 74, 79, 81, 128, 135, 137, 140, 170, 175, 176, 233, 235, 257, 267. IV, 119, 120. V, 248, 286, 289, 290, 388, 441."
Travers,"C. C., hollandsk Konsul i Athen I, 312. V, 92. Trepka, Chr.",1842,1864,", Søn af J. C. M. T., stud, jur., Sekondløjtnant ved 18. Regi­ ment III, 170. V, 318."
Trepka,"Ida, f. Falbe",1822,1849,", Datter af Christian Tüxen Falbe, g. 1841 m. J. C. M. T. I, 330. V, 101."
Trepka,Johan Christian Mathias,1809,1850,", Kaptajn i Generalstaben, senere Oberst I, 330. V, 101, 318, 390. Trier, Cecilie (Cille), f. Melchior (1819— 1891), Søster til M. G. Melchior, g. m. Manufakturhandler L. M. T. IV, 257. V, 453- Trier, Isaac Moses (1806—1886), dansk Læge i Altona I, 123. V, 30-31."
Tscherning,"Eleonore Christine, f. Lützow",1817,1890,", g. 1845 m. A. F. T. IV, 314. V, 476."
Vahl,Johan,1799,1875,", Major i Artille­ riet, senere kar. Generalmajor II, 198. V, 195- Wales, Alexandra, Prinsesse af—, f. Prinsesse af Danmark (1844—1925), g. 1863 m. Ed­ ward af W., Dronning af England 1901 IV, 7, 9, 12, 20, 317, 321. V, 372, 375. — Se ogsaa Danmark, Alexandra, Prinsesse af."
Wales,"Edward, Prins af —",1841,1910,", Søn af Victoria af England, Konge af Eng­ land (Edward VII) 1901 III, 23. V, 276, 301, 375- Waltz, Johan Rudolph (d. 1853), Skuespiller ved Det kgl. Teater I, 105, 108, 109. II, 26. V, 25, 127. Wanscher, Johanne (Hanna), f. Wegener (1814—1879), Datter af Marie Wegener, g. 1834 m. Wilhelm W. I, 217, 230. III, 20, 28. V, 31, 56, 83, 95, 298. VI, 17, 40."
Wanscher,Nanna,1838,1915,", Datter af Wilhelm W., g. 1865 m. Læge, senere Stifts- fysikus C. A. Videbech II, 299, 300, 304. V, 230, 298."
Watt,Robert,1837,1894,", Forfatter og Journalist, 1866 Redaktør af »Figaro«, 1868 af »Dagens Nyheder«, 1876 Direktør for Folketeatret III, 316, 351. IV, 7, 18, 22, 23, 39-4°, i89> 230, 266. V, 354, 361, 364. 372, 375, 376, 381, 383, 394, 405, 4^9- 30, 445- Vaupell, Otto (1823—1899), Oberst, Krigs­ historiker IV, 44. V, 383."
Wedel,Camilla,1816,1855,", Datter af fhv. Sekondløjtnant i Søetaten Jens W. til Sø- bysøgaard, senere g. m. Postmester, Kam­ merjunker Krabbe Krogh I, 246, 283, 285. V, 65."
Wedel-Heinen,Jul. Chr. Fr.,1814,1887,", Kommitteret i Generalpostdirektoratet, Kammerjunker, senere Hofchef hos Enke­ dronning Caroline Amalie, Gehejmekon- ferensraad II, 35. V, 130. Vedel Simonsen, L. S. (1780—1858), Histo­ riker, Besidder af Elvedgaard I, 7, 30, 52. v, 5- Wedell-Wedellsborg, Gustav, Baron (1829— 1903), Forpagter af Oredrevsgaarden IV, 146. V, 414."
Werligh,August,1795,1841,", Teaterdirek­ tør I, 101. V, 24. Werner, Therese (Pseudonym for Engelline Verdelin) (1820—1904), Forfatterinde III, 337- V, 360. Wessberg, F. & H. G., Mæglerfirma i Göte­ borg II, 195. V, 194."
Wexschall,"Anna, f. Brenøe",1803,1856,", Skuespillerinde ved Det kgl. Teater, g. i° 1823 m. Fr. W., Ægteskabet opløst 1831, 2° 1834 m. N. P. Nielsen I, 63, 94. V, 4, 16. — Se endvidere Nielsen, Anna."
Wiedemann,Hans Christian,1854,1871,", Søn af Frederik W., Fisker IV, 177. V, 424. Wiedemann, L., Forlagsboghandler i Leipzig 1855—69, A.s Forlægger II, 294, 305, 332- 33, 382. V, 229, 232, 435."
Wildt,Johannes,1782,1836,", Romanfor­ fatter II, 323. V, 240. Vilsoét, Elise Marie Grégoire (f. 1850), Dat­ ter af G. E. Gundersen, adopt, af P. G. V., g. 1871 m. Adam Hauch IV, 118. V, 406."
Vind,"Sophie Elisabeth, f. Hoppe",1803,1881,", g. m. C. A. V. I, 109. V, 27."
Voigt,Riborg,1806,1883,", Datter af L. P. V., g. 1831 m. P. J. Bøving I, 60, 80, 169, 209, 262, 284-85. V, 16, 17, 20, 31, 42, 53, 68, 77. VI, 10, 23."
Wolff,Bernhard,1799,1851,", Professor i Jena i Skønlitteratur og nyere Sprog, Over­ sætter og Improvisator II, 57, 59, 67, 116, 122. V, 136, 154, 178. Wolf hagen, F. (1818—1894), Kammerherre, Præsident for Danmarks Deltagelse i Ver­ densudstillingen i Paris 1867, tidligere Mi­ nister for Slesvig IV, 6, 8, 15, 40. V, 372, 374- Wolf hagen, Friederike (1813—1878), Forfat­ terinde (Marie Norden) II, 305. V, 231-32. Wollheim da Fonseca, A. E. ( 181 o— 1884), tysk Forfatter I, 337. V, 103-04. Wollheim da Fonseca, Doris, f. Leffmann (1805—1873), g. m. A. E. W. I, 337. V, 104."
Worsaae,J. J. A.,1821,1885,", Søn af Jens W., Arkæolog og Historiker, 1874—75 Kul­ tusminister IV, 197, 306. V, 8, 369, 435, 472- Worsaae, Peter Marius (1816—1877), Søn af Jens W., Herredsskriver, Vejle IV, 197. V, 435- Wosemose, H. C. (1784—1862), cand. jur., Sproglærer, Litterat I, 214. V, 55."
Brehmer,"Augusta Petronella, Friherreinde, f. Wollmar",1812,1873,", g. m. Carl Gustaf W. I, 272. V, 72. Wrangel v."
Wrede,"Louis, Friherre",1816,1901,", svensk­ norsk Gesandt i Haag III, 270-71. V, 345- Wulff, Christian (1777—1843), Broder til P. F. W., Kommandørkaptajn, senere Kontre­ admiral I, 6. V, 4."
Wulff,Christian,1810,1856,", Søn af P. F. W., Sekondløjtnant i Søetaten, 1834 Pre­ mierløjtnant, 1841 Kaptajnløjtnant, 1851 Kaptajn I, 31, 33, 100, 121. II, 178, 246, 283. III, 303. V, 11, 25, 30, 58, 69, 70, 183, 221, 223, 362."
Wulff,"Henriette, f. Weinholdt",1784,1836,", g. m. P. F. W. I, 28, 31, 33, 50, 72. V, 10, 11, 5p. Wulff, Henriette (Jette) (1804—1858), Datter af P. F. W. I, 31, 33, 113, 115, 121, 129, 144, 149, 156, 162-63, 166, 176, 178, 179, 181, 182, 188, 190, 193, 198, 236, 248. II, 246, 299, 305-06. III, 288, 303, 330. IV, 346. V, 11, 28, 30, 46, 49, 52, 59, 67, 88, 89, 91, 172, 189, 191, 206, 221, 223, 224, 232,324, 360, 362. VI, 14, 15, 24, 28. Wulff, Jørgen Peter Frederik (1808—1881,) Søn af P. F. W., Premierløjtnant i Søetaten, senere Admiral I, 121. V, 30."
Wulff,Louise,1810,1842,", Adoptivdatter af Christian W., g. 1831 m. Sekondløjtnant i Søetaten, senere Kommandør Hermann Ipsen I, 6. V, 4."
Zahrtmann,Wanda,1842,1916,", Datter af Viceadmiral C. C. Z., g. 1863 m. cand. polit., senere Chef for Det kgl. Teater, Grev Christian Danneskiold-Samsøe II, 268, 377, 391-92, 394. V, 218, 464."
Zeise,Heinrich,1822,1914,", Søn af Hein­ rich Z., Farmaceut, holstensk Digter og Oversætter II, 37, 64, 74. V, 130, 131, 176, J79- Zeuthen, F. L. B. (1805—1874), Magister, 1835 Sognepræst til Grimstrup og Aarre, 1849 til Sorø, 1860 til Michaelis Kirke i Fredericia I, 212-14. II, 322, 324, 326. V, 54, 56, 238. 240-41. Ziegesar, Marie v. (1824—g- 1847 m- senere Hofmarskal Ernst v."
Teater,"Komponist I, 2, 90, 93, 244. V, 3, 63. Zinn, Ludvig",1808,1868,", Søn af Agent J. F. Z., Grosserer, Major i det borgerlige Artilleri II, 290. IV, 66. V, 227, 390."
Ørsted,Hans Christian,1772,1851,", Broder til A. S. 0., Fysiker I, 179, 182, 293. II, 2, 71, m, 123, 143, 261. III, 109, 231, 324, 341. IV, 95, 149, 154, 157, 268, 269, 270, 345. V, 21, 29, 30, 46, 65, 140-41, 152, 165, 197, 217, 236, 299, 361, 398, 415, 457, 458. VI, 12. Ørsted, Mathilde (1824—^oG), Datter af H. C. 0. II, 261, 275, 367. III, 20, 136. IV, 3, 52, 84, 149, 262. V, 197, 216, 217, 397> 4i5, 457> 481- Øst, Niels Chr. (1779—1842), Overkrigskom­ missær, Litterat I, 123. V, 31, 122."
Østrig,"Sophie, Erkehertuginde af —, f. Prin­ sesse af Bayern",1805,1872,", Datter af Maximilian I af Bayern, g. m. Erkehertug Franz Karl af 0. II, 80-81, 86, 88. V, 143, 144, *45- Østrig, Stephan, Erkehertug af — (1817— 1867), Civilguvernør i Bohmen II, 62, 82. v, 137-"
