collin_title,collin_year,collin_category,see_also,match_tier,match_count,matched_on,match_reg_ids,match_titles
Samlede og blandede Skrifter.,,,,possible_fragment,0,,,
Aus Herz und Welt,1860,,,exact,1,title+year,Reg000281,Aus Herz und Welt (1860)
Reiseskizzer og Pennetegninger,1868,,,none,0,,,
Samlede Skrifter,1854,,,omnibus_collection,0,,,
Sämtliche Werke,1847,,,omnibus_collection,0,,,
Works,1870,Eventyr,,omnibus_collection,0,,,
Illustrationer til Eventyrene: Lor. Frølich,,Eventyr,,none,0,,,
Otto Speckter,,Eventyr,,none,0,,,
Eventyr-Samlinger (kronologisk).,,Eventyr,,possible_fragment,0,,,
Eventyr fortalte for Børn. 2. Opl.,1845,Eventyr,,none,0,,,
"Nye Eventyr I,i",1843,Eventyr,,none,0,,,
Eventyr med Illustrationer af V. Pedersen,1849,Eventyr,,none,0,,,
Historier,1852,Eventyr,,none,0,,,
"Historier, illustrerede af V. Pedersen",1855,Eventyr,,none,0,,,
"Nye Eventyr og Historier 1,1",1858,Eventyr,,serial_installment,0,,,
"Nye Eventyr og Historier 1,4",1860,Eventyr,,serial_installment,0,,,
"Nye Eventyr og Historier II,1",1861,Eventyr,,serial_installment,0,,,
"Nye Eventyr og Historier 11,3",1865,Eventyr,,serial_installment,0,,,
"Nye Eventyr og Historier 11,4",1866,Eventyr,,serial_installment,0,,,
"Femten Eventyr og Historier, med Illustra­ tioner af Lorenz Frølich",1867,Eventyr,,fuzzy,1,fuzzy,Reg001277,Femten Eventyr og Historier. Med Ill. af Lorenz Frølich (1867)
Tre nye Eventyr og Historier,1870,Eventyr,,exact,1,title_only,Reg003313,Tre nye Eventyr og Historier (1870 Ͻ: 1869)
"Nye Eventyr og Historier, med Illustrationer af Lorenz Frølich I",1870,Eventyr,,none,0,,,
"Nye Eventyr og Historier III, 1",1872,Eventyr,,serial_installment,0,,,
Bemærkninger til Eventyr og Historier,,Eventyr,,none,0,,,
Enkelte Eventyr (alfabetisk).,,Eventyr,,possible_fragment,0,,,
Barnet i Graven,,Eventyr,,exact,1,title_only,Reg000313,Barnet i Graven
Bispen paa Børglum og hans Frænde,,Eventyr,,exact,1,title_only,Reg000363,Bispen paa Børglum og hans Frænde
Boghveden,,Eventyr,,none,0,,,
Børnesnak,,Eventyr,,exact,1,title_only,Reg000431,Børnesnak
De røde Sko,,Eventyr,,fuzzy,1,fuzzy,Reg000649,De røde Skoe
De smaa Grønne,,Eventyr,,exact,1,title_only,Reg000651,De smaa Grønne
De Vises Steen,,Eventyr,,exact,1,title_only,Reg000629,De Vises Steen
Den grimme Ælling,,Eventyr,,exact,1,title_only,Reg000713,Den grimme Ælling
Den lille Havfrue,,Eventyr,,exact,1,title_only,Reg000732,Den lille Havfrue
Den lille Pige med Svovlstikkerne,,Eventyr,,exact,1,title_only,Reg000735,Den lille Pige med Svovlstikkerne
Den standhaftige Tinsoldat,,Eventyr,,exact,1,title_only,Reg000755,Den standhaftige Tinsoldat
Den store Søslange,,Eventyr,,exact,1,title_only,Reg000756,Den store Søslange
Det er ganske vist!,,Eventyr,,exact,1,title_only,Reg000848,Det er ganske vist!
Det gamle Egetræs sidste Drøm,,Eventyr,,fuzzy,1,fuzzy,Reg000851,Det gamle Egetræes sidste Drøm
Det ny Aarhundredes Musa,,Eventyr,,exact,1,title_only,Reg000855,Det ny Aarhundredes Musa
Det Utroligste,,Eventyr,,exact,1,title_only,Reg000842,Det Utroligste
Diamanten i Frøens Hovede,,Eventyr,Skrubtudsen,redirect,0,,,
Dryaden,,Eventyr,,exact,1,title_only,Reg001003,Dryaden
Dyndkongens Datter,,Eventyr,,fuzzy,1,fuzzy,Reg001008,Dynd-Kongens Datter
Elverhøi,,Eventyr,,exact,1,title_only,Reg001053,Elverhøi
En Historie fra Klitterne,,Eventyr,,exact,1,title_only,Reg001085,En Historie fra Klitterne
Engelen,,Eventyr,,exact,1,title_only,Reg001148,Engelen
Fem fra en Ærtebælg,,Eventyr,,exact,1,title_only,Reg001275,Fem fra en Ærtebælg
Flaskehalsen,,Eventyr,,exact,1,title_only,Reg001301,Flaskehalsen
Gaardhanen og Veirhanen,,Eventyr,,fuzzy,1,fuzzy,Reg001409,Gaardbanen og Veirhanen
Gartneren og Herskabet,,Eventyr,,exact,1,title_only,Reg001424,Gartneren og Herskabet
Gjemt er ikke glemt,,Eventyr,,exact,1,title_only,Reg001458,Gjemt er ikke glemt
Grantræet,,Eventyr,,exact,1,title_only,Reg001476,Grantræet
Guldskat,,Eventyr,,exact,1,title_only,Reg001504,Guldskat
Historien om en Moder,,Eventyr,,exact,1,title_only,Reg001602,Historien om en Moder
Hjertesorg,,Eventyr,,exact,1,title_only,Reg001611,Hjertesorg
Holger Danske,,Eventyr,,exact,1,title_only,Reg001620,Holger Danske
"Hvad Fatter gjør, det er altid det Rigtige",,Eventyr,,exact,1,title_only,Reg001656,"Hvad Fatter gjør, det er altid det Rigtige"
Hvad man kan hitte paa,,Eventyr,,exact,1,title_only,Reg001662,Hvad man kan hitte paa
Hvad Tidselen oplevede,,Eventyr,,exact,1,title_only,Reg001658,Hvad Tidselen oplevede
Hyrdinden og Skorstensfeieren,,Eventyr,,none,0,,,
Hønse-Grethes Familie,,Eventyr,,exact,1,title_only,Reg001678,Hønse-Grethes Familie
Keiserens nye Klæder,,Eventyr,,exact,1,title_only,Reg001887,Keiserens nye Klæder
Kjærestefolkene,,Eventyr,,exact,1,title_only,Reg001897,Kjærestefolkene
Klokkedybet,,Eventyr,,exact,1,title_only,Reg001911,Klokkedybet
Kløverblomsten (Eventyr-Udkast),,Eventyr,,none,0,,,
Kometen,,Eventyr,,exact,1,title_only,Reg001922,Kometen
"Lygtemændene ere i Byen, sagde Mosekonen",,Eventyr,,possible_fragment,0,,,
Lykken kan ligge i en Pind,,Eventyr,,exact,1,title_only,Reg002205,Lykken kan ligge i en Pind
Lykkens Kalosker,,Eventyr,,exact,1,title_only,Reg002207,Lykkens Kalosker
Lysene,,Eventyr,,exact,1,title_only,Reg002212,Lysene
Moster,,Eventyr,,exact,1,title_only,Reg002437,Moster
Nattergalen,,Eventyr,,exact,1,title_only,Reg002481,Nattergalen
Noget,,Eventyr,,exact,1,title_only,Reg003660,»Noget«
Ole Lukøie,,Eventyr,,ambiguous_genre,2,genre_stripped,Reg002602;Reg002603,Ole Lukøie (Eventyr) | Ole Lukøie (Eventyrkomedie)
"Peiter, Peter og Peer",,Eventyr,,exact,1,title_only,Reg002669,"Peiter, Peter og Peer"
Portnerens Søn,,Eventyr,,exact,1,title_only,Reg002716,Portnerens Søn
Portnøglen,,Eventyr,,exact,1,title_only,Reg002717,Portnøglen
Psychen,,Eventyr,,exact,1,title_only,Reg002747,Psychen
Skarnbassen,,Eventyr,,exact,1,title_only,Reg003018,Skarnbassen
Skrubtudsen,,Eventyr,,exact,1,title_only,Reg003029,Skrubtudsen
Skyggen,,Eventyr,,exact,1,title_only,Reg003032,Skyggen
Sneedronningen,,Eventyr,,exact,1,title_only,Reg003047,Sneedronningen
Sneemanden,,Eventyr,,exact,1,title_only,Reg003048,Sneemanden
Sneglen og Rosenhækken,,Eventyr,,exact,1,title_only,Reg003050,Sneglen og Rosenhækken
Sommerfuglen,,Eventyr,,exact,1,title_only,Reg003061,Sommerfuglen
Sommergjækken,,Eventyr,,exact,1,title_only,Reg003063,Sommergjækken
Springfyrene,,Eventyr,,exact,1,title_only,Reg003084,Springfyrene
Stoppenaalen,,Eventyr,,exact,1,title_only,Reg003108,Stoppenaalen
Stormen flytter Skilt,,Eventyr,,exact,1,title_only,Reg003113,Stormen flytter Skilt
Suppe paa en Pølsepind,,Eventyr,,exact,1,title_only,Reg003132,Suppe paa en Pølsepind
Svinedrengen,,Eventyr,,exact,1,title_only,Reg003144,Svinedrengen
Sølvskillingen,,Eventyr,,exact,1,title_only,Reg003167,Sølvskillingen
Tante Tandpine,,Eventyr,,exact,1,title_only,Reg003186,Tante Tandpine
Tolv med Posten,,Eventyr,,exact,1,title_only,Reg003289,Tolv med Posten
Toppen og Boldten,,Eventyr,Kjærestefolkene,redirect,0,,,
Veirmøllen,,Eventyr,,exact,1,title_only,Reg003418,Veirmøllen
Verdens deiligste Rose,,Eventyr,,exact,1,title_only,Reg003442,Verdens deiligste Rose
Vinden fortæller om Valdemar Daa og hans,,Eventyr,,possible_fragment,0,,,
Døttre,,Eventyr,,none,0,,,
Vænø og Glænø,,Samlinger,,exact,1,title_only,Reg003476,Vænø og Glænø
Aarets tolv Maaneder,1833,Samlinger,,exact,1,title+year,Reg000132,Aarets tolv Maaneder (1833)
Digte,1830,Samlinger,,ambiguous_genre,2,genre_stripped,Reg000939;Reg000938,Digte (i Almindelighed) | Digte (Chr. Ulrich Deichmann)
Kjendte og glemte Digte,1867,Samlinger,,exact,1,title+year,Reg001896,Kjendte og glemte Digte (1867)
Phantasier og Skizzer,1831,Samlinger,,exact,1,title+year,Reg002682,Phantasier og Skizzer (1831)
"Poetisk Jydepotte for 1831, se Phantasier og",,Skizzer,,possible_fragment,0,,,
Samlede Digte,1833,Skizzer,,exact,1,title+year,Reg002924,Samlede Digte (1833)
Vignetter til danske Digtere,1832,Skizzer,,exact,1,title+year,Reg003453,Vignetter til danske Digtere (1832)
Enkelte Digte.,,Skizzer,,possible_fragment,0,,,
Afskedssang for de Danske i Paris 7. August 1833,,Skizzer,,none,0,,,
Aftenlandskab,,Skizzer,,none,0,,,
Avis aux lectrices,,Skizzer,,none,0,,,
Berlin,,Skizzer,,none,0,,,
Bøgetræet,,Skizzer,,none,0,,,
Cantate til Komtesse Maria Moltkes Confir- mation,,Skizzer,,none,0,,,
Christian Wulff,,Skizzer,,none,0,,,
Cotillon-Vers til Ballet paa Bregentved 23.,,Skizzer,,possible_fragment,0,,,
Juli 1874,,Skizzer,,none,0,,,
Danmark,,Skizzer,,exact,1,genre_stripped,Reg000571,Danmark. (»Endnu er ei Danmark en Kæmpegrav -«)
"Danmark, mit Fædreland —",,Skizzer,,ambiguous_genre,2,genre_stripped,Reg003603;Reg003602,"»Danmark, mit Fædreland!« (»I Danmark er jeg født -«) | »Danmark, mit Fædreland!« (H. Rung)"
Danske Poeter i Bouquet,,Skizzer,,exact,1,title_only,Reg000584,Danske Poeter i Bouquet
Den blinde Moder,,Skizzer,,none,0,,,
Den danske Bonde — (Af Cantaten til Stu­ denterforeningens Sørgefest for Frederik,,Skizzer,,none,0,,,
VI),,Skizzer,,none,0,,,
Den femte Maj (efter Beranger),,Skizzer,,none,0,,,
Den jydske Hede i Regnveir,,Skizzer,,none,0,,,
Den lille Pige i Asylet,,Skizzer,,none,0,,,
Den medicæiske Venus,,Skizzer,,none,0,,,
Der var paa Himlen ikke en eneste Sky —,,Skizzer,,none,0,,,
"Deres Kongelige Høiheder Kronprinds Fre­ derik og Prindsesse Lovisa, Formælings­ dagen den 28de Juli 1869",,Skizzer,,fuzzy,1,fuzzy,Reg000837,Deres Kongelige Høiheder Kronprinds Frederik og Prindsesse Lovisa. Formælingsdagen den 28de Juli 1869.
Det døende Barn,,Skizzer,,exact,1,title_only,Reg000846,Det døende Barn
"Du stolte Fjeld, hvor barsk Du truer der —",,Skizzer,,none,0,,,
Dykkerklokken,,Skizzer,,none,0,,,
Døds-Øieblikket,,Skizzer,,none,0,,,
En Forgrund med en Smule Grønt —,,Skizzer,,none,0,,,
Epilog ved Cettis Afskedsforestilling,,Skizzer,,none,0,,,
Et Par Ord ved Scenens Gjenaabning den 1.,,Skizzer,,possible_fragment,0,,,
December 1857,,Skizzer,,none,0,,,
Formens evige Magie,,Skizzer,,none,0,,,
Fortrøstning,,Skizzer,,exact,1,title_only,Reg001333,Fortrøstning
Forvisning,,Skizzer,Danmark,redirect,0,,,
Fragment af et Riimbrev,,Skizzer,,none,0,,,
Gaade: De tvende første er et Hundenavn — I 38 (Tekst).,,Skizzer,,possible_fragment,0,,,
"Gaade: Staaer jeg smukt paa mine Been — 1,39 (Tekst).",,Skizzer,,possible_fragment,0,,,
Graat-Veir,,Skizzer,,none,0,,,
Gurre,,Skizzer,,exact,1,title_only,Reg001506,Gurre
Havblik,,Skizzer,,none,0,,,
Havfruen ved Samsøe,,Skizzer,,none,0,,,
Henrik Hertz,,Skizzer,,exact,1,genre_stripped,Reg000120,*†Henrik Hertz (»I Kunstens Hal nu vaier Sorgens Fane -«)
Hjertetyven,,Skizzer,,none,0,,,
Holger Danske,,Skizzer,,exact,1,title_only,Reg001620,Holger Danske
Hvad jeg elsker,,Skizzer,,none,0,,,
Høit paa Bjerget hvor Skyerne gaae —,,Skizzer,,none,0,,,
"Impromptu: Han, som i Stormen er saa fast en Borg —",,Skizzer,,none,0,,,
Impromptu til Thorvaldsen da han paa Nysø havde fuldendt i Leer Holbergs Buste,,Skizzer,,none,0,,,
Indskrift over Indgangen til den danske Ud­ stillingsbygning i Paris,,Skizzer,,none,0,,,
Intermezzo paa Bloxbjerg,,Skizzer,,none,0,,,
Jeg er en Skandinav,,Skizzer,,exact,1,title_only,Reg003648,»Jeg er en Skandinav«
Jeg har en Angst som aldrig før —,,Skizzer,,fuzzy,1,fuzzy,Reg002746,Psalme (»Jeg har en Angst som aldrig før -«).
Jonas Collin,,Skizzer,,exact,1,genre_stripped,Reg001821,Jonas Collin (Constantin Hansen)
Kantate ved Herr Moritz Melchiors og Fru,,Skizzer,,possible_fragment,0,,,
Dorothea Melchiors Sølvbryllup,,Skizzer,,none,0,,,
Kjærlighed,,Skizzer,,exact,1,genre_stripped,Reg000009,*Kjærlighed (»Den er lidt meer end et Stjerneskud -«)
Klintekorset paa Møen,,Skizzer,,none,0,,,
Kulbrænderen,,Skizzer,,none,0,,,
Liden Kirsten og Prinds Buris,,Skizzer,,exact,1,title_only,Reg002146,Liden Kirsten og Prinds Buris
Lille Viggo —,,Skizzer,,exact,1,title_only,Reg002159,Lille Viggo
Man har et Sagn — et Eventyr,,Skizzer,,none,0,,,
Martsviolerne,,Skizzer,,exact,1,title_only,Reg002341,Martsviolerne
Med Skaaler er Bordet dænget —,,Skizzer,,exact,1,genre_stripped,Reg000087,*»Med Skaaler er Bordet dænget -« (Rosenvænget 25.6.1867)
Miraklet,,Skizzer,,exact,1,title_only,Reg002410,Miraklet
Moderen med Barnet,,Skizzer,,none,0,,,
Mørket (efter Byron),,Skizzer,,none,0,,,
"Naar om Gud vil, snart jeg vanker — (I Fru",,Skizzer,,possible_fragment,0,,,
O’Neills Album),,Skizzer,,none,0,,,
Naturens Bog,,Skizzer,,none,0,,,
"Nu sidder Du hjemme, veemodig glad —",,Skizzer,,none,0,,,
Paa Sølvbryllupsdagen (Den 26de Mai 1867),,Skizzer,,none,0,,,
Phantasie ved Vesterhavet,,Skizzer,,none,0,,,
Phantasiestykke i min egen Maner,,Skizzer,,none,0,,,
Prolog til en Dilettantforestilling,,Skizzer,,none,0,,,
"Prolog ved en Forestilling af Familien Price, fremsagt af Carl Price",,Skizzer,,none,0,,,
Psalme: Som Bladet der fra Træet falder —,,Skizzer,,none,0,,,
Recension,,Skizzer,,none,0,,,
Regnveir,,Skizzer,,none,0,,,
Rosenknoppen,,Skizzer,,none,0,,,
Sang for de Danske i Paris Maj 1833,,Skizzer,,none,0,,,
Sang til Jonas Collins Fødselsdag 1859,,Skizzer,,fuzzy,1,fuzzy,Reg003561,[Sang til Jonas Collins Fødselsdag 6.1.1861]
Sang til Jonas Collins Fødselsdag i860,,Skizzer,,fuzzy,1,fuzzy,Reg003561,[Sang til Jonas Collins Fødselsdag 6.1.1861]
Sang til Jonas Collins Fødselsdag 1861,,Skizzer,,fuzzy,1,fuzzy,Reg003561,[Sang til Jonas Collins Fødselsdag 6.1.1861]
Sang til Landsoldaten ved Festen paa Glorup den 7de Juli 1851,,Skizzer,,exact,1,title_only,Reg002943,Sang til Landsoldaten ved Festen paa Glorup den 7de Juli 1851
Sang til Skovballet i Odense 1832,,Skizzer,,none,0,,,
Sang ved Afsløringen af Mindestøtten for Fre­ derik VI i Skanderborg,,Skizzer,,none,0,,,
Sang ved Maria Moltkes Fødselsdag 23. Juli 1842,,Skizzer,,none,0,,,
Sjælen,,Skizzer,,none,0,,,
Sneedronningen,,Skizzer,,exact,1,title_only,Reg003047,Sneedronningen
Soldaten,,Skizzer,,exact,1,title_only,Reg003055,Soldaten
Stanze skrevet paa Slottet Chillon,,Skizzer,,none,0,,,
Studenten,,Skizzer,,none,0,,,
Taaren,,Skizzer,,none,0,,,
Tanker i tunge Dage,,Skizzer,,none,0,,,
Til J. P. E. Hartmann den 22de Mai 1874,,Skizzer,,fuzzy,1,fuzzy,Reg003253,Til J. P. E. Hartmann. 22. Mai 1874
Til Kronprinds Frederik og Kronprindsesse,,Skizzer,,possible_fragment,0,,,
"Lo visa (Med et Tæppe, unge Damer havde broderet til dem som Gave ved deres For­ mæling)",,Skizzer,,none,0,,,
Tre Dage af en Tyveknægts Liv,,Skizzer,,none,0,,,
Trøst i Tro,,Skizzer,,exact,1,title_only,Reg003332,Trøst i Tro
Ved Sestuspyramiden Hedninggraven —,,Skizzer,,none,0,,,
Vise til Emil Hornemanns og Christy Hohlen- bergs Bryllup,,Skizzer,,none,0,,,
Zigeunersang af Goethe (Oversættelse),,Skizzer,,none,0,,,
Skuespil og Operatekster.,,Skizzer,,possible_fragment,0,,,
Agnete og Havmanden,1834,Skizzer,,exact,1,title+year,Reg000169,Agnete og Havmanden (1834)
"AhasverusII, 10, 111, 116, 125, 126, 130, 132, 133, 135, 1442, 142—43, T46, H8, 149 —5°",,Skizzer,,none,0,,,
"J52, 154, J55, 158, 160—63.",,Skizzer,,none,0,,,
Bruden fra Lammermoor,,Skizzer,,exact,1,title_only,Reg000401,Bruden fra Lammermoor
Brylluppet ved Comosøen,,Skizzer,Renzos Bryllup,redirect,0,,,
Da Spanierne var her,,Skizzer,,exact,1,title_only,Reg000563,Da Spanierne var her
Den anden April,,Skizzer,,none,0,,,
Den nye Barselstue,,Skizzer,,exact,1,title_only,Reg000740,Den nye Barselstue
Den Usynlige paa Sprogø,,Skizzer,,exact,1,title_only,Reg000683,Den Usynlige paa Sprogø
Det oldenborgske Horn (Operaplan),,Skizzer,,none,0,,,
"Dinorah (Le pardon de Ploérmel, Oversæt­ telse)",,Skizzer,,none,0,,,
En Comedie i det Grønne,,Skizzer,,exact,1,title_only,Reg001070,En Comedie i det Grønne
En Nat i Roeskilde,,Skizzer,,exact,1,title_only,Reg001103,En Nat i Roeskilde
En urolig Aften,,Skizzer,,none,0,,,
En Ødeland (Der Verschwender),,Skizzer,,none,0,,,
Festen paa Kenilworth,,Skizzer,,none,0,,,
Fornuftgiftermaalet Nr. 2,,Skizzer,,none,0,,,
Fuglen i Pæretræet,,Skizzer,,exact,1,title_only,Reg001402,Fuglen i Pæretræet
Han er ikke født,,Skizzer,,exact,1,title_only,Reg003634,»Han er ikke født«
Hr. Rasmussen,,Skizzer,,exact,1,title_only,Reg001637,Hr. Rasmussen
Hyldemoer,,Skizzer,,ambiguous_genre,2,genre_stripped,Reg001667;Reg001668,Hyldemoer (Eventyr) | Hyldemoer (Eventyrkomedie)
Kjærlighed paa Nicolai-Taarn,,Skizzer,,exact,1,title_only,Reg001901,Kjærlighed paa Nicolai Taarn
Kongen drømmer,,Skizzer,,exact,1,title_only,Reg001933,Kongen drømmer
Kunstens Dannevirke,,Skizzer,,exact,1,title_only,Reg001955,Kunstens Dannevirke
Liden Kirsten,,Skizzer,,exact,1,title_only,Reg002144,Liden Kirsten
Lykkens Blomst,,Skizzer,,exact,1,title_only,Reg002206,Lykkens Blomst
Maurerpigen,,Skizzer,,exact,1,title_only,Reg002349,Maurerpigen
Mulatten,,Skizzer,,exact,1,title_only,Reg002439,Mulatten
"Norma, Plan om en ny Tekst til Bellinis Opera",,Skizzer,,none,0,,,
Nøkken,,Skizzer,,exact,1,title_only,Reg002576,Nøkken
Ole Lukøie,,Skizzer,,ambiguous_genre,2,genre_stripped,Reg002602;Reg002603,Ole Lukøie (Eventyr) | Ole Lukøie (Eventyrkomedie)
"Oversættelse af Le pardon de Ploérmel, se",,Dinorah,,possible_fragment,0,,,
Paa Langebro,,Dinorah,,exact,1,title_only,Reg002642,Paa Langebro
Qyarantainen,,Dinorah,Skibet,redirect,0,,,
Ravnen,1830,Dinorah,,ambiguous,2,title_only,Reg002770;Reg002772,Ravnen (1832) | Ravnen (1865)
Renzos Bryllup,,Dinorah,,none,0,,,
Saul,,Dinorah,,none,0,,,
Skibet,,Dinorah,,none,0,,,
Skilles og mødes (Spanierne i Odense. — 25,,Dinorah,,possible_fragment,0,,,
Aar derefter),,Dinorah,,none,0,,,
Skovkapellet,,Dinorah,,none,0,,,
Tragedie-Plan 1831,,Dinorah,,none,0,,,
Romaner og Noveller.,,Dinorah,,possible_fragment,0,,,
At være eller ikke være,,Dinorah,,exact,1,title_only,Reg000270,At være eller ikke være
Billedbog uden Billeder,,Dinorah,,exact,1,title_only,Reg000357,Billedbog uden Billeder
Christian den Andens Dverg,,Dinorah,,exact,1,title_only,Reg000495,Christian den Andens Dverg
Danske Folkesagn,,Dinorah,,exact,1,title_only,Reg000580,Danske Folkesagn
De to Baronesser,,Dinorah,,exact,1,title_only,Reg000654,De to Baronesser
Den skjønne Grammatica,,Dinorah,,none,0,,,
Drengen fra Oberammergau (Novelleplan),,Dinorah,,possible_fragment,0,,,
Fodreise fra Holmens Canal til Østpynten af,,Dinorah,,possible_fragment,0,,,
Amager,,Dinorah,,none,0,,,
"Ideer for dem, som selv ingen have",,Dinorah,,none,0,,,
Improvisatoren,,Dinorah,,exact,1,title_only,Reg001737,Improvisatoren
Kun en Spillemand,,Dinorah,,exact,1,title_only,Reg001953,Kun en Spillemand
Lykke-Peer,,Dinorah,,exact,1,title_only,Reg002203,Lykke-Peer
Plan til en Roman om Spaniernes Ophold i,,Dinorah,,possible_fragment,0,,,
Fyn,,Rejseskildringer,,none,0,,,
En Digters Bazar,,Rejseskildringer,,exact,1,title_only,Reg001072,En Digters Bazar
Et Besøg hos Charles Dickens,,Rejseskildringer,,none,0,,,
Et Besøg i Portugal,,Rejseskildringer,,fuzzy,1,fuzzy,Reg001196,Et Besøg i Portugal 1866
Festen i Oberammergau,,Rejseskildringer,,none,0,,,
Ragaz,,Rejseskildringer,,none,0,,,
Silkeborg,,Rejseskildringer,,exact,1,title_only,Reg002997,Silkeborg
Skagen,,Rejseskildringer,,exact,1,title_only,Reg003014,Skagen
"Skyggebilleder af en Reise til Harzen, det sachsiske Schweitz etc., i Sommeren 1831 1,84,85—91, 92, 93—94,96, 97—98,179.",,Rejseskildringer,,none,0,,,
Plan om en Reisebeskrivelse 1833,,Selvbiografier,,none,0,,,
Brev til J. M. Thiele med Erindringer fra,,Selvbiografier,,possible_fragment,0,,,
Bakkehuset,,Selvbiografier,,none,0,,,
Das Märchen meines Lebens,,Selvbiografier,,none,0,,,
Levnedsbogen,,Selvbiografier,,none,0,,,
Mit Livs Eventyr,,Selvbiografier,,exact,1,title_only,Reg002415,Mit Livs Eventyr (1855)
Mit Livs Eventyr. Fortsættelse 1855—1869,,Selvbiografier,,none,0,,,
Selvbiografi i Nur ein Geiger,,Selvbiografier,,none,0,,,
Almanakker og Dagbøger (I Alm.),,Selvbiografier,,none,0,,,
Almanakker 1838:,,Selvbiografier,,none,0,,,
Dagbøger 1831:,,Selvbiografier,,none,0,,,
"Afhandlinger, Artikler m. m.",,Selvbiografier,,possible_fragment,0,,,
Afhandling om dansk Litteratur til »L’Eu- rope littéraire«,,Selvbiografier,,none,0,,,
Bertel Thorvaldsen,,Selvbiografier,,exact,1,title_only,Reg000340,Bertel Thorvaldsen
Besvarelse af Universitetets Prisopgave 1830,,Selvbiografier,,none,0,,,
Brev til Udgiveren af The Literary Gazette,,Selvbiografier,,none,0,,,
Danske Folkesagn,,Selvbiografier,,exact,1,title_only,Reg000580,Danske Folkesagn
Fortale til Johannes Jacobs: Konstnerfamilien,,Selvbiografier,,possible_fragment,0,,,
Polemik med Baron C. A. v. Nolcken,,Selvbiografier,,none,0,,,
Oversættelser af A.s Skrifter (undtagen Eventyrene),,Selvbiografier,,fuzzy,1,fuzzy,Reg002636,Oversættelse af Andersens Skrifter (undtagen Eventyrene)
