place_name_raw,place_name_clean,name_corrected,correction_note,parenthetical,see_also,citation_raw,citation_ocr_quality,citation_ocr_noise_chars
Aabenraa,Aabenraa,,,,,"II, 33, 37, 172, 177, 181. V, 182, 31i-",clean,
Aalborg,Aalborg,,,,,"II, 316, 320-21. V, 235, 238, 369.",clean,
Aalsgaarde,Aalsgaarde,,,,Hellebæk,,n/a,
Aarhus,Aarhus,,,,,"I, 14, 16, 20, 22. II, 27, 230, 246, 248. III, 192, 193. IV, 113. V, 6, 181, 194, 209, 210, 233, 276, 305, 306, 326, 329, 441.",clean,
Årsta,Årsta,,,,,"III, 220. V, 333.",clean,
Aarøsund,Aarøsund,,,,,"II, 131, 134. V, 122, 164.",clean,
Abbotsford,Abbotsford,,,,,"II, 154, 158. V, 172, 174.",clean,
Afrika,Afrika,,,,,"III, 90. IV, 113, 114.",clean,
Albanerbjergene,Albanerbjergene,,,,,"I, 212.",clean,
Algier,Algier,,,,,"IV, 160. V, 349, 404, 408, 413.",clean,
Alperne,Alperne,,,,,"I, 172, 180, 182, 186, 187, 190, 232, 294. IV, 16-17, IO$> 21 G 212- V, 252.",medium,$G
Als,Als,,,,,"II, 170, 171, 173, 175, 177, 181. III, 168, 264, 268. V, 179, 181, 185, 299, 310, 316, 318.",clean,
Altenburg,Altenburg,,,,,"II,. 3-5. V, 117.",clean,
Altona,Altona,,,,,"I, 172, 251, 311. II, 1-2, 175, 225, 265, 271. III, 71, 145, 239, 249. IV, 56-59, 60- 61, 62, 191. V, 114, 130, 131, 214, 232, 242, 268, 290, 291, 309, 387, 388, 389.",clean,
Altorf,Altorf,,,,,"IV, 255. V, 246.",clean,
Alvestad,Alvestad,,,,,"IV, 190. V, 430.",clean,
Amalfi,Amalfi,,,,,"III, 83.",clean,
Amerika,Amerika,,,,,"II, 112, 116, 118, 278, 283, 348, 362. IV, 66, 78, 85, 96, 100, 309, 310, 316. V, i53> 232, 328, 390, 397, 451, 456, 472, 473, 477-",clean,
Amiens,Amiens,,,,,"II, 289.",clean,
Amsterdam,Amsterdam,,,,,"II, 136. III, 125, 126, 128, 247, 249, 250-51, 254-57, 259-65,266,271, 288, 308. IV, 49, 50-52, 55, 85, 342-44. V, 164, 339, 34’-44> 384, 385, 386.",low,’
Ancona,Ancona,,,,,"II, 92, 96. V, 146, 253.",clean,
Angel,Angel,,,,,"II, 208. V, 200.",clean,
Angouleme,Angouleme,,,,,"III, 100. V, 298.",clean,
Anhof,Anhof,,,,,"II, 173. V, 183.",clean,
Antwerpen,Antwerpen,,,,,"III, 270, 272-73. V, 346, 386.",clean,
Antvorskov,Antvorskov,,,,,"I, 7. V, 5.",clean,
Arizzia,Arizzia,,,,,"III, 18.",clean,
Arnhem,Arnhem,,,,,"III, 250. IV, 51, 55. V, 385.",clean,
Asien,Asien,,,,,"I, 312, 314.",clean,
Assens,Assens,,,,,"I, 30, 46, 53, 63-64, 90. V, 17, 122, 147, 184, 257, 301.",clean,
Astrup,Astrup,,,,,"II, 335. III, 40, 43, 46, 71, 72, 74, 75, 138, 195, *99- IV, 338. V, 244.",low,*
Athen,Athen,,,,,"I, 306, 309-13, 316. V, 90, 91, 92.",clean,
Augsburg,Augsburg,,,,,"I, 291, 293-94. II, 367. V, 231, 253, 283, 439, 453-",clean,
Augustenburg,Augustenburg,,,,,"II, 13, 14, 15, 139. V, 96, 123, 124, 165.",clean,
Aussig,Aussig,,,,,"II, 220.",clean,
Australien,Australien,,,,,"II, 248.",clean,
Aveiro,Aveiro,,,,,"III, 325-26. V, 357.",clean,
Avignon,Avignon,,,,,"II, 99-101. IV, 113. V, 149, 269, 405-",clean,
Axenstein,Axenstein,,,,,"IV, 255.",clean,
Badajoz,Badajoz,,,,,"III, 189, 197, 203, 209, 234, 235, 240, 293, 294, 298-99. V, 350.",clean,
Baden,Baden,,,ved Wien,,"(ved Wien) II, 75, 76, 83, 84-85, 88, 92, 96, 97. V, 142, 144.",clean,
Baden-Baden,Baden-Baden,,,,,"II, 338. V, 382, 387.",clean,
Bamberg,Bamberg,,,,,"II, 303. V, 231, 242, 453.",clean,
Barcelona,Barcelona,,,,,"II, 99. Ill, 81-82, 85. IV, 100. V, 290, 291, 331, 455.",clean,
Basel,Basel,,,,,"I, 173. II, 103, 298, 364, 367-68, 369, 374. Ill, 4, 5, 12, 71, 76. IV, 233, 240. V, 43, 149, 150, 253, 254, 268, 377, 387.",clean,
Basnæs,Basnæs,,,,,"II, 264-66, 267, 272, 273, 283, 290, 291-94, 306-07, 310-n, 315, 322-23, 326- 28, 329-31, 363, 369, 374, 384, 385-88, 390- 93, 395, 396-97- HI, «-2, 58, 65-67, 69, 70, 72-73, 74, 80, 120, 124, 127, 128-32, 138- 40, 141, 148-57, 168, 177-79, 181-90, 192, 193, 227, 229-35, 237-40, 241-46, 338, 339, 343, 344-49, 352-54, 355, 357'58, 361, 362. IV, 2, 4-5, 24, 26, 27, 29-31, 33, 42-44, 72, 75, 76-77, 78, 88-91, 146-56, 173, 175-76, >93> >97-99, 201, 213, 216, 217-19, 224-25, 338-40. V, 149, 185, 217, 223, 224, 226, 227, 228, 231, 233, 238, 241, 257, 259, 260, 261, 280, 284, 285, 286, 287, 288, 290, 306, 307, 308, 310, 314, 315, 320, 321, 322, 324, 325, 328, 335, 339, 355, 362, 364, 366, 369, 378, 379, 394, 398, 4>4, 4>5, 4>6, 4>7, 423, 424, 433, 435, 440, 442•",low,'
Bastei,Bastei,,,,,"II, 221. Ill, 50. V, 205.",clean,
Bavelse Sø,Bavelse Sø,,,,,"I, 242.",clean,
Baveno,Baveno,,,,,"I, 187.",clean,
Bayern,Bayern,,,,,"II, 366, 373. V, 293, 358.",clean,
Bayonne,Bayonne,,,,,"III, 90, 92, 98, 99, 290, 292. V, 296, 349-",clean,
Bayreuth,Bayreuth,,,,,"I, 291. V, 81.",clean,
Beaucaire,Beaucaire,,,,,"II, too.",clean,
Belgien,Belgien,,,,,"II, 131, 158, 159. Ill, 117, 127. 246, 271. IV, 191. V, 161.",clean,
Bellaggio,Bellaggio,,,,,"IV, 255.",clean,
Belvedere,Belvedere,,,ved Weimar,,"(ved Weimar) II, 63, 110, 115, 276. V, 154, 220.",clean,
Berg,Berg,,,,,"II, 194. V, 192, 193.",clean,
Berlin,Berlin,,,,,"I, 70, 78-83, 90, 146, 293. II, 5, 6, 19, 38, 39, 40-47, 50, 52, 56, 57, 66, 69, 85, 121, 133, 212, 221, 224, 246, 257, 383, 385, 386. IV, 13, 84, 85. V, 21,54,118,119, 132, >33, 180, 193, 205, 207, 214, 223, 257, 483.",clean,
Bern,Bern,,,,,"I, 175, 180. Ill, 32, 34, 36-38, 39. IV, 21, 23, 55, 232-34, 235, 247, 251. V, 43, 150, 248, 278, 280, 290, 376, 377, 387, 405, 446, 447, 449.",clean,
Bernina,Bernina,,,,,"IV, 256.",clean,
Bernstorff Slot,Bernstorff Slot,,,,,"IV, 88. V, 334, 398.",clean,
Berwick-on-Tweed,Berwick-on-Tweed,,,,,"II, 158. V, 173.",clean,
Bex,Bex,,,,,"II, 350. Ill, 31, 33, 78. V, 277, 280.",clean,
Beziers,Beziers,,,,,"II, 100.",clean,
Biarritz,Biarritz,,,,,"III, 99. IV, 237. V, 296.",clean,
Biel,Biel,,,,,"IV, 23. V, 247.",clean,
Bjärka-Säby,Bjärka-Säby,,,,,"II, 193. V, 193.",clean,
Blankenburg,Blankenburg,,,,,"I, 290. V, 491.",clean,
Blois,Blois,,,,,"III, 100. V, 298, 360.",clean,
Bodensøen,Bodensøen,,,,,"II, 303. IV, 108. V, 231.",clean,
Bogense,Bogense,,,,,"I, 7. II, 238. V, 5.",clean,
Bordeaux,Bordeaux,,,,,"III, 92, 97, 98-101, 189, 284, 285, 288-91, 292, 293, 295, 305, 307, 314, 325, 330, 332, 333, 334-36, 337-39, 34Ö-IV, 346. V, 296, 297, 298, 330, 349, 360, 361.",clean,
Borreby,Borreby,,,,,"II, 265. Ill, 1, 69, 243, 346, 357. IV, 43, 89. V, 217-18, 339.",clean,
Boulogne,Boulogne,,,,,"II, 283.",clean,
Bovbjerg,Bovbjerg,,,,,"II, 316. V, 235.",clean,
Bozen,Bozen,,,,,"IV, 211, 212. V, 438, 439.",clean,
Brahetrolleborg,Brahetrolleborg,,,,,"I, 284. V, 77.",clean,
Bramstrup,Bramstrup,,,,,"I, 108. V, 27.",clean,
Braunschweig,Braunschweig,,,,,"I, 69-72, 76, 123, 289. II, 122, 133, 225, 283. Ill, 54. IV, 94, 216. V, 19, 117, 156, 205, 220, 232, 284, 399, 440.",clean,
Bregentved,Bregentved,,,,,"I, 320, 322-28, 348, 349-51. II, 20-22, 134. IV, 284, 289, 290, 291, 292-93, 295-97, 3o°-°4, 3°7-°8> 3IO> 311, 3J4, 326. V,p^, 97, 100, 109, no, 115, 125, 163, 466- 67, 470, 472, 484. VI, 14.",high,^°
Bregninge,Bregninge,,,,,"I, 59.",clean,
Breitenburg,Breitenburg,,,,,"I, 287, 288-89, 323, 324, 329-31, 338. II, 1-3. V, 80, 100, 113, 114, 115, 117.",clean,
Bremen,Bremen,,,,,"II, 37, 122. V, 117, 129, 131, 164.",clean,
"Brenets, Les","Brenets, Les",,,,,"II, 344. V, 247.",clean,
Brenner,Brenner,,,,,"IV, 211.",clean,
Breslau,Breslau,,,,,"II, 380. V, 256, 278.",clean,
Brieg,Brieg,,,,,"I, 186. Ill, 31. V, 277.",clean,
Brienz,Brienz,,,,,"III, 37. IV, 250. V, 280, 451.",clean,
Brixen,Brixen,,,,,"IV, 211.",clean,
Broager,Broager,,,,,"III, 150, 154. V, 311-312.",clean,
Brocken,Brocken,,,,,"I, 76.",clean,
Broholm,Broholm,,,,,"I, 253-54, 263, 285. II, 175. V, 66, 68, 183.",clean,
Brunnen,Brunnen,,,,,"II, 297-99, 301, 303, 338, 343. Ill, 5> 32, 33? 34-35, 36, 37, 3Ö-39, 42-43, 44, 46, 47, 70, 72, 73, 74, 75, 76, 77, 79. IV, 31, 64, 247, 248, 249, 250, 251, 252, 254, 255, 256, 339, 340. V, 229, 231, 244, 246, 247, 280, 281, 288, 290, 294, 379, 451, 452, 495-",clean,
Brügge,Brügge,,,,,"III, 125.",clean,
Brünn,Brünn,,,,,"IV, 95, 99, 205, 207. V, 400, 436.",clean,
Brüssel,Brüssel,,,,,"III, 125, 256, 261, 270, 272, 273, 281. IV, 59, 142, 143, 144, 342. V, 224, 347, 348, 412.",clean,
Brædstrup,Brædstrup,,,,,"II, 198. V, 195.",clean,
Burgos,Burgos,,,,,"III, 90, 92, 97-98, 99, 292, 293. V, 296, 3O3-",clean,
Büchen,Büchen,,,,,"IV, 179. V, 207.",clean,
Bückeburg,Bückeburg,,,,,"III, 250.",clean,
Boget,Boget,,,,,"III, 127. V, 303, 318.",clean,
Borglumkloster,Borglumkloster,,,,,"II, 316, 319. V, 236.",clean,
Cadiz,Cadiz,,,,,"III, 90. V, 293.",clean,
Cannes,Cannes,,,,,"IV, 134. V, 409.",clean,
Cannstatt,Cannstatt,,,,,"II, 372. V, 255.",clean,
Carrara,Carrara,,,,,"I, 193.",clean,
Cartagena,Cartagena,,,,,"III, 85. IV, 65. V, 291, 390.",clean,
Castel Gandolfo,Castel Gandolfo,,,,,"III, 18.",clean,
Castellamare,Castellamare,,,,,"III, 83.",clean,
Celle,Celle,,,,,"III, 249, 250. V, 340.",clean,
Cette,Cette,,,,,"II, 99, 100, 101-02. V, 149, 290.",clean,
Chamouny,Chamouny,,,Chamonix,,"(Chamonix) II, 350.",clean,
Champagnole,Champagnole,,,,,"I, 171.",clean,
Charlottenlund Slot,Charlottenlund Slot,,,,,"IV, 88. V, 398.",clean,
Chaux de Fonds,Chaux de Fonds,,,,,"IV, 23.",clean,
Chênes,Chênes,,,,,"II, 357, 362.",clean,
Chiavenna,Chiavenna,,,,,"IV, 255-56. V, 452.",clean,
Chillon,Chillon,,,,,"I, 173, 181-82. II, 350. V, 43.",clean,
Christiania,Christiania,,,,,"II, 300, 376. Ill, 166, 194. IV, 62, 135, 136, 176, 184, 186, 187-90, 212,214, 215, 347-48. V, 202, 230, 286, 389, 390, 399, 400, 402, 410-11, 424, 428, 430, 487- 88.",clean,
Christiansdal,Christiansdal,,,,,"II, 198. V, 195, 437.",clean,
Christiansfeld,Christiansfeld,,,,,"III, 198, 200. V, 327, 328, 329.",clean,
Christianssund,Christianssund,,,,,"II, 190. V, 192.",clean,
Christinelund,Christinelund,,,,,"II, 202, 203, 204, 279, 302, 314, 317, 318, 341, 354. Ill, 41, 47, 70, 126-28, 138, 139, 144, 169, 172, 173, 196, 210, 213, 343. IV, 164, 213, 225, 253, 314, 317, 319. V, 197, 198, 202, 234, 303, 309, 316, 317, 3j9> 330, 331-",clean,
Chur,Chur,,,,,"IV, 255, 256. V, 452, 453.",clean,
Cilli,Cilli,,,,,"II, 92, 96.",clean,
Cintra,Cintra,,,,,"III, 303, 304, 306, 314, 315, 322, 325, 329-3 b 332. IV, 100, 346. V, 351, 352, 358, 379-",low,b
Civita vecchia,Civita vecchia,,,,,"I, 310. Ill, 8, 24. V, 269, 276.",clean,
Coimbra,Coimbra,,,,,"III, 322, 326, 331. V, 357, 359.",clean,
Colico,Colico,,,,,"IV, 255.",clean,
Collin,Collin,,,,,"I, 219-20. V, 56.",clean,
Como-Søen,Como-Søen,,,,,"IV, 255.",clean,
Conradineslyst,Conradineslyst,,,,,"III, 173-74, 175’76* V, 31g.",medium,*’
Cordoba,Cordoba,,,,,"III, 90, 91. V, 294.",clean,
Dalarne,Dalarne,,,,,"II, 187, 188, 189, 194. V, 191.",clean,
Danmark,Danmark,,,,,"I, 227. II, 53, 55, 56, 63, 64, 66, 68, 69, 71, 72, 73, 76, 77, 78, 80, 87, 97, no, in, 115, 137, 138, 144, 146, 148, 156, 159, 176, 183, 200, 358, 368. Ill, 148, 156, 288, 323. V, 182, 196, 200, 230, 267, 308- 09, 311, 314, 328, 356, 373, 468, 474.",clean,
Dannevirke,Dannevirke,,,,,"III, 264. V, 204, 268, 310, 311.",clean,
Dardanellerne,Dardanellerne,,,,,"I, 312, 314.",clean,
Dax,Dax,,,,,"III, 99. V, 296.",clean,
Desenzano,Desenzano,,,,,"IV, 211. V, 438.",clean,
Dijon,Dijon,,,,,"I, 171. IV, 15, 17, 55, 123. V, 375, 386, 407, 409.",clean,
Dole,Dole,,,,,"I, 161, 171. V, 39.",clean,
Domo d’Ossola,Domo d’Ossola,,,,,"I, 175. V, 277.",clean,
Donau,Donau,,,,,"I, 293, 312, 316. II, 87, 94. IV, 207. V, 93, 243.",clean,
Doubs,Doubs,,,,,"II, 344. V, 39, 247.",clean,
Drammen,Drammen,,,,,"IV, 188.",clean,
Dresden,Dresden,,,,,"I, 31, 75, 77-79, 80, 82, 177, 288. H, 5-6, 55, 57, 61, 65-72, 73, 74, 76, 77, 80-82, 85, 95, 200, 210, 212, 219-22, 240, 252, 253-54, 257-58, 265, 268, 269, 270, 273, 274-75, 277, 283, 284, 288, 299, 300, 303, 304, 306, 363, 369, 370, 372-75, 378- 85, 386. Ill, 50, 53-54, 109, 117, 124, 246. IV, 93, 95, 99, 145, 159, 199, 201, 202, 204- 05, 209, 212, 316, 331. V, 20, 21, I 18, I 19, 142, 143, 144, 204, 205, 207, 21 I, 213, 214, 215, 216, 219, 220, 221, 222, 223, 226, 231, 232, 255, 256, 257, 278, 283, 316, 399, 4OO, 417, 436, 464, 468.",low,H
Drottningholm,Drottningholm,,,,,"III, 220-21. V, 333.",clean,
Dybbøl,Dybbøl,,,,,"II, 175. V, 183, 184, 200, 268, 311, 312, 361.",clean,
Düsseldorf,Düsseldorf,,,,,"III, 123, 130. V, 102, 301, 302.",clean,
Düsternbrook,Düsternbrook,,,,,"II, 246. V, 212.",clean,
Edinburgh,Edinburgh,,,,,"II, 151, 156-57, 158. V, 169, 172, *73, 174-",low,*
Einsiedeln,Einsiedeln,,,,,"III, 44-45, 72, 73, 74, 75-76, 78. IV, 339, 340. V, 281, 288.",clean,
Eisenach,Eisenach,,,,,"II, 53, 306. IV, 122. V, 152, 242, 453-",clean,
Eisleben,Eisleben,,,,,"I, 77.",clean,
Elben,Elben,,,,,"II, 1, 332, 375. IV, 58, 60, 204. V, 204.",clean,
Ellekilde,Ellekilde,,,,Hellebæk,,n/a,
Elvedgaard,Elvedgaard,,,,,"I, 7, 30, 52. V, 5.",clean,
Elverhøj,Elverhøj,,,,,"I, 322. V, 96.",clean,
Ems,Ems,,,,,"I, 276. II, 265, 267, 298, 341. IV, 57, 58-59, 60, 77, 146. V, 76, 81, 387, 388, 414.",clean,
England,England,,,,,"II, 35, 47, 60, 68, 116, 129, 133, 139, 146, 151, 154, 155, 156, 166, 169, 180, 181, 293, 342, 346, 349, 35°, 362. HI, 157, 268, 301. IV, 29, 152, 191, 193. V, 146, 154, 157, 161, 166, 170, 175, 178, 186, 224, 226, 295, 315-16, 327, 328, 416.",low,°
Escorial,Escorial,,,,,"III, 293.",clean,
Espe,Espe,,,,,"II, 178. Ill, 184, 233-34, 237, 240, 361, 362. IV, 43, 164, 173-74. V, 185, 322-23, 362, 423, 424.",clean,
Ettersburg,Ettersburg,,,,,"II, 53, 62, 108-14, 115, 276-77. V, 118, 152, 166, 179.",clean,
Faaborg,Faaborg,,,,,"I, 30, 46, 60, 63, 232, 284, 285, 286. II, 173. V, 78.",clean,
Falköping,Falköping,,,,,"III, 216, 225. V, 332.",clean,
Felsenstein,Felsenstein,,,,Regenstein,,n/a,
Femern,Femern,,,,,"I, 287.",clean,
Flensborg,Flensborg,,,,,"II, 13, 35, 217, 219, 220, 264, 366, 374, 381, 383. 385. 386. Ill, 3, 51, 74, 75, 124, 262. IV, 339. V, 76, 122, 130, 183, 203, 205, 208, 223, 229, 232, 242, 257, 266, 282, 284, 29O, 3OI, 302, 307, 327, 455.",clean,
Flenstofte,Flenstofte,,,,,"I, 19, 21, 60, 63. V, 7.",clean,
Florens,Florens,,,,,"I, 149, 177, 180, 188, 191, 193, 195, 216, 306. Ill, 8, 13, 37, 38, 59, 104, 107, 109-10, in, 112, 113-16, 117. V, 87, 276, 280.",clean,
Fluelen,Fluelen,,,,,"IV, 255. V, 229, 246.",clean,
Frankfurt a,Frankfurt a,,,,,". Main I, 293. II, 104, 159, 246, 297. Ill, 3, 4, 71, 117. IV, 15, 40, 232, 233, 339, 34°- V, 152, 175, 188, 208, 212, 216, 226, 229, 230, 268, 288, 290, 309, 377, 446.",low,°
Frankrig,Frankrig,,,,,"I, 191. II, 99, 101, 102, 103, 344, 348, 349, 369. Ill, 98, 99, 246, 291. IV, 39, 112, 161. V, 81, 149, 204, 233, 360, 418.",clean,
Frascati,Frascati,,,,,"III, 18, 96.",clean,
Fredensborg,Fredensborg,,,,,"II, 341. Ill, 171. IV, 181. V, 286, 337, 401.",clean,
Fredericia,Fredericia,,,,,"I, 26, 279. II, 191, 193, 194, 197, 198, 205, 210, 215, 316. IV, 50, 93, 142, 144. V, 184, 192, 195, 202, 268, 413, 440, 444, 445-",clean,
Frederiksborg,Frederiksborg,,,,,"II, 325, 328. V, 233, 240, 241, 253, 287, 318, 363.",clean,
Frederiksdal,Frederiksdal,,,,,"I, 25, 34.",clean,
Frederiksgave,Frederiksgave,,,,,"I, 63. V, 7.",clean,
Frederikshavn,Frederikshavn,,,,,"II, 318-20, 321. V, 236, 238.",clean,
Frederiksstad,Frederiksstad,,,,,"II, 205. V, 204, 311.",clean,
Freiburg,Freiburg,,,,,"II, 258, 298. Ill, 32, 34, 36, 37. IV, 109, 340. V, 229, 278, 290, 405, 449.",clean,
Frijsenborg,Frijsenborg,,,,,"III, 136, 137-38, 139, 190, 192- 209, 211, 329. IV, 66-67, 68-70, 146, 154, 160, 164, 201. V, 304, 305, 306, 324, 325, 326, 329, 379>5^> 419-",low,^
Frohnalp,Frohnalp,,,,,"IV, 255.",clean,
Frørup,Frørup,,,,,"II, 166.",clean,
Fuirendal,Fuirendal,,,,,"II, 267. V, 218.",clean,
Furca,Furca,,,,,"I, 186.",clean,
Færøerne,Færøerne,,,,,"IV, 311. V, 474.",clean,
Før,Før,,,,,"II, 12, 27, 30, 41, 286-87, 299, 301, 304, 31 °, 34 b 346- IV, 5. V, 122, 150, 493.",medium,b°
Garda-Søen,Garda-Søen,,,,,"IV, 208, 211. V, 438.",clean,
Gavnø,Gavnø,,,,,"III, 358, 361, 362. IV, 2. V, 363.",clean,
Genève,Genève,,,,,"I, 161, 172, 173. II, 101-04, 345, 347, 35°, 35 b 354-57, 358, 361-65, 367, 369, 374, 376, 379, 360, 382- IH, 5- IV, 14, 52, 54, 55-56, 100, 101, 109, 111-12, 246-47. V, 43, 149, 150, 247, 248, 249, 250, 252, 253, 256, 268, 269, 290, 387, 405, 449.",medium,b°
Gent,Gent,,,,,"III, 125. V, 175, 386.",clean,
Genua,Genua,,,,,"I, 159, 177, 180, 188, 192, 194, 343. II, 349. III, 5, 12, 16, io, 24-25, 33, 36, 37, 78, 82, 85, 120. IV, 122. V, 268, 269, 277, 291.",clean,
Gerona,Gerona,,,,,"III, 81, 84. V, 290.",clean,
Giessbach,Giessbach,,,,,"III, 39. IV, 250-52, 254. V, 449, 450, 45",clean,
Gisselfeld,Gisselfeld,,,,,"I, 281, 319-20, 322, 328. IV, 146. v, 76, 94, 95, 96, 97.",low,v
Glarus,Glarus,,,,,"II, 301. V, 231.",clean,
Glasgow,Glasgow,,,,,"II, 158. V, 174.",clean,
Giion,Glion,yes,"alphabetical-position proof: as printed 'Giion' would not explain its position, but it sits exactly between 'Glasgow' and 'Giommen'/'Glorup' in the source (Glarus < Glasgow < Glion < Glommen < Glorup < Gluckstadt) -- 'l' misread as 'i', the same OCR confusion as the adjacent Giommen->Glommen correction",,,"IV, 234, 235, 238-47. V, 447, 449.",clean,
Giommen,Glommen,yes,"alphabetical-position proof: sits exactly between the corrected 'Glion' and 'Glorup' in the source (Glion < Glommen < Glorup); 'l' misread as 'i'. Glommen is the Norwegian Glomma river -- consistent with the adjacent Drammen/Kongsvinger/Sandviken entries citing the identical page 'IV, 188' from the same 1871 Norway itinerary",,,"IV, 188.",clean,
Glorup,Glorup,,,,,"I, 276-79, 283-86. II, 11-12, 24, 26- 29, 3Ï-32, 125, 126-31, 133-34, 165-78, 180- 85, 196-99, 200-01, 202-06, 209-12, 215-19, 221, 238-43, 245, 283, 369. III, 70, 73, 75, 133-37, J38, !97, ^8, 208-10. IV, 30, 32- 35, 37, 69-70, 75, 89, 91, 92, 93, 94, 160, 164, 338. V, 75, 96, 120, 122, 124, 127,128- 29, 157, 179, 184, 186, 187, 188, 195, 198, 203, 205, 211, 223, 232, 258, 303, 304, 305, 319, 328, 330, 379, 380, 391, 399, 419.",low,^
Glückstadt,Glückstadt,,,,,"II, 1. V, 114, 115.",clean,
Glænø,Glænø,,,,,"IV, 93, 94. V, 399, 417.",clean,
Goslar,Goslar,,,,,"I, 72, 76. V, 20.",clean,
Graasten,Graasten,,,,,"II, 13, 31, 32-33, 35. V, 128, 130, 165, 183.",clean,
Granada,Granada,,,,,"III, 85-86. V, 291, 292, 293, 310.",clean,
Graubünden,Graubünden,,,,,"IV, 254, 256.",clean,
Graz,Graz,,,,,"II, 86, 92, 96. IV, 106. V, 144, 146.",clean,
Greenwich,Greenwich,,,,,"II, 139.",clean,
Grefsen,Grefsen,,,,,"IV, 215, 217. V, 439.",clean,
Greiffenberg,Greiffenberg,,,,,"II, 367.",clean,
Greis Mølle,Greis Mølle,,,,,"I, 20, 26. V, 8.",clean,
Grevens Vænge,Grevens Vænge,,,,,"I, 281, 282. V, 76.",clean,
Grindelwald,Grindelwald,,,,,"III, 39. V, 280.",clean,
Grütli,Grütli,,,Rütli,,"(Rütli) II, 343. V, 247.",clean,
Grækenland,Grækenland,,,,,"I, 225, 247, 250, 311, 312, 313, 315, 316. IV, 105-06. V, 78, 83, 92, 306.",clean,
Gudme,Gudme,,,,,"I, 254.",clean,
Gundershausen,Gundershausen,,,,,"III, 75.",clean,
Göteborg,Göteborg,,,,,"II, 176, 189, 190, 191, 194, 195, 233, 234. IV, 184-86, 188. V, 69, 190, 191, 192, 194, 428.",clean,
Haag,Haag,,,,,"II, 16, 135-38, 139. III, 256, 261, 264, 267, 270-72, 315, IV, 342, 343. V, 164, 345, 346.",clean,
Haarlem,Haarlem,,,,,"II, 136. V, 164.",clean,
Haderslev,Haderslev,,,,,"III, 249. IV, 133, 216. V, 184, 257. 282.",clean,
Halberstadt,Halberstadt,,,,,"I, 290. II, 133. V, 440.",clean,
Hald,Hald,,,,,"I, 22.",clean,
Halle,Halle,,,,,"I, 77, 288. II, 52. V, 119, 206.",clean,
Hals,Hals,,,Enebærodde,,"(Enebærodde) I, 40, 109. V, 13.",clean,
Hamburg,Hamburg,,,,,"I, 68-70, 71, 72, 79, 80, 82-83, 84, 106, 120, 121-25, 132, 276, 288, 289, 323, 324, 326, 330, 331, 337, 338. II, i, 3, 5, 11, 12, 13, 31, 33, 34-37, 39, 126, 129, 131, 132, >33, ’34, *35> 22o, 225> 246, 252> 254, 297, 311, 383, 386. Ill, 123, 126, 248-49, 250, 338. IV, 39, 40, 51, 57-58, 60, 93, 94, 122, 142, 144, 197, 200, 216, 218. V, 19, 98, 99, 104, 114, 117, 130, 131, 164, 179, 203-04, 205, 208, 214, 215, 220, 223, 224, 225, 226, 229, 232, 257, 278, 284, 301, 340, 360, 370, 377, 382, 385, 387, 397, 399, 4^3, 435, 44®, 445, 446, 453, 488.",high,*^i’
Hameln,Hameln,,,,,"II, 274.",clean,
Hamm,Hamm,,,,,"IV, 142, 144.",clean,
Hannover,Hannover,,,,,"I, 123-24. II, 5, 42, 122, 126, 131, i33, 297- HI, 71, 74, 338. IV, 5, 15, 40, 57, 142, 143-45, 200-01, 229, 231, 340. V, 117, 118, 132, 226, 229, 301, 340, 360, 370, 387, 413, 435, 445, 453.",clean,
Harburg,Harburg,,,,,"I, 289. II, 37, 274. III, 2-3. V, 242, 413, 440.",clean,
Harzen,Harzen,,,,,"I, 76-77, 171. II, 133. IV, 316.",clean,
Haslev,Haslev,,,,,"IV, 289, 292, 296. V, 214, 470, 484.",clean,
Hauenstein-Tunnelen,Hauenstein-Tunnelen,,,,,"II, 298. V, 223-30.",clean,
"Havre, Le","Havre, Le",,,,,"I, 338, 343.",clean,
Heidelberg,Heidelberg,,,,,"II, 298. III, 71, 75, IV, 233. V, 208, 229, 446.",clean,
Helgenæs,Helgenæs,,,,,"II, 229.",clean,
Helgoland,Helgoland,,,,,"II, 13.",clean,
Hellebæk,Hellebæk,,,"og Aalsgaarde, Ellekilde",,"(og Aalsgaarde, Ellekilde) III, 185, 187, 195, 204, 205, 209, 212-13, 214, 278, 296, 308, 309» 3^-18, 322-23, 336-37, 338, 339-4°» 34L 348- *4» 23, 24, 25, 28, 31- 32, 34» 35-37» 4I-42» 54» 56, 59-6°, 61-64, 65, 66, 67, 68, 70, 71, 73-74, 75, 76, 78, 79- 80, 81, 83-84, 87-88, 89, 90, 91-92, 94, 146, 147, 148, 152, 153, 154-55» i56-59» 161-62, 163, 165-66, 167-69, 170, 171-72, 173, 175, 176, 177-78, 179, 181, 182-83, 185, 186-87, 189, 190, 191, 192, 201, 208, 210, 215, 216- 17, 219, 220-22, 225-26, 236, 242, 243, 246, 247-50, 252-54, 256-58, 263, 267, 274, 281, 282-83, 284, 285-87, 290, 294, 297-300, 303, 304-06, 308, 311-13, 315, 316, 317, 318-22, 327-28, 348. V, 331, 354,361, wj, 380, 390, 39b 397, 398, 4°7» 4^, 424» 43O~3b 432, 44b 443» 455» 461,471»473» 484» 485- VI, 21.",high,*^°»
Helsingborg,Helsingborg,,,,,"IV, 185, 189, 190. V, 430.",clean,
Helsingør,Helsingør,,,,,"I, 14-15, 263, 324. II, 167. III, 151, 171, 213, 214, 341. IV, 24, 113, 161, 163, 181, 185, 189, 222, 287, 348. V, 68, 69, 72, 181, 230, 312, 318, 359, 363, 384, 418, 424, 428, 430, 431, 441.",clean,
Hem,Hem,,,,,"III, 193, 198, 200-01. V, 326, 327.",clean,
Herculanum,Herculanum,,,,,"I, 214.",clean,
Herlufsholm,Herlufsholm,,,,,"I, 6. IV, 29.",clean,
Herning,Herning,,,,,"II, 315. V, 127, 235.",clean,
Hernosand,Hernosand,,,,,"II, 190.",clean,
Hildesheim,Hildesheim,,,,,"II, 332. V, 242.",clean,
Himmelbjerget,Himmelbjerget,,,,,"I, 22. II, 196-97.",clean,
Hindsgavl,Hindsgavl,,,,,"I, 27, 270. V, 181.",clean,
Hinnerup,Hinnerup,,,,,"III, 211. V, 330.",clean,
Hjørring,Hjørring,,,,,"II, 319-20. V, 236.",clean,
Hobro,Hobro,,,,,"III, 201. V, 329.",clean,
Hof,Hof,,,,,"I, 291. II, 224. IV, 216. V, 283, 440.",clean,
Hofmansgave,Hofmansgave,,,,,"I, 30, 31, 33, 36, 38-41, 49, 52, 109, 257. III, 225. V, 10, 335, 370.",clean,
Holland,Holland,,,,,"II, 127, 131, 136, 137. III, 271. V, 165, 339» 34L 342, 345» 398.",medium,»
Holsteinborg,Holsteinborg,,,,,"II, 265, 267-68, 269-70, 272-73, 291» 377» 39J-92, 394- HI, 69-70, 73, 126, 127, 129, 226-29, 240, 245, 343-44» 346, 353» 355-57» 360-62. IV, 1-2, 4, 37-39, 43, 66, 67, 68, 69, 89, 90, 92-94, 97, 152, 153, 155, 156, 281-90, 291-92, 293, 311. V, 218, 285, 286, 287, 288, 303, 362, 363, 365, 366, 370, 385» 391» 399» 4’7» 4l8, 422, 424» 466, 469» 495-",high,»’
Holsten,Holsten,,,,,"II, 209, 237, 254, 288, 300. III, 3, 39, 145. V, 92, 114, 197, 200, 214, 230, 231, 267, 268, 281, 295,509, 353, 358.",clean,
Holstenshus,Holstenshus,,,,,"I, 284. II, 180. V, 77.",clean,
Holte,Holte,,,,,"III, 214, 215. V, 314, 331.",clean,
Hornbæk,Hornbæk,,,,,"IV, 36, 177, 191, 249. V, 424, 469.",clean,
Horsens,Horsens,,,,,"I, 22. II, 197, 238, 243. V, 195.",clean,
Hospenthal,Hospenthal,,,,,"II, 297. V, 229.",clean,
Huledals Mølle,Huledals Mølle,,,,,"I, 6.",clean,
Husby,Husby,,,,,"II, 315, 320. V, 235.",clean,
Hyby,Hyby,,,,,"I, 271-73. V, 72, 332.",clean,
Hyéres,Hyéres,,,,,"IV, 101. V, 402, 404.",clean,
Håckeberga,Håckeberga,,,,,"I, 273. V, 72.",clean,
Hønefoss,Hønefoss,,,,,"IV, 188.",clean,
Innsbruck,Innsbruck,,,,,"IV, 122, 204, 207-09, 210, 211-13, 215- V, 214, 437, 438, 439.",clean,
Interlaken,Interlaken,,,,,"III, 32, 34, 37, 39, 70, 76, 87. IV, 22-23, 160, 163, 164, 247, 251-52. V, 280, 293, 376, 449, 451-",clean,
Inin,Irun,yes,"alphabetical-position proof: as printed 'Inin' would sort BEFORE 'Interlaken', but it is placed AFTER Interlaken and BEFORE Ischia in the source -- 'Irun' is the only plausible reading that sorts correctly in that exact slot (Int- < Iru- < Isc-)",,,"III, 292.",clean,
Ischia,Ischia,,,,,"IV, 36. V, 54.",clean,
Island,Island,,,,,"IV, 317. V, 478.",clean,
Isola bella,Isola bella,,,,,"I, 187. V, 47, 277.",clean,
Isted,Isted,,,,,"II, 205. V, 197, 318.",clean,
Italien,Italien,,,,,"I, 131, 178, 180, 182, 185, 191, 193, 194, 195, 226-27, 229-30, 231, 234, 235, 236, 261, 263, 294, 305, 316, 329, 331, 335, 336. II, 13, 28, 44, 57, 62, 95, 97, ioi, 103, 110, 239, 240, 311, 326, 338, 355, 358, 363, 364, 366, 373, 385. III, 22, 56, 59, 98, 101, 318. IV, 36, 64, 149, 211, 239, 255, 260, 261, 315, 338, 345. V, 47, 78, 83, 103, 128, 155, 221, 252, 253, 274, 282, 298, 353, 422, 452, 455, 488.",clean,
Itzehoe,Itzehoe,,,,,"I, 289, 329, 330. II, 2. V, 80, 100, 115, 268, 353, 452.",clean,
Japan,Japan,,,,,"III, 253, 262, 269. IV, 232. V, 341, 446.",clean,
Jena,Jena,,,,,"II, 54, 55, 57, 59, 61, 62, 65, 67, 116, 163, 202. V, 117, 135, 136, 137, 138, 139, 178.",clean,
Jungfrau,Jungfrau,,,,,"III, 39. IV, 23, 252. V, 293, 450.",clean,
Jungshoved,Jungshoved,,,,,"I, 344. V, 74, 107.",clean,
Jurabjergene,Jurabjergene,,,,,"I, 171, 172. II, 355, 361. IV, >7, 55-",clean,
Jönköping,Jönköping,,,,,"III, 216, 225. IV, 185, 188, 190. V, 332, 334, 428, 430-",clean,
Kalleboderne,Kalleboderne,,,,,"I, 324.",clean,
Kalundborg,Kalundborg,,,,,"I, 113. II, 229. V, 194, 209, 321.",clean,
Karise,Karise,,,,,"I, 322. V, 96.",clean,
Karlsruhe,Karlsruhe,,,,,"II, 258-59, 368. V, 216, 253, 254.",clean,
Karlstad,Karlstad,,,,,"IV, 190. V, 428, 430.",clean,
Kassel,Kassel,,,,,"III, 3-4, 71. IV, 340. V, 50, 226, 266, 377, 382,446,453.",clean,
Kattegat,Kattegat,,,,,"II, 319, 321.",clean,
Katwijk,Katwijk,,,,,"III, 270.",clean,
Kempten,Kempten,,,,,"III, 44, 45-46. IV, 108, 110. V, 404.",clean,
Kerteminde,Kerteminde,,,,,"I, 28. II, 175. V, 9, 184.",clean,
Kiel,Kiel,,,,,"I, 81, 286-87, 320, 323, 324. II, 2, 85, 131, 134, 246, 252, 381, 385. III, 123, 126. v, 78, 80, 97, 113, 114, 135, 164, 179, 212, 213, 214, 220, 224, 226, 267, 3OI, 353, 388.",low,v
Kilburn,Kilburn,,,,,"II, 147. V, 169.",clean,
Kinnekulle,Kinnekulle,,,,,"II, 194. V, 194, 333.",clean,
Klagenfurt,Klagenfurt,,,,,"IV, 106.",clean,
Klampenborg,Klampenborg,,,,,"IV, 21, 25. V, 419, 454.",clean,
Klosterneuburg,Klosterneuburg,,,,,"II, 95. V, /47.",clean,
Kolding,Kolding,,,,,"I, 22-23, 27- U, 26, 177. Ill, 248. V, 9, 184, 192, 304, 360.",low,U
Kongsdal,Kongsdal,,,,,"II, 290. V, 227.",clean,
Kongsvinger,Kongsvinger,,,,,"IV, 188. V, 428, 430.",clean,
Konstantinopel,Konstantinopel,,,,,"I, 312, 313-16, 317, 318. II, 221. III, 219. IV, 102. V, 92, 93.",clean,
Korselitze,Korselitze,,,,,"II, 23, 27, 28, 227-28. V, 125, 127, 208.",clean,
Korsør,Korsør,,,,,"I, 241-44, 275, 323. II, 165, 178, 291, 3°7> 369, 385, 387- IH, 54, 55, 58, 73, 75, 118, 133-34, 209, 248. IV, 37, 39, 44, 69, 88, 94, 146, 173, 197, 198, 200, 217, 218, 225, 3*7, 339- V, i22, 2I7, 220, 224, 226-27, 229, 233, 242, 258, 266, 282, 284, 290, 301, 304, 305, 306, 309, 319, 329, 33°, 377? 383, 39b 399, 4*3, 435, 44°, 444, 453-",high,*°
Koster,Koster,,,,,"I, 6.",clean,
Kulien,Kulien,,,,,"I, 15. IV, 71, 166.",clean,
Kværndrup,Kværndrup,,,,,"I, 284, 285.",clean,
Kyholm,Kyholm,,,,,"I, 115. V, 29.",clean,
Køge,Køge,,,,,"I, 319, 343. IV, 308, 318. V, 304.",clean,
Köln,Köln,,,,,"I, 292. III. 338. IV, 39, 57, 139, 141-43, 144. V, 175, 208, 224, 360, 370, 387, 412.",clean,
Königstein,Königstein,,,,,"II, 282, 289, 305. V, 222.",clean,
Lago maggiore,Lago maggiore,,,,,"I, 175, 180, 187. III, 19, 24.",clean,
Langeland,Langeland,,,,,"II, 264.",clean,
Languedoc-Kanalen,Languedoc-Kanalen,,,,,"II, 100.",clean,
Lausanne,Lausanne,,,,,"I, 173, 180, 186. II, 347, 350, 352. III, 24, 27, 28, 30, 32-33, 34-36, 37, 39, 40, 41. IV, 11, 14. V, 248, 250, 278, 314.",clean,
Lauterbrunnen,Lauterbrunnen,,,,,"III, 39.",clean,
Lehrte,Lehrte,,,,,"II, 274.",clean,
Leiden,Leiden,,,,,"II, 136. Ill, 251, 253, 260, 262, 264, 266-67, 270. IV, 51, 342, 344. V, 164, 344, 345.",clean,
Leipzig,Leipzig,,,,,"I, 77, 78, 86, 288-91. II, 5, 6, 55, 61- 65, 66, 67, 69, 80, 85, 94, 112, 113, 115-18, 121, 122, 148, 151, 154, 155, 158, 163-64, 220, 223-25, 252, 274, 277, 303, 305, 373, 378, 379, 382. HI, 54- IV> 93, 94-95, 200- 02, 203, 204, 216. V, 81, 119, 137, 138, 139, H1» i43, !53> *54» ^6, 172, 175, 178, i87, 204, 205, 206, 208, 220, 221, 222, 226, 229, 231, 232, 255, 283, 399, 435, 436, 440, 493.",high,*^»
Lekkende,Lekkende,,,,,"IV, 208. V, 438.",clean,
Leksand,Leksand,,,,,"II, 187. V, 191.",clean,
Lerchenborg,Lerchenborg,,,,,"II, 226, 268, 272. Ill, 70, 72, 73, 75, 77, 79-8°- V, 208, 244, 288.",low,°
Lerchesminde,Lerchesminde,,,,,"II, 335. V, 244.",clean,
Lilleasien,Lilleasien,,,,,"I, 310, 314.",clean,
Limfjorden,Limfjorden,,,,,"II, 360. IV, 167, 189, 283, 286, 299, 3°6- V, 235, 236, 421.",low,°
Lindau,Lindau,,,,,"II, 303, 343. IV, 108. V, 231, 404, 453-",clean,
Linkoping,Linkoping,,,,,"II, 193, 194. V, 193,",clean,
Linz,Linz,,,,,"IV, 106, 207. V, 403, 437.",clean,
Liselund,Liselund,,,,,"I, 6.",clean,
Lissabon,Lissabon,,,,,"III, 188, 189, 190,. 209, 213, 214, 215, 227, 231, 234, 239, 243, 246, 284, 289, 291, 293, 295, 297, 298-309, 311, 314, 316, 319-22, 324-27, 330, 332-34, 336, 339. IV, 68, 134, 342, 345-46. V, 323, 325, 349, 350, 35 b 352, 354, 357, 358, 359, 361-",low,b
Livorno,Livorno,,,,,"I, 188, 193, 194, 215, 306. II, 102. Ill, 8, 16, 19, 82. V, 269, 276, 277, 280.",clean,
Loch Laggan,Loch Laggan,,,,,"II, 158. V, 171, 174.",clean,
Loch Lomond,Loch Lomond,,,,,"II, 158. V, 173, 174.",clean,
"Locle, Le","Locle, Le",,,,,"I, 156, 159, 161, 162, 163, 166, 171- 82, 185, 186. II, 338, 342-45, 347, 348, 349, 350, 35b 369. 375- IV, 11, 13, 15, 16, 17, 20-23, 52, 55- V, 39, 122, 247, 249, 375, 376.",clean,
Lombardiet,Lombardiet,,,,,"II, 218.",clean,
London,London,,,,,"II, 118, 125, 127, 128, 130, 133, 136, 138-54, ’57, ’58, 159, 160, 163, 180, 222, 368. Ill, 103, 106, 109, 115, 117, 118, 125, 149, >50- IV, 191, 204, 260, 277, 292, 315. v, 155, 165, 166, 167, 168, 169, 174, 175, /75-79, 180, 186, 187, 205, 224, 299, 311, 336, 342, 349-",medium,v’
Lucca,Lucca,,,,,"I, 177, 180, 188. V, 276.",clean,
Luzern,Luzern,,,,,"II, 303. Ill, 39, 75, 76, 77. IV, 250, 255. V, 229, 247, 280, 451, 453.",clean,
Lübeck,Lübeck,,,,,"I, 68, 81, 83, 84, 121-22, 123, 133, 289. II, 171, 224. IV, 179, 191. V, 17, 30, 206, 208, 311, 340.",clean,
Lykkesholm,Lykkesholm,,,,,"I, 30, 108, 223-31, 237, 241, 245- 57, 258, 259, 269, 276, 277. V, 10, 27, 57, 67, 68, 70, 258. VI, 32.",clean,
Lyksborg,Lyksborg,,,,,"II, 334, 346. V, 246.",clean,
Lüneburg,Lüneburg,,,,,"I, 71. V, 115, 162.",clean,
Lüneburger Heide,Lüneburger Heide,,,,,"I, 70-71. V, 19.",clean,
Lyon,Lyon,,,,,"II, 101, 102. Ill, 5, 78, 81. IV, 100, 101, 109, 112. V, 149, 269, 290, 405, 409.",clean,
Løgumkloster,Løgumkloster,,,,,"II, 166. V, 180.",clean,
Madeira,Madeira,,,,,"II, 28. IV, 84, 85.",clean,
Madrid,Madrid,,,,,"II, 91. Ill, 90, 91-94, 97, 98, 99, 189, 190, 197, 199, 202, 209, 234, 235, 240, 243, 246, 284, 288, 292, 293-95, 298, 299, 300, 305, 311, 325, 336. V, 294, 296, 325, 332, 339» 350» 354-",medium,»
Magdeburg,Magdeburg,,,,,"I, 288, 289, 290. II, 133, 220, 252, 274. IV, 201, V, 132, 204, 206, 435.",clean,
Maidstone,Maidstone,,,,,"IV, 153. V, 416.",clean,
Mainz,Mainz,,,,,"I, 126. V, 150.",clean,
Malaga,Malaga,,,,,"II, 91, 92, 94. Ill, 85-86. V, 291, 292, 293» 303-",low,»
Malmö,Malmö,,,,,"I, 271-72. Ill, 215-16, 225. V, 72, 73, 187,244, 332, 334.",clean,
Malta,Malta,,,,,"II, 47. V, 90.",clean,
Mannheim,Mannheim,,,,,"III, 71, 72, 75. IV, 340.",clean,
Mantua,Mantua,,,,,"I, 309.",clean,
Mariager,Mariager,,,,,"III, 201. V, 329.",clean,
Marienlyst,Marienlyst,,,,,"II, 301. Ill, 171. IV, 21. V, 230, 318, 384, 424.",clean,
Mariestad,Mariestad,,,,,"II, 194.",clean,
Marino,Marino,,,,,"III, 18.",clean,
Marmara-Havet,Marmara-Havet,,,,,"I, 314.",clean,
Marseille,Marseille,,,,,"II, 91, 92, 94, 101, 102. Ill, 78. IV, 113, 114. V, 92, 149, 152-53, 269, 370, 405, 409.",clean,
Marstrand,Marstrand,,,,,"IV, 186. V, 194, 428.",clean,
Martinach,Martinach,,,Martigny,,"(Martigny) I, 175, 180, 186. V, 44.",clean,
Maxen,Maxen,,,,,"II, 6, 220, 221, 251-53, 258, 273-75, 277, 280, 281-85, 288-89, 301-06, 312, 363, 371, 373. Ill, 36, 37, 38, 40, 42-43, 45, 46- 47, 5°-5i, 55, 58. IV, 91, 94-96, 99. V, 119, 205, 21 I, 213, 215-16, 220, 222, 22$, 22Ö, 228, 231, 232, 256, 278, 280, 283, 399, 4OO, 401, 443.",medium,$°
Meiningen,Meiningen,,,,,"II, 332. V, 242, 453.",clean,
Meiringen,Meiringen,,,,,"III, 39.",clean,
Mentona,Mentona,,,,,"IV, 84, 86, 108, 122, 212. V, 485.",clean,
Merida,Merida,,,,,"III, 243, 284, 288. V, 350.",clean,
Merseburg,Merseburg,,,,,"I, 77, 86.",clean,
Messina,Messina,,,,,"III, 82. V, 245.",clean,
Middelfart,Middelfart,,,,,"II, 165, 170, 245. Ill, 248. V, 180, 184, 340, 365, 453.",clean,
Milona,Milano,yes,"n/o transposition; confirmed by user as a typo in the printed index itself (not an OCR artifact); Andersen's repeated, heavily-cited Milan visits match the reference volume; alphabetical position unaffected (falls correctly between Middelfart and Minden either way)",,,"I, 159, 172, 177, 180, 182-90, 191, 192, 199. II, 26, 96, 223. Ill, 21, 22, 24, 26, 33, 37, 41. V, 47, 208, 234, 277.",clean,
Minden,Minden,,,,,"IV, 51. V, 385.",clean,
Miranda,Miranda,,,,,"III, 293.",clean,
Mola di Gaeta,Mola di Gaeta,,,,,"I, 213.",clean,
Montblanc,Montblanc,,,,,"I, 173, 180. II, 361.",clean,
Montpellier,Montpellier,,,,,"II, 101.",clean,
Montreux,Montreux,,,,,"II, 350. Ill, 24, 30-32, 33, 34, 70, 73, 78, 83, 116. IV, 44, 203, 234, 235, 240, 241, 247, 328. V, 43, 248, 250, 277, 280, 290, 300, 302, 447, 448, 468, 485.",clean,
Mori,Mori,,,,,"IV, 211. V, 438.",clean,
Morteau,Morteau,,,,,"IV, 22.",clean,
Motala,Motala,,,,,"II, 189, 190, 192-94. V, 193, 194.",clean,
Mullerup,Mullerup,,,,,"II, 173. V, 183.",clean,
Murcia,Murcia,,,,,"III, 85. V, 291.",clean,
Murnau,Murnau,,,,,"II, 336.",clean,
München,München,,,,,"I, 177, 215, 216, 217, 218-19, 287, 288, 293, 294-95, 3°b 302, 305- II, 224, 252, 298, 301, 303, 332-33, 335-39, 363, 364, 367-70, 372, 373, 378, 379- HI, 35, 43, 44, 45, 46, 47, 54- IV, 101, I03, 105-08, IO9-IO, III, 122, 128, 146, I59, 21 I, 212, 215-16, 256. V, 54, 82, 87, 214, 216, 231, 242, 243, 244, 246, 253, 254, 255, 256, 278, 283, 403, 404, 417, 439, 440, 453-",low,°
Münden,Münden,,,,,"III, 3. V, 266.",clean,
Mysunde,Mysunde,,,,,"II, 205.",clean,
Mälaren,Mälaren,,,,,"II, 187. IV, 340. V, 191, 333.",clean,
Moen,Moen,,,,,"I, 6, 280. V, 4.",clean,
"Mönch, Der","Mönch, Der",,,,,"IV, 23.",clean,
Nakkebølle,Nakkebølle,,,,,"I, 60.",clean,
Naumburg,Naumburg,,,,,"II, 52.",clean,
Neapel,Neapel,,,,,"I, 177, 188, 201, 209-16, 218, 232, 305, 3°6> 3o8> 343- n, 4b 44, 9°, 9b 92, 93, 94, 95, 97-98, IQ2, 109, no, 117. III, 73, 78, 82, 83, 84, 86-88, 90, 91. V, 15, 53, 54, 55, 88, 90, H8, H9, i84, 245, 251, 252, 253, 292, 294, 476.",medium,n°
Neuchâtel,Neuchâtel,,,,,"I, 173, 179, 180, 181, 186. II, 343, 349. Ill, 5-6. IV, 15, 16-18, 21, 23, 54-55, 57. V, 43-44, 247, 248, 249, 268, 269, 375, 378, 388-",clean,
Neumünster,Neumünster,,,,,"II, 386. III, 124. V, 80, 114, 232, 257, 258, 301.",clean,
Newcastle,Newcastle,,,,,"II, 158.",clean,
New York,New York,,,,,"II, 277. IV, 101, 130. V, 232, 397, 402, 416, 421, 474, 479-",clean,
Nilen,Nilen,,,,,"IV, 8.",clean,
Nîmes,Nîmes,,,,,"II, 101. Ill, 81. V, 149, 290.",clean,
Nizza,Nizza,,,,,"II, 99, 349, 355, 358. Ill, 78, 114, 116, 117. IV, 86, 106, 108, 109, in, 112, 114, 117, 120, 121-23, 125, 128, 131, 136, 201. V, 149, 251, 269, 285, 406, 408, 409, 410, 432.",clean,
Norge,Norge,,,,,"II, 333, 334, 338. Ill, 152, 162, 163, 165, 166, 167, 169. IV, 65, 90, 136, 176, 181, 183-86, 188, 190, 191, 347. V, 72, 283, 322, 374, 468, 488.",clean,
Nyborg,Nyborg,,,,,"I, 237, 241, 257, 283, 285, 286. II, 22, 126, 133, 165-66, 175, 176, 177, 179, 205, 209, 215, 240, 287. Ill, 134. IV, 94. V, 122, 184, 185, 188, 189, 340, 379.",clean,
Nygaard,Nygaard,,,,,"I, 102, no, 114, 144,217,239^,24.",low,^
Nykøbing paa Falster,Nykøbing paa Falster,,,,,"II, 23. V, 125, 126.",clean,
Nürnberg,Nürnberg,,,,,"I, 290-92, 293. II, 224, 303, 333, 373. Ill, 45. IV, 211, 213, 214, 215-16. V, 81, 208, 216, 231, 241, 242, 243, 255, 283, 439, 440, 453.",clean,
Nysø,Nysø,,,,,"I, 280-82, 343-48. II, 18-21, 265, 267, 268, 272, 273, 314, 341. Ill, 172, 173, 210. V, 74, 75, 77, 101, 107, 123, 124, 125, 128, 198, 276, 277, 313, 318, 330, 429. VI, 7.",clean,
Næsbyhoved,Næsbyhoved,,,,,"I, 29.",clean,
Næstved,Næstved,,,,,"I, 6, 241-42. II, 22, 24, 396. Ill, 173. IV, 282. V, 4, 126, 437, 469.",clean,
Nørager,Nørager,,,,,"I, 7, 31, 62, 64, 73, 96, 109, 110-14, 235» 237, 262. V, 5, 28, 62, 319.",low,»
Nørresundby,Nørresundby,,,,,"II, 321. V, 236, 330.",clean,
Nørre Vosborg,Nørre Vosborg,,,,,"II, 314-16, 318. V, 235.",clean,
Oberammergau,Oberammergau,,,,,"II, 333, 335-38, 357- IV, 224. V, 244, 250-51.",clean,
Odense,Odense,,,,,"I, 5-8, 17, 21, 23, 24, 25, 28-35, 40, 4b 5°> 52, 53» 55» 56» 57» 61, 63-67, 100-02, 104-09, 122, 176, 227, 230-37, 241, 242, 244-45, 246, 248, 249, 258-59, 261, 262, 267-70, 275, 276, 277, 283, 285, 286, 310. II, 26, 31, 32-33» 37» 127, 130, 131, 132, 134-35» l86» i67» 168, 197, 198, 240, 243, 245, 246, 387, 388, 392. Ill, 124, 248, 341. IV, 43,44-46,50-51,58,61,62,142,144,200. V, 65, 76, 122, 164, 195, 257, 258, <^302- 03, 360, 361, 365, 370, 377, 382-83, 384, 385» 389» 392, 413» 435» 457» 488, 492.",high,^°»
Offenburg,Offenburg,,,,,"IV, 233. V, 446.",clean,
Oldenburg,Oldenburg,,,,,"II, 37-39, 40-42, 46, 69, 112, 115, 117, 120, 121 -23. V, 118, 131,132, 155, 156, 164.",clean,
Olten,Olten,,,,,"II, 298. Ill, 75. IV, 233.",clean,
Ostende,Ostende,,,,,"IV, 259. V, 175.",clean,
Ouchy,Ouchy,,,ved Lausanne,,"(ved Lausanne) II, 347-51. V, 250, 258, 387-",clean,
Palermo,Palermo,,,,,"III, 83. V, 244.",clean,
Palstrup,Palstrup,,,,,"II, 288. V, 223, 249.",clean,
Paris,Paris,,,,,"I, 125-66, 171, 175, 180, 184, 185, 189, 199» 204, 231, 306, 314, 315, 329, 330, 334- 42. II, 4, 10, 26, 92, 102, 103, 125, 127, 138, 145, 217, 218, 249, 289, 317, 348, 355, 356» 363- HI, 91, 94, 97, 98, 99, 100, 101, 102, 103-23, 124, 125, 190, 210, 215, 231, 234, 239, 246, 257, 261, 270, 273, 274, 277, 278-87, 289, 292, 314, 315, 322, 330, 331, 336, 338. IV, 3, 5-8, 10-12, 13, 15-16, 17, 18, 21, 23, 25, 39, 40-41, 51-52, 53, 54, 86, 109, 113, 133, 134, 136-39, 142, 143, 161, 203, 237, 340, 344. V, 34, 38, 46, 47, 85, 100, 101, 104, 106, 131, 168, 200, 202, 226, 249» 297» 298, 299, 301, 331, 337, 339, 347, 348, 360, 370, 371, 372, 374, 375, 381, 386, 388, 395, 396, 407, 409, 411,419, 434, 462, 466.",high,»
Perpignan,Perpignan,,,,,"II, 99, 101, 102, 104. Ill, 81. V, 149, 290, 291, 455.",clean,
Petersgaard,Petersgaard,,,,,"I, 6. V, 4.",clean,
Petershøj,Petershøj,,,,,"IV, 72, 75, 84-87, 154, 157-58, 191- 92. V, 392, 393, 418, 422, 431, 442.",clean,
Pfafers,Pfafers,,,,,"Bad, II, 302, 303. V, 231.",clean,
Piémont,Piémont,,,,,"II, 355.",clean,
Piræus,Piræus,,,,,"I, 311, 312. V, 90.",clean,
Pisa,Pisa,,,,,"I, 177, 188, 193. Ill, 114. V, 276, 280.",clean,
Pissevache,Pissevache,,,,,"I, 175, 180, 186. V, 44.",clean,
Plauen,Plauen,,,,,"II, 373. V, 231. 255.",clean,
Poitiers,Poitiers,,,,,"III, 100, 103. V, 297, 298, 387.",clean,
Pompeji,Pompeji,,,,,"III, 88, 90, 93. V, 251.",clean,
Portici,Portici,,,,,"I, 214.",clean,
Portugal,Portugal,,,,,"III, 188-92, 197, 202, 205, 210, 214, 234» 235» 238, 239, 267, 269, 275, 281, 290, 294» 299» 302, 339, 340, 352, 361. IV, 346. V, 324» 33 L 332, 350» 352, 36o, 401.",high,L»
Potsdam,Potsdam,,,,,"II, 46. V, 133.",clean,
Prag,Prag,,,,,"I, 177, 219. II, 82, 83, 220, 221, 253, 257- IV, 95, 99, 205. V, 137, 142, 204, 205, 356, 400, 436.",clean,
Preussen,Preussen,,,,,"II, 111, 199, 219. Ill, 151, 157, 317, 318, 323. IV, 161, 168. V, 188, 193, 194, 197, 267, 281, 353, 358, 360, 373.",clean,
Præstø,Præstø,,,,,"I, 276. Ill, 126, 172, 173. V, 319.",clean,
Pyrenæerne,Pyrenæerne,,,,,"II, 103. Ill, 284, 293.",clean,
Pyrmont,Pyrmont,,,,,"IV, 241.",clean,
Rabenstein,Rabenstein,,,,,"II, 252. Ill, 50.",clean,
Ragaz,Ragaz,,,,,"II, 298, 301. Ill, 72, 73, 74, 75, 77. IV, 255, 339, 340. V, 231, 452.",clean,
Ramsgate,Ramsgate,,,,,"II, 159. V, 175.",clean,
Randers,Randers,,,,,"I, 16. Ill, 201-02, 204. V, 7, 329.",clean,
Ravenswood,Ravenswood,,,,,"II, 157. V, 173.",clean,
Regensburg,Regensburg,,,,,"II, 333. V, 242.",clean,
Regenstein,Regenstein,,,,,"I, 76. V, 491.",clean,
Rendsborg,Rendsborg,,,,,"II, 35, 200, 333, 340, 364, 365. V, 114, 192, 223, 242, 245, 252.",clean,
Rheine,Rheine,,,,,"III, 250. V, 340.",clean,
Rhinen,Rhinen,,,,,"I, 291, 293. V, 152, 208.",clean,
Rhonen,Rhonen,,,,,"II, 101, 380. IV, 113. V, 149.",clean,
Richterschwyl,Richterschwyl,,,,,"III, 75. IV, 340.",clean,
Rigi,Rigi,,,,,"II, 335. IV, 160, 163, 164.",clean,
Ringsjön,Ringsjön,,,,,"IV, 37. V, 380.",clean,
Ringsted,Ringsted,,,,,"I, 273. II, 22, 23, 24, 307. III, 145, 173. IV, 146. V, 126, 214, 414.",clean,
Riva,Riva,,,,,"IV, 211. V, 438.",clean,
Rolighed,Rolighed,,,,,"III, 164, 338, 339, 341-42. IV, 24- 27, 29-30, 61, 62, 64-68, 73, 76, 77, 78-79, 81-82, 83, 84, 85, 147, 152, 154, 157, 159- 60, 162-71, 173, 176, 177-84, 191, 192-94, 217, 219-23, 224, 226, 258-61, 263, 290, 291-94, 3OÖ-11, 313-21, 326-28, 346-47. V, 316, 360-61, 377, 378, 379, 389, 393, 394, 395, 416, 418, 420, 421, 424, 428, 431, 440, 441, 442, 443, 453, 455, 469, 470, 472, 474, 475-76, 479> 484, 485- VI, 32.",clean,
Rom,Rom,,,,,"I, 130, 132, 149. 159, 160, 163, 165, 175, 176, 177, 179, 180, 182, 188, 190, 191-201, 209, 210-12, 216, 217, 227, 232, 295, 304- 09, 310, 311. II, 41, 44, 79, 87, 90-95, 109, 110, 134, 225, 338, 349, 355, 357, 358, 359, 363, 368, 388. III, 5-6, 8-20, 37, 38, 56, 59, 73, 83, 84, 87, 88-89, 93, 94, 95-96, 98, 101- 04, 105-06, 109, 110, 114, 115, 116, 119. IV, 114, 172, 277-78, 317. V, 15, 20, 48, 5°, 53, 54, 87, 103, ^6, 186, 205, 253, 254, 266, 269-70, 272, 273, 276, 279, 291, 293, 295, 297, 299, 300, 348, 370, 4°9, 4J7, 422, 434, 44°-",high,^°
Roskilde,Roskilde,,,,,"I, 110, 273. II, 165. III, 59, 73, 75, 79, 80, 143, 174, 175, 177. IV, 197, 308. V, 28, 179, 217, 227, 288, 307, 319, 360.",clean,
Rotterdam,Rotterdam,,,,,"II, 138, 139.",clean,
Roxen,Roxen,,,,,"II, 193, 194. V, 192, 193.",clean,
Rumelien,Rumelien,,,,,"I, 315, 316.",clean,
Rungsted,Rungsted,,,og Rungstedlund,,"(og Rungstedlund) I, 339, 343. II, 6, 11, 17-18, 22, 25, 98, 108, 149-51, 154, 181, 213-14, 243-45, 267, 271, 279, 300, 318. III, 136, 138, 141, 143, 171. IV, 18. V, 105, 126, 141, 307, 421. VI, 20.",clean,
Rügen,Rügen,,,,,"III, 65. V, 286.",clean,
Rønnede,Rønnede,,,,,"I, 319, 343.",clean,
Sachsen,Sachsen,,,,,"II, 366, 373. V, 356.",clean,
Sachsisk Schweiz,Sachsisk Schweiz,,,,,"I, 79. II, 221. III, 50. IV, 205.",clean,
Saint Maurice,Saint Maurice,,,,,"I, 186. III, 31. V, 277.",clean,
Salzburg,Salzburg,,,,,"IV, 106, 207-08. V, 403, 437.",clean,
Samaden,Samaden,,,,,"IV, 254-56. V, 453.",clean,
San Sebastian,San Sebastian,,,,,"III, 290, 292-93. V, 349.",clean,
Sanderumgaard,Sanderumgaard,,,,,"I, 109. V, 27.",clean,
Sandviken,Sandviken,,,,,"IV, 188.",clean,
St,St,,,,,". Croix IV, 49-50, 160. V, 385.",clean,
St,St,,,,,". Goar II, 104. V, 150.",clean,
St,St,,,,,". Gotthard II, 297, 299, 301, 303. V, 229.",clean,
St,St,,,,,". Jørgensgaard I, 55, 59, 263-64.",clean,
St,St,,,,,". Petersborg III, 361. V, 363, 366, 463.",clean,
Savoyen,Savoyen,,,,,"II, 347.",clean,
Schaffhausen,Schaffhausen,,,,,"II, 258, 303. V, 231.",clean,
Schandau,Schandau,,,,,"Bad, II, 305.",clean,
Scheideck,Scheideck,,,,,"III, 37. V, 278.",clean,
Scheveningen,Scheveningen,,,,,"II, 138. V, 165.",clean,
Schweiz,Schweiz,,,,,"I, 143, 156, 158, 160, 161, 162, 173, 175, 180, 186, 195, 343. II, 26, 99, 102, 223, 224, 297, 301, 302, 335, 336, 343, 349, 364, 367, 390. Ill, 19, 44, 50, 59, 70, 73, 76, 284. IV, 11, 13, 17, 20, 22, 30, 33, 39, 52, 55, 108, 109, 167, 191, 239, 340. V, 43, 47, 149, 150, 208, 248, 290, 314, 381, 418, 448, 45°-",low,°
Schönbrunn,Schönbrunn,,,,,"II, 95. V, 147.",clean,
Seeshaupt,Seeshaupt,,,,,"II, 336.",clean,
Selchausdal,Selchausdal,,,,,"I, 111. V, 28.",clean,
Setubal,Setubal,,,,,"III, 303, 306, 310-16, 319, 356. IV, 85- V, 354, 355, 361, 362.",clean,
Sevilla,Sevilla,,,,,"III, 90. V, 293.",clean,
Sicilien,Sicilien,,,,,"I, 216, 247, 306. II, 277. Ill, 82, 86. V, 90, 244-45, 251.",clean,
Sild,Sild,,,,,"II, 341.",clean,
Siljan,Siljan,,,,,"II, 187.",clean,
Silkeborg,Silkeborg,,,,,"II, 196-97, 232, 234-36, 237, 238, 239, 240, 241, 243, 245-50, 283, 288, 310, 311-13, 315. Ill, 170. IV, 100. V, 194, 195, 210, 211, 233, 234, 274, 493, 494-",clean,
Simplon,Simplon,,,,,"I, 175, 180, 187. III, 24, 31, 50, 78. V, 277.",clean,
Skagen,Skagen,,,,,"II, 317, 318, 319, 320, 321. IV, 100, 192, 225. V, 238, 409.",clean,
Skanderborg,Skanderborg,,,,,"I, 22. II, 26, 27, 197. V, 7, 124.",clean,
Skelskør,Skelskør,,,,,"II, 265, 291, 329. III, 127, 186-87, 357. IV, 4, 30, 31, 42, 91, 93, 148, 197, 282, 284. V, 311, 320, 322, 323, 398, 415.",clean,
Skodsborg,Skodsborg,,,,,"II, 108. IV, 309.",clean,
Skotland,Skotland,,,,,"II, 144, 145, 146, 147, 151, 152, 154, 156-58, 181. V, 167, 171, 172, 173, 174.",clean,
Skutari,Skutari,,,,,"I, 315.",clean,
Slagelse,Slagelse,,,,,"I, 6, 101, 242, 243, 248, 250, 252, 262. II, 264. III, 79-80, 357. IV, 42, 77. V, 3, 37, 64, 185, 217, 289, 309, 320, 340, 491.",clean,
Slesvig,Slesvig,,,Hertugdømme,,"(Hertugdømme) I, 27-28. II, 165,182, 192, 200. III, 150-51, 158. IV, 9, 114. V, 181, 182, 184, 188, 193, 194, 200, 267, 311, 328, 360, 373.",clean,
Slesvig,Slesvig,,,By,,"(By) II, 165, 220. V, 188, 203, 204, 311, 445, 453, 455.",clean,
Smyrna,Smyrna,,,,,"I, 312, 313, 314.",clean,
Snoghøj,Snoghøj,,,,,"II, 168, 170, 198. V, 181, 195.",clean,
Sofia,Sofia,,,,,"I, 315.",clean,
Sorgenfri Slot,Sorgenfri Slot,,,,,"IV, 88. V, 221, 398.",clean,
Sorrent,Sorrent,,,,,"III, 82-84.",clean,
Sorø,Sorø,,,,,"I, 100-01, 103, 235, 237, 242, 267, 273- 276, 279. II, 22-25, I72» 229, 265, 268, 271, 272-73, 290, 291-92, 307, 3IO> 322, 323, 388, 391-92. III, 2, 58, 59, 60, 65, 133, 173, 177-78, 183, 210, 226. IV, 2, 29, 30, 146, 281, 282. V, 37, 62, 63, 69, 72, 73, 75, 126, 185, 194, 209, 219, 220, 223, 224, 227, 228, 229, 232, 233, 238, 242, 266, 280, 285, 290, 304, 309, 319, 320, 360, 365, 378, 466, 493, 495.",low,»
Spanien,Spanien,,,,,"I, 320, 322. II, 44, 52, 93, 99, 363, 373. III, 76, 81, 107, 133, 192, 197, 213, 214, 239, 243, 246, 251, 284, 285, 288, 292, 293, 298, 322, 325, 330, 335-36, 340. IV, 100, 260, 261, 346. V, 89, 149, 297, 319, 324, 331, 401, 455, 488.",clean,
Splügen,Splügen,,,,,"IV, 255. V, 453.",clean,
Spodsbjerg,Spodsbjerg,,,,,"IV, 199.",clean,
Stade,Stade,,,,,"II, 175. V, 184.",clean,
Starnberg,Starnberg,,,,,"II, 336.",clean,
Staubbach,Staubbach,,,,,"I, 175. III, 39. V, 44.",clean,
Stege,Stege,,,,,"I, 6.",clean,
Stettin,Stettin,,,,,"II, 85, 221, 224, 265. V, 119.",clean,
Stevns,Stevns,,,,,"I, 322.",clean,
Stockholm,Stockholm,,,,,"I, 172, 314. II, 186-91, 192, 193, 194, 201. III, 195, 215-24, 225, 243. IV, 207, 209, 213, 215, 340-42. V, 69, 190, 191, 192, 193, 282, 286, 287, 332, 333, 334, 403, 43$-",low,$
Strandmosegaard,Strandmosegaard,,,,,"II, 266, 279. V, 218, 222.",clean,
Strandmøllen,Strandmøllen,,,,,"III, 170. V, 105, 118-19, 494.",clean,
Strassburg,Strassburg,,,,,"I, 338. II, 103. III, 109. IV, 39-40, 106, 108. V, 150, 226.",clean,
Stuttgart,Stuttgart,,,,,"II, 363, 368, 369, 372, 374. V, 216, 253, 254.",clean,
Stören,Stören,,,,,"I, 330.",clean,
Suez,Suez,,,,,"IV, 98, 100, 102.",clean,
Sundeved,Sundeved,,,,,"II, 176. III, 168. V, 182.",clean,
Suserup,Suserup,,,,,"I, 242. V, 63.",clean,
Svendborg,Svendborg,,,,,"I, 30, 46, 53, 55-56, 59-60, 257, 261-64. II, 131, 183, 219. III, 3, 74, 75. IV, 339. V, 68, 185, 198, 203, 205, 223, 232.",clean,
Sverrig,Sverrig,,,,,"I, 266, 277. II, 119, 189, 190, 194, 202, 203, 211, 334, 341. III, 157, 165, 166, 221. IV, 6, 183, 185, 190, 222, 341. V, 73, 85, 180, 182, 335, 374, 441.",clean,
Syra,Syra,,,,,"I, 312, 313-14. V, 90, 92.",clean,
Sæby,Sæby,,,,,"II, 321. V, 238.",clean,
Såby,Såby,,,,Bjärka-Säby,,n/a,
Såter,Såter,,,,,"II, 189. V, 191.",clean,
Søbysøgaard,Søbysøgaard,,,,,"I, 246, 279. V, 65.",clean,
Søllerød,Søllerød,,,,,"I, 90. III, 156, 158-70, 210, 213-15, 339. V, 68, 314, 317, 331. VI, 20.",clean,
Sønderborg,Sønderborg,,,,,"II, 172, 173, 175, 177. III, 3. V, 182, 266.",clean,
Taasinge,Taasinge,,,,,"I, 30, 53, 59. II, 175. III, 151.",clean,
Tamina,Tamina,,,,,"II, 302. V, 231.",clean,
Tanger,Tanger,,,,,"III, 90. V, 293, 294.",clean,
Tem,Tem,,,,,"II, 197. V, 195.",clean,
Teplitz,Teplitz,,,,,"II, 220, 257. V, 204.",clean,
Terni,Terni,,,,,"I, 195.",clean,
Terracina,Terracina,,,,,"I, 212.",clean,
Teufelsbrücke,Teufelsbrücke,,,,,"II, 298. V, 229.",clean,
Tharandt,Tharandt,,,,,"II, 6. V, 119.",clean,
Themsen,Themsen,,,,,"II, 139, 159.",clean,
Thisted,Thisted,,,,,"II, 316. IV, 171. V, 235.",clean,
Thun,Thun,,,,,"III, 34, 37, 39. V, 280.",clean,
Tirsbæk,Tirsbæk,,,,,"I, 26. V, 8.",clean,
Tivoli,Tivoli,,,,,"III, 16.",clean,
Tjele,Tjele,,,,,"I, 16. V, 7, 491.",clean,
Tolderlund,Tolderlund,,,,,"I, 7, 29-35, 41-46, 257-59. V, 5, 68.",clean,
Toledo,Toledo,,,,,"III, 89-90, 91. V, 294.",clean,
Torquay,Torquay,,,,,"IV, 315. V, 477.",clean,
Toulon,Toulon,,,,,"II, 366. IV, 112-14. V, 12, 253, 405.",clean,
Tours,Tours,,,,,"III, 101, 102, 285, 286-88. V, 298.",clean,
Travemünde,Travemünde,,,,,"I, 122, 145.",clean,
"Travers, Val de","Travers, Val de",,,,,"II, 347. V, 248.",clean,
Triest,Triest,,,,,"I, 306, 312. II, 41, 44, 83, 92, 96. V, 146, 214, 393, 394.",clean,
Trinity,Trinity,,,ved Edinburgh,,"(ved Edinburgh) II, 156-58. V, 172.",clean,
Troia,Troia,,,Cetobriga,,"(Cetobriga) III, 312, 315, 319. V, 353.",clean,
Trollhättan,Trollhättan,,,,,"II, 190, 222. IV, 225.",clean,
Turin,Turin,,,,,"II, 349. V, 277.",clean,
Tyrifjord,Tyrifjord,,,,,"IV, 188.",clean,
Tyrol,Tyrol,,,,,"I, 177, 294. IV, 176. V, 299, 453.",clean,
Tyskland,Tyskland,,,,,"I, 127, 130, 191, 253, 289, 292, 293, 312. II, 3, 10, 11, 28, 40, 47, 48, 53, 55, 56, 61, 66, 67, 72, 73, 78, 82, 94, 97, 101, 115, 116, 117, 122, 146, 155, 188, 200, 208, 210, 212, 218, 227, 280, 355, 357, 358, 359, 363, 368, 388. Ill, 4, 6, 42, 43, 268, 318, 322, 325, 329, 34°- IV, 99- V, 78, 8b 85, 128, 146, 155, 165, 166, 171, 178, 200, 202, 207, 267, 281, 295, 314, 418.",low,°
Ulriksdal,Ulriksdal,,,,,"III, 219, 220, 224. V, 333.",clean,
Ungarn,Ungarn,,,,,"II, 86.",clean,
Uppsala,Uppsala,,,,,"II, 186, 187. Ill, 220, 221. IV, 215. V, 105, 190, 191, 332, 333.",clean,
Utrecht,Utrecht,,,,,"II, 289. Ill, 250-51, 252. V, 164, 340, 341-",clean,
Vadstena,Vadstena,,,,,"II, 194, 195. V, 194.",clean,
Valakiet,Valakiet,,,,,"I, 316.",clean,
Valby,Valby,,,,,"I, 317-18, 324.",clean,
Valence,Valence,,,,,"IV, 113. V, 149.",clean,
Valencia,Valencia,,,,,"II, 91, 92, 94. Ill, 85. V, 291.",clean,
Valenciennes,Valenciennes,,,,,"II, 101. V, 149.",clean,
Walhalla,Walhalla,,,,,"II, 333. V, 243.",clean,
Valladolid,Valladolid,,,,,"III, 293.",clean,
Wallenstädtersoen,Wallenstädtersoen,,,,,"II, 301.",clean,
Vallø,Vallø,,,,,"I, 351. V, no.",clean,
Wartburg,Wartburg,,,,,"II, 53, 62, 260, 289. V, 152, 217, 226, 453.",clean,
Weimar,Weimar,,,,,"II, 1, 3-5, 8, 10, 40, 42, 43, 44, 47, 52-57, 58, 8i-83, 65-66, 67, 69, 72, 73, 82, 92, in, 115-16, 158, 159, 164, 191, 202, 203, 206, 207, 208, 209, 210, 222, 223-24, 252, 261-63, 275-78, 279, 282, 289, 312, 363. Ill, 54,265. IV, 205. V, 117, 118, 134, 135, !39, *52, 154, i64, 175, 200, 201, 206, 207, 214, 217, 220, 222, 226, 252, 254, 283.",low,*
Vejle,Vejle,,,,,"I, 17, 21, 22, 26. II, 26, 197, 198, 246. V, 192, 328.",clean,
Velletri,Velletri,,,,,"I, 212, V, 54.",clean,
Vemmetofte,Vemmetofte,,,,,"I, 322.",clean,
Venedig,Venedig,,,,,"I, 177, 216. II, 26, 95-97. HI, 114, 116, 117. IV, 162, 210-11. V, 214, 404, 417, 438> 439-",clean,
Vernet,Vernet,,,,,"II, 99, 102, 103. V, 149, 150.",clean,
Verona,Verona,,,,,"IV, 122, 208, 210, 211. V, 214, 438, 439.",clean,
Versailles,Versailles,,,,,"I, 281. V, 76, 460.",clean,
Wesen,Wesen,,,,,"II, 302. V, 231.",clean,
Wesenstein,Wesenstein,,,,,"II, 252. V, 214.",clean,
Vesterhavet,Vesterhavet,,,,,"I, 17. II, 315, 318.",clean,
Vester-Skerninge,Vester-Skerninge,,,,,"I, 257. V, 16.",clean,
Vesuv,Vesuv,,,,,"I, 214.",clean,
Vettern,Vettern,,,,,"II, 189, 194. Ill, 216.",clean,
Vevey,Vevey,,,,,"I, 156, 173. IV, 234-35, 236, 247. V, 43, 250, 448.",clean,
Vexiö,Vexiö,,,,,"IV, 190. V, 430.",clean,
Via mala,Via mala,,,,,"IV, 255. V, 453.",clean,
Viborg,Viborg,,,,,"I, 14-17, 20, 21-22. IV, 315. V, 8.",clean,
Wien,Wien,,,,,"I, 131, 177, 219, 306, 313. II, 9, 26, 28, 60, 64, 69, 71, 74, 75, 76, 77-88, 89, 92, 93, 94, 95, 96, ni, 117, 123, 220, 253, 254. IV, 8, i3, 16, 40, 86, 91, 95, 98-103, 105- 06, 112, 122, 130, 201, 203, 204-05, 207, 208. V, 142, 144, 146, 147, 214, 256, 300, 326, 352, 381, 393, 400, 401, 402, 403, 404, 436, 437-",clean,
Vienne,Vienne,,,,,"IV, 113.",clean,
Vierlande,Vierlande,,,,,"I, 70. V, 19.",clean,
Vierwaldstättersoen,Vierwaldstättersoen,,,,,"II, 343. IV, 252. V, 246, 280.",clean,
Wight,Wight,,,,,"II, 151, 154. V, 171, 174.",clean,
Wildbad,Wildbad,,,,,"II, 258-59, 260, 297. IV, 99, 220. V, 216, 217.",clean,
Vilhelmsborg,Vilhelmsborg,,,,,"II, 229-32, 236, 238. V, 77, 20g.",clean,
Wilhelmsthal,Wilhelmsthal,,,ved Eisenach,,"(ved Eisenach) II, 277.",clean,
Wittenberge,Wittenberge,,,,,"II, 252.",clean,
Vojens,Vojens,,,,,"III, 248. V, 340.",clean,
Vordingborg,Vordingborg,,,,,"I, 6. II, 23-24. IV, 223, 308. V, 4, 125, 126.",clean,
Wyk,Wyk,,,,,"II, 12-15, 286, 299-300. V, 122.",clean,
Würzburg,Würzburg,,,,,"III, 109.",clean,
York,York,,,,,"II, 156, V, 172, 174.",clean,
Yverdun,Yverdun,,,,,"II, 347. V, 248.",clean,
Zaardam,Zaardam,,,,,"III, 126. V, 303.",clean,
Zürich,Zürich,,,,,"I, 179. II, 259, 302. III, 44-45, 71, 72, 73, 74, 75, 76, 77. IV, 108-11, 339, 340. V, 231, 281, 404, 405.",clean,
Øksnebjerg,Øksnebjerg,,,,,"I, 64. V, 17.",clean,
Ørbæk,Ørbæk,,,,,"II, 172.",clean,
Ørbæklunde,Ørbæklunde,,,,,"I, 258, 285, 286. V, 67.",clean,
Östersund,Östersund,,,,,"II, 190.",clean,
Østrig,Østrig,,,,,"I, 315. II, 217, 219. III, 317. V, 233, 353, 358, 360.",clean,
