01_entry_id	02_entry_type	03_surname	04_given_names	05_sort_key	06_birth_year	07_death_year	08_year_note	09_description	10_references_raw	11_references_parsed	12_see_also	13_raw_text	14_review_reason	15_suggested_fix
PerXI00112	krydshenvisning	Albert	Prinsgemal	Albert, Prinsgemal							Sachsen-Coburg- Gotha, Albert	Albert, Prinsgemal, se: Sachsen-Coburg- Gotha, Albert.	'se:'-mål 'Sachsen-Coburg- Gotha' findes ikke som opslag	'Sachsen-Coburg-Gotha' (fuzzy match, muligt OCR-bogstavfejl)
PerXI00113	krydshenvisning	Albert Victor	engelsk Prins, Søn af Edward (J/TI)	Albert Victor, engelsk Prins, Søn af Edward (J/TI)							Clarence, Albert Victor	Albert Victor, engelsk Prins, Søn af Edward (J/TI), se: Clarence, Albert Victor.	'se:'-mål 'Clarence' findes ikke som opslag	PerXI01661 (Clarence og Avondale: Albert Victor, Hertug af —) (land + herskernavn)
PerXI00123	krydshenvisning	Alexandra	Prinsesse	Alexandra, Prinsesse							Danmark og Wales	Alexandra, Prinsesse, se: Danmark og Wales.	'se:'-mål 'Danmark og Wales' findes ikke som opslag	PerXI01880 (Danmark: Alexandra, Prinsesse af —); PerXI08865 (Wales: Alexandra, Prinsesse af —, f. Prinsesse af Danmark) (land + herskernavn)
PerXI00281	krydshenvisning	Arthur	Prins	Arthur, Prins							Storbritannien	Arthur, Prins, se: Storbritannien.	'se:'-mål 'Storbritannien' findes ikke som opslag	PerXI08137 (Storbritannien og Irland: Arthur, Prins af —) (land + herskernavn)
PerXI00420	krydshenvisning	Barbieri	Giovanni Francesco	Barbieri, Giovanni Francesco							Guer- cino	Barbieri, Giovanni Francesco, se: Guer- cino.	'se:'-mål 'Guer- cino' findes ikke som opslag	'Guercino' (fjernet ombrydningsbindestreg)
PerXI00507	krydshenvisning	Bazzacco		Bazzacco							Ponchino, Battista	Bazzacco, se: Ponchino, Battista.	'se:'-mål 'Ponchino' findes ikke som opslag	
PerXI00579	krydshenvisning	Bell	Currer	Bell, Currer							Brontë, Charlotte	Bell, Currer, se: Brontë, Charlotte.	'se:'-mål 'Brontë' findes ikke som opslag	'Bronté' (fuzzy match, muligt OCR-bogstavfejl)
PerXI00670	krydshenvisning	Bernadotte	Jean Baptiste	Bernadotte, Jean Baptiste							Sverrig- Norge, Karl XIV Johan	Bernadotte, Jean Baptiste, se: Sverrig- Norge, Karl XIV Johan.	'se:'-mål 'Sverrig- Norge' findes ikke som opslag	'Sverrig-Norge' (fuzzy match, muligt OCR-bogstavfejl)
PerXI00681	standardpost	Berner	Johanne Constantine, f. Stage	Berner, Johanne Constantine, f. Stage	1796	1780		Enke efter Byfoged i Svaneke J.H.B.	VI 269.	VI:269		Berner, Johanne Constantine, f. Stage (1796-1780), Enke efter Byfoged i Svaneke J.H.B. VI 269.	dødsår 1780 før fødselsår 1796 (sandsynlig 0/9-OCR-fejl eller trykfejl i kilden)	
PerXI00682	krydshenvisning	Berner-Oppen-Schilden		Berner-Oppen-Schilden							Berner-Schil- den, G.Â	Berner-Oppen-Schilden, se: Berner-Schil- den, G.Â.	'se:'-mål 'Berner-Schil- den' findes ikke som opslag	'Berner-Schilden' (fjernet ombrydningsbindestreg)
PerXI00689	krydshenvisning	Bernhard	Carl	Bernhard, Carl							A.N.de Saint-Aubain	Bernhard, Carl, se: A.N.de Saint-Aubain.	'se:'-mål 'A.N.de Saint-Aubain' findes ikke som opslag	
PerXI00795	krydshenvisning	Birch		Birch							Burck	Birch, se ogsaa: Burck.	'se:'-mål 'Burck' findes ikke som opslag	
PerXI00839	krydshenvisning	Bjørnsen	Louise	Bjørnsen, Louise							Mårtens, Elisabeth	Bjørnsen, Louise, se: Mårtens, Elisabeth.	'se:'-mål 'Mårtens' findes ikke som opslag	
PerXI01058	krydshenvisning	Brahe	Pehrson	Brahe, Pehrson							Birger Persson	Brahe, Pehrson, se: Birger Persson.	'se:'-mål 'Birger Persson' findes ikke som opslag	
PerXI01145	krydshenvisning	Bretteville		Bretteville							Le Normand de Brette- ville	Bretteville, se: Le Normand de Brette- ville.	'se:'-mål 'Le Normand de Brette- ville' findes ikke som opslag	'Le Normand de Bretteville' (fjernet ombrydningsbindestreg)
PerXI01232	krydshenvisning	Brun		Brun							Bruhn og Bruun	Brun, se ogsaa: Bruhn og Bruun.	'se:'-mål 'Bruhn og Bruun' findes ikke som opslag	'Bruhn', 'Bruun' (opslag pr. stavevariant)
PerXI01384	krydshenvisning	Bårens		Bårens							Behrendt, Sigismund	Bårens, se: Behrendt, Sigismund.	'se:'-mål 'Behrendt' findes ikke som opslag	
PerXI01537	standardpost	Castenskiold	Ludvig	Castenskiold, Ludvig	1823	1905		Sekondløjtnant ved 2. Dragon-Regiment i Itzehoe, Premierløjtnant ved Gardehusarerne 1848, Ritmester 1854, Adjudant hos Kong Christian IX 1863, tjenestegørende Kammerherre hos Dronning Louise 1866, Hofchef hos Dronningen 1879, Gehejmekonferensraad 1891, Ordensskatmester 1898. II 304. V 430-32. VIII 48 49 50 185-86 254 380 394. 1X 4 8 13 16 19 364 366-67				Castenskiold, Ludvig (1823-1905), Sekondløjtnant ved 2. Dragon-Regiment i Itzehoe, Premierløjtnant ved Gardehusarerne 1848, Ritmester 1854, Adjudant hos Kong Christian IX 1863, tjenestegørende Kammerherre hos Dronning Louise 1866, Hofchef hos Dronningen 1879, Gehejmekonferensraad 1891, Ordensskatmester 1898. II 304. V 430-32. VIII 48 49 50 185-86 254 380 394. 1X 4 8 13 16 19 364 366-67.	ingen henvisninger og intet 'se:'-mål	
PerXI01721	standardpost	Collin	Edvard	Collin, Edvard	1808	1886		Søn af Jonas C. d. Æ., cand. jur. 1831, 1832 Auskultant i Finansdeputationen, 1835 Assessor auscultans, 1840 virkelig Assessor, 1842 Kommitteret, 1848 Direktør i Finansministeriets Departement for Assignations- og Møntvæsen samt Skattesager, Afsked 1864; 1832-42 Sekretær ved Fonden ad usus publicos, 1851 Medlem af Direktionen for Sparekassen for Kjøbenhavn og Omegn, 1864-86 administrerende Direktør; Medstifter af Musikforeningen. I 67 77 106 119-20 122 139 143 146 150 157 164 170 174 187 188 211 216 217 232 235 268-72 278-79 287 288 290-92 295 317 318 327 431 432 486 490. II 41 42 50 59 98 99 100 106 109 119 123-24 201 271 274 284 299 301 302 321 326 344 349 360 362 387 394 407 410 419. III 13 14 15 17 36 41 43 48 62 71 72 73 77 87 88 89 97 160 165 173 174 178 179 186 187 201 210 221 223 233 245 262 263 274 277 279 281 283 284 286 287 288 295 298 324 381 394 404 412 414 418. IV 18-19 21 31 33-34 35 60 75 117 135 166 176-78 187 188 198 204 205 215 221 225 226 276 291 292 321 325 326 374 394 403 407 408 414 421 423 424 426 429 432 434 443 444 450 451 454 456 469 473 474 475. V23679 10 16 20 22 36 41 43 50 54 56 85 87 88 90 95 97 107 110 111 114 115 116 118 119 121 122 128 129-30 132 133 135 139 141 142 143 144 145 146 150 151 154 155 157 159 161-62 164 166 167 169 177 178 179 180 183 191-205 207 216 248 305 316 318 322 328 331 332 335 353 361 362 367 370 387-88 392-93 395 397 404 405 407 411 413 414-15 416 418 419 420-21 424 426 428-29 432 435-36 437 441 442 443 445 447 453 454. VI 234567891/ 13 15 20 21 22 25 28 29 31 35 37 42 43-46 49 Stamtavle Collin s. XXXIX 53 55 57 58 62 64 66 68 69 77 78 80 81 82 83-84 86 88 90-91 92 101 102 114 115 116 119 120 121 124 127 128 130 133 134 136 137 140 141 142 148 150 155 156 157 158 160 165 166 171 172 174 176 178 179 180 182 184 185-86 187 197 198 202 208 211 216 220 221 222 224 225 227 230 231 234 237 242 248 249 253 257 260 261 266 267 270 273 279 281 287 294 299 302 303 307 308 310 313 315 316 317 319 320 321 323 324 331 333 336 338 339 341 343 344 345 346 347. VII 2467 9 11 12 14 17 19 23 30 31 37 52 54 57 65 69 72 73 80 85 90 101 102 111 113 114 123 129 138 139 148 153 163 164 172 177 187 189-91 194 196 197 199 203 204 205 207 209 215 216 219 220 221-22 223 224 225 227 228 230 234-36 237 238 240-42 244 249 250 251 252 255 258 260 262 272 276 281 282 289 303 306 307 312 315 317 318 319 324 328 330 335-36 358 361 364 367 368 369 375 377 380 388 390 394-96. VIII 346 8 10-11 13-14 15 18 24 26 30 33 34 36-37 39 46 49 52 58 66 73 74 79 81 83 94 95 99 104 106 128 129 131 133 136 139 141 143 144 146 148 149 154 161 165 169 170 172 173 174 176 177 178 181 184 186 187 190 191 192 193 194 195 198 199 205 211 214 216 218 219 220 230 240 245 247 249 256 260 261 275 283-84 290 296 297 302-03 307 311 312 316 317 320 325 331 333 342 343 344 345 346 348 349 352 353 358 359 361 363 368 370 371 373 377 394 418 419 422 424 426 434 439 440 442 443 444 447 450 453 459. Stamtavle Collin s. XXXIX	IX 146 14 16 19 25 27 31 37 41 46 47 49 53-54 55 59 61 64 65 67 79 86 90 94 138 154 156 158 159 160 162 164 165 167 172 173 176 177 179 182-83 186 191 195 204-05 206 212 214-19 221-22 224 228 231 238 240 243-44 246 251 252-53 255 260 266 273 281 285 286 308 310 312 316 337 341 343 345 346-47 349 352 354 357-58 364 366 368-70 376 379 382 385-87. X 2 7 12 15 17-18 21 26-27 31 38 40 43 47 51 53 54 56-57 60 64 69 72 75 84 89 90 93 107 111 138 139 161-62 165 169 172-76 177 178-80 181 182-86 187 188-93 195 196 197 198-200 202 204 207 211 213-14 217-18 223 224-25 228 230 233 236 239 241 243 245 248 256 266 270-71 278 280 282 283 286 289 297 325 329 331 332 334 335 338-39 343 345 348 349 351-53 355 358-59 361 364 368 374 377 379-80 385-86 388 391-92 394-95 397 401 404 407-08 411-12 419 421 422-23 429 433 436 439 441 442 445 447-48 453 467 469 475-76 478.	IX:146;IX:14;IX:16;IX:19;IX:25;IX:27;IX:31;IX:37;IX:41;IX:46;IX:47;IX:49;IX:53;IX:54;IX:55;IX:59;IX:61;IX:64;IX:65;IX:67;IX:79;IX:86;IX:90;IX:94;IX:138;IX:154;IX:156;IX:158;IX:159;IX:160;IX:162;IX:164;IX:165;IX:167;IX:172;IX:173;IX:176;IX:177;IX:179;IX:182;IX:183;IX:186;IX:191;IX:195;IX:204;IX:205;IX:206;IX:212;IX:214;IX:215;IX:216;IX:217;IX:218;IX:219;IX:221;IX:222;IX:224;IX:228;IX:231;IX:238;IX:240;IX:243;IX:244;IX:246;IX:251;IX:252;IX:253;IX:255;IX:260;IX:266;IX:273;IX:281;IX:285;IX:286;IX:308;IX:310;IX:312;IX:316;IX:337;IX:341;IX:343;IX:345;IX:346;IX:347;IX:349;IX:352;IX:354;IX:357;IX:358;IX:364;IX:366;IX:368;IX:369;IX:370;IX:376;IX:379;IX:382;IX:385;IX:386;IX:387;X:2;X:7;X:12;X:15;X:17;X:18;X:21;X:26;X:27;X:31;X:38;X:40;X:43;X:47;X:51;X:53;X:54;X:56;X:57;X:60;X:64;X:69;X:72;X:75;X:84;X:89;X:90;X:93;X:107;X:111;X:138;X:139;X:161;X:162;X:165;X:169;X:172;X:173;X:174;X:175;X:176;X:177;X:178;X:179;X:180;X:181;X:182;X:183;X:184;X:185;X:186;X:187;X:188;X:189;X:190;X:191;X:192;X:193;X:195;X:196;X:197;X:198;X:199;X:200;X:202;X:204;X:207;X:211;X:213;X:214;X:217;X:218;X:223;X:224;X:225;X:228;X:230;X:233;X:236;X:239;X:241;X:243;X:245;X:248;X:256;X:266;X:270;X:271;X:278;X:280;X:282;X:283;X:286;X:289;X:297;X:325;X:329;X:331;X:332;X:334;X:335;X:338;X:339;X:343;X:345;X:348;X:349;X:351;X:352;X:353;X:355;X:358;X:359;X:361;X:364;X:368;X:374;X:377;X:379;X:380;X:385;X:386;X:388;X:391;X:392;X:394;X:395;X:397;X:401;X:404;X:407;X:408;X:411;X:412;X:419;X:421;X:422;X:423;X:429;X:433;X:436;X:439;X:441;X:442;X:445;X:447;X:448;X:453;X:467;X:469;X:475;X:476;X:478		Collin, Edvard (1808-86), Søn af Jonas C. d. Æ., cand. jur. 1831, 1832 Auskultant i Finansdeputationen, 1835 Assessor auscultans, 1840 virkelig Assessor, 1842 Kommitteret, 1848 Direktør i Finansministeriets Departement for Assignations- og Møntvæsen samt Skattesager, Afsked 1864; 1832-42 Sekretær ved Fonden ad usus publicos, 1851 Medlem af Direktionen for Sparekassen for Kjøbenhavn og Omegn, 1864-86 administrerende Direktør; Medstifter af Musikforeningen. I 67 77 106 119-20 122 139 143 146 150 157 164 170 174 187 188 211 216 217 232 235 268-72 278-79 287 288 290-92 295 317 318 327 431 432 486 490. II 41 42 50 59 98 99 100 106 109 119 123-24 201 271 274 284 299 301 302 321 326 344 349 360 362 387 394 407 410 419. III 13 14 15 17 36 41 43 48 62 71 72 73 77 87 88 89 97 160 165 173 174 178 179 186 187 201 210 221 223 233 245 262 263 274 277 279 281 283 284 286 287 288 295 298 324 381 394 404 412 414 418. IV 18-19 21 31 33-34 35 60 75 117 135 166 176-78 187 188 198 204 205 215 221 225 226 276 291 292 321 325 326 374 394 403 407 408 414 421 423 424 426 429 432 434 443 444 450 451 454 456 469 473 474 475. V23679 10 16 20 22 36 41 43 50 54 56 85 87 88 90 95 97 107 110 111 114 115 116 118 119 121 122 128 129-30 132 133 135 139 141 142 143 144 145 146 150 151 154 155 157 159 161-62 164 166 167 169 177 178 179 180 183 191-205 207 216 248 305 316 318 322 328 331 332 335 353 361 362 367 370 387-88 392-93 395 397 404 405 407 411 413 414-15 416 418 419 420-21 424 426 428-29 432 435-36 437 441 442 443 445 447 453 454. VI 234567891/ 13 15 20 21 22 25 28 29 31 35 37 42 43-46 49 Stamtavle Collin s. XXXIX 53 55 57 58 62 64 66 68 69 77 78 80 81 82 83-84 86 88 90-91 92 101 102 114 115 116 119 120 121 124 127 128 130 133 134 136 137 140 141 142 148 150 155 156 157 158 160 165 166 171 172 174 176 178 179 180 182 184 185-86 187 197 198 202 208 211 216 220 221 222 224 225 227 230 231 234 237 242 248 249 253 257 260 261 266 267 270 273 279 281 287 294 299 302 303 307 308 310 313 315 316 317 319 320 321 323 324 331 333 336 338 339 341 343 344 345 346 347. VII 2467 9 11 12 14 17 19 23 30 31 37 52 54 57 65 69 72 73 80 85 90 101 102 111 113 114 123 129 138 139 148 153 163 164 172 177 187 189-91 194 196 197 199 203 204 205 207 209 215 216 219 220 221-22 223 224 225 227 228 230 234-36 237 238 240-42 244 249 250 251 252 255 258 260 262 272 276 281 282 289 303 306 307 312 315 317 318 319 324 328 330 335-36 358 361 364 367 368 369 375 377 380 388 390 394-96. VIII 346 8 10-11 13-14 15 18 24 26 30 33 34 36-37 39 46 49 52 58 66 73 74 79 81 83 94 95 99 104 106 128 129 131 133 136 139 141 143 144 146 148 149 154 161 165 169 170 172 173 174 176 177 178 181 184 186 187 190 191 192 193 194 195 198 199 205 211 214 216 218 219 220 230 240 245 247 249 256 260 261 275 283-84 290 296 297 302-03 307 311 312 316 317 320 325 331 333 342 343 344 345 346 348 349 352 353 358 359 361 363 368 370 371 373 377 394 418 419 422 424 426 434 439 440 442 443 444 447 450 453 459. Stamtavle Collin s. XXXIX IX 146 14 16 19 25 27 31 37 41 46 47 49 53-54 55 59 61 64 65 67 79 86 90 94 138 154 156 158 159 160 162 164 165 167 172 173 176 177 179 182-83 186 191 195 204-05 206 212 214-19 221-22 224 228 231 238 240 243-44 246 251 252-53 255 260 266 273 281 285 286 308 310 312 316 337 341 343 345 346-47 349 352 354 357-58 364 366 368-70 376 379 382 385-87. X 2 7 12 15 17-18 21 26-27 31 38 40 43 47 51 53 54 56-57 60 64 69 72 75 84 89 90 93 107 111 138 139 161-62 165 169 172-76 177 178-80 181 182-86 187 188-93 195 196 197 198-200 202 204 207 211 213-14 217-18 223 224-25 228 230 233 236 239 241 243 245 248 256 266 270-71 278 280 282 283 286 289 297 325 329 331 332 334 335 338-39 343 345 348 349 351-53 355 358-59 361 364 368 374 377 379-80 385-86 388 391-92 394-95 397 401 404 407-08 411-12 419 421 422-23 429 433 436 439 441 442 445 447-48 453 467 469 475-76 478.	faldende spaltetalrække i bind IX	
PerXI01722	standardpost	Collin	Elna	Collin, Elna	1842	1913		Datter af Gottlieb C., g. 1869 m. Chr. Valdemar Glad. V 436. VI 22 26 294. VII 215. — Se ogsaa: Glad, Elna. Collin, Gottlieb (1806-85), Søn af Jonas C.d.Æ., cand.jur., Fuldmægtig ved Pensionskassen, 1834 Registrator og Kasserer sst., 1842 entlediget; Kammerassessor; Grosserer.	I 119. II 46 47 61 75 81 249 264 299 346 362. III 1 120 182 295 383. IV 24 5 26 24 129 195 205. V 156 183 380-81. VI 13 22 62 121 140 260 263 308. VIII 141 221 249 252 459. IX 16 139. X 297 356 408 445.	I:119;II:46;II:47;II:61;II:75;II:81;II:249;II:264;II:299;II:346;II:362;III:1;III:120;III:182;III:295;III:383;IV:24;IV:5;IV:26;IV:24;IV:129;IV:195;IV:205;V:156;V:183;V:380;V:381;VI:13;VI:22;VI:62;VI:121;VI:140;VI:260;VI:263;VI:308;VIII:141;VIII:221;VIII:249;VIII:252;VIII:459;IX:16;IX:139;X:297;X:356;X:408;X:445		Collin, Elna (1842-1913), Datter af Gottlieb C., g. 1869 m. Chr. Valdemar Glad. V 436. VI 22 26 294. VII 215. — Se ogsaa: Glad, Elna. Collin, Gottlieb (1806-85), Søn af Jonas C.d.Æ., cand.jur., Fuldmægtig ved Pensionskassen, 1834 Registrator og Kasserer sst., 1842 entlediget; Kammerassessor; Grosserer. I 119. II 46 47 61 75 81 249 264 299 346 362. III 1 120 182 295 383. IV 24 5 26 24 129 195 205. V 156 183 380-81. VI 13 22 62 121 140 260 263 308. VIII 141 221 249 252 459. IX 16 139. X 297 356 408 445.	faldende spaltetalrække i bind IV	
PerXI01725	standardpost	Collin	Henriette Oline, f.Thyberg	Collin, Henriette Oline, f.Thyberg	1813	1894						Collin, Henriette Oline, f.Thyberg (1813- 94).	ingen henvisninger og intet 'se:'-mål	
PerXI01784	standardpost	Coudére		Coudére				Kommandant i Vernet 1846. III 147 150. Coulon (I, 332, Noten), skal være: Colon, Marguerite (se denne)				Coudére, Kommandant i Vernet 1846. III 147 150. Coulon (I, 332, Noten), skal være: Colon, Marguerite (se denne).	ingen henvisninger og intet 'se:'-mål	
PerXI01788	krydshenvisning	Coutts		Coutts							Burdet-Coutts, Angela	Coutts, se: Burdet-Coutts, Angela.	'se:'-mål 'Burdet-Coutts' findes ikke som opslag	'Burdett-Coutts' (fuzzy match, muligt OCR-bogstavfejl)
PerXI01858	krydshenvisning	Dal Borgo		Dal Borgo							Borgo	Dal Borgo, se: Borgo.	'se:'-mål 'Borgo' findes ikke som opslag	
PerXI01859	krydshenvisning	Daldy		Daldy							Bell & Daldy	Daldy, se: Bell & Daldy.	'se:'-mål 'Bell & Daldy' findes ikke som opslag	
PerXI01895	standardpost	Danmark	Dagmar, Prinsesse af —	Danmark, Dagmar, Prinsesse af —	1847	1928		Datter af Christian IX af D., g. 1866 m. Storfyrst Alexander Alexan- drovié (Alexander III). V 130 323. VI 12 126 133-34 138 208 209 215 216. VII 18 188-90 205 369. — Se ogsaa: Rusland, Dagmar (Maria Feodorovna)				Danmark, Dagmar, Prinsesse af — (1847- 1928), Datter af Christian IX af D., g. 1866 m. Storfyrst Alexander Alexan- drovié (Alexander III). V 130 323. VI 12 126 133-34 138 208 209 215 216. VII 18 188-90 205 369. — Se ogsaa: Rusland, Dagmar (Maria Feodorovna).	ingen henvisninger og intet 'se:'-mål	
PerXI01904	standardpost	Danmark	Frederik (VII), Kronprins af —	Danmark, Frederik (VII), Kronprins af —	1808	1863		Konge 1848. II 106 269. III 5 364 411 424. IV 2-3 10 11 13 17 21 36 37 38 196 247 372 377 426 449. V 4 6 44 118 127 146-49 151 154 183 383-84 415 427-28 434-36 441 444-48 450-51. VI 32 84 88 111 131 152 153 211-13 257 281. VII 40 202 225-26 381. VIII 305 455. IX 103 278. X 59 163 166 423 (Æresborger i Odense)				Danmark, Frederik (VII), Kronprins af — (1808-63), Konge 1848. II 106 269. III 5 364 411 424. IV 2-3 10 11 13 17 21 36 37 38 196 247 372 377 426 449. V 4 6 44 118 127 146-49 151 154 183 383-84 415 427-28 434-36 441 444-48 450-51. VI 32 84 88 111 131 152 153 211-13 257 281. VII 40 202 225-26 381. VIII 305 455. IX 103 278. X 59 163 166 423 (Æresborger i Odense).	ingen henvisninger og intet 'se:'-mål	
PerXI02099	krydshenvisning	Dolores		Dolores							Serrai, Dolores	Dolores, se: Serrai, Dolores.	'se:'-mål 'Serrai' findes ikke som opslag	
PerXI02156	standardpost	Drewsen	Jonna	Drewsen, Jonna	1827	1878		Datter af Adolph D., g. 1850 m. Henrik Stampe. I 119 361. II 126 132 140 264 288 290 302 307 339 341 387 389 394 401 406-07 410 440. III 1 8 34 36 132 135 179 182 277 316 321 384 389. — Se ogsaa: Stampe, Jonna. Drewsen, Louise, f. Collin (1839-1920), Datter af Edvard Collin, g. 1872 m. Viggo D. IX 339 346 348-49. X 28 32 56-57 63 148 175 187 193 196 241 339 351 385 391 397 439. — Se ogsaa: Collin, Louise (1839-1920)				Drewsen, Jonna (1827-78), Datter af Adolph D., g. 1850 m. Henrik Stampe. I 119 361. II 126 132 140 264 288 290 302 307 339 341 387 389 394 401 406-07 410 440. III 1 8 34 36 132 135 179 182 277 316 321 384 389. — Se ogsaa: Stampe, Jonna. Drewsen, Louise, f. Collin (1839-1920), Datter af Edvard Collin, g. 1872 m. Viggo D. IX 339 346 348-49. X 28 32 56-57 63 148 175 187 193 196 241 339 351 385 391 397 439. — Se ogsaa: Collin, Louise (1839-1920).	ingen henvisninger og intet 'se:'-mål	
PerXI02250	standardpost	Eckardt	Josephine, f. Thorberg	Eckardt, Josephine, f. Thorberg	1839	1906		Datter af P. L. Thorberg, Skuespillerinde ved Det kgl. Teater 1851- 1901, g. 1863 m. Lauritz E., Ægteskabet opløst. V 397-98 411-13 426 433. VI 7 100 156 162 184 199 204 264 324 332. VII 12 186 203 211 239 250 358 375 389-90. VIII 7-8 10 24 34 39 44 101 122 124-25 215-16 248 345 354 365 424 431. IX 42 84 163 248 328. X 181 215 222 442. — Se ogsaa: Thorberg, Josephine. Eckardt, Lauritz (1829-89), Søn af Marie Vilhelmine E., cand. phil., Skuespiller ved Det kgl. Teater 1850-76.	IV 269 367 369 393-96 406 416 423 453 461. V 5 10 12 18 20 21 32 60 87 88 98 99 118 125 128 129 132 136 137 142 147 149 151 154 155 157 158 159 164 168 169 170 172 176 186 193 201 204 216 223 262 264 295 322 323 341 342 362 367 370 376 380-81 385 391 394 397 401 407 411-12 413 414 423 433 435 440 444 449 451. VI 1 3 7 28 30 33 67 72 75 90 100 115 124 157 158 166 167 175 179 191 249 254 257 261 264 269 275 308 312 313 315 324 338 344 348 352. VII 36 7 12 15 37 44 48 62 79 89 96 108 118 160 174 186 187 203-04 210 213 238 247 260 269 272 282 335 338 358 389. VIII 6 39-40 44 49 69 77 98 109 111 120 122 125 133 139 148 150 180 182 186 193 212 215 222 223 232 237 248 261 275 276 280 290 293 305 306 315 320 327 334 343 351 360 365 374 382 384 390 411 413 424 431. IX 1 7 15 16 27 39 47 54 72 149 159 163 183 186 192 194 198 214 235 237 248 250 252 267 281 306 317 327-28 341 370 375 377 387-88. X 7 9-10 13 15 19 21-22 24 26 28 30 32 37 38 42 46 48 51 58 62 80 81 100 111 133 135 143 145 147-48 151 153 157 166 172 176 184 192 196 201 210 215 222 230 232 239 260 297 318 328 334 337 351 356 360 370 373 377 379 383 386-88 395-96 398 401 404 408 418-19 421-23 426 438 469 472.	IV:269;IV:367;IV:369;IV:393;IV:394;IV:395;IV:396;IV:406;IV:416;IV:423;IV:453;IV:461;V:5;V:10;V:12;V:18;V:20;V:21;V:32;V:60;V:87;V:88;V:98;V:99;V:118;V:125;V:128;V:129;V:132;V:136;V:137;V:142;V:147;V:149;V:151;V:154;V:155;V:157;V:158;V:159;V:164;V:168;V:169;V:170;V:172;V:176;V:186;V:193;V:201;V:204;V:216;V:223;V:262;V:264;V:295;V:322;V:323;V:341;V:342;V:362;V:367;V:370;V:376;V:380;V:381;V:385;V:391;V:394;V:397;V:401;V:407;V:411;V:412;V:413;V:414;V:423;V:433;V:435;V:440;V:444;V:449;V:451;VI:1;VI:3;VI:7;VI:28;VI:30;VI:33;VI:67;VI:72;VI:75;VI:90;VI:100;VI:115;VI:124;VI:157;VI:158;VI:166;VI:167;VI:175;VI:179;VI:191;VI:249;VI:254;VI:257;VI:261;VI:264;VI:269;VI:275;VI:308;VI:312;VI:313;VI:315;VI:324;VI:338;VI:344;VI:348;VI:352;VII:36;VII:7;VII:12;VII:15;VII:37;VII:44;VII:48;VII:62;VII:79;VII:89;VII:96;VII:108;VII:118;VII:160;VII:174;VII:186;VII:187;VII:203;VII:204;VII:210;VII:213;VII:238;VII:247;VII:260;VII:269;VII:272;VII:282;VII:335;VII:338;VII:358;VII:389;VIII:6;VIII:39;VIII:40;VIII:44;VIII:49;VIII:69;VIII:77;VIII:98;VIII:109;VIII:111;VIII:120;VIII:122;VIII:125;VIII:133;VIII:139;VIII:148;VIII:150;VIII:180;VIII:182;VIII:186;VIII:193;VIII:212;VIII:215;VIII:222;VIII:223;VIII:232;VIII:237;VIII:248;VIII:261;VIII:275;VIII:276;VIII:280;VIII:290;VIII:293;VIII:305;VIII:306;VIII:315;VIII:320;VIII:327;VIII:334;VIII:343;VIII:351;VIII:360;VIII:365;VIII:374;VIII:382;VIII:384;VIII:390;VIII:411;VIII:413;VIII:424;VIII:431;IX:1;IX:7;IX:15;IX:16;IX:27;IX:39;IX:47;IX:54;IX:72;IX:149;IX:159;IX:163;IX:183;IX:186;IX:192;IX:194;IX:198;IX:214;IX:235;IX:237;IX:248;IX:250;IX:252;IX:267;IX:281;IX:306;IX:317;IX:327;IX:328;IX:341;IX:370;IX:375;IX:377;IX:387;IX:388;X:7;X:9;X:10;X:13;X:15;X:19;X:21;X:22;X:24;X:26;X:28;X:30;X:32;X:37;X:38;X:42;X:46;X:48;X:51;X:58;X:62;X:80;X:81;X:100;X:111;X:133;X:135;X:143;X:145;X:147;X:148;X:151;X:153;X:157;X:166;X:172;X:176;X:184;X:192;X:196;X:201;X:210;X:215;X:222;X:230;X:232;X:239;X:260;X:297;X:318;X:328;X:334;X:337;X:351;X:356;X:360;X:370;X:373;X:377;X:379;X:383;X:386;X:387;X:388;X:395;X:396;X:398;X:401;X:404;X:408;X:418;X:419;X:421;X:422;X:423;X:426;X:438;X:469;X:472		Eckardt, Josephine, f. Thorberg (1839- 1906), Datter af P. L. Thorberg, Skuespillerinde ved Det kgl. Teater 1851- 1901, g. 1863 m. Lauritz E., Ægteskabet opløst. V 397-98 411-13 426 433. VI 7 100 156 162 184 199 204 264 324 332. VII 12 186 203 211 239 250 358 375 389-90. VIII 7-8 10 24 34 39 44 101 122 124-25 215-16 248 345 354 365 424 431. IX 42 84 163 248 328. X 181 215 222 442. — Se ogsaa: Thorberg, Josephine. Eckardt, Lauritz (1829-89), Søn af Marie Vilhelmine E., cand. phil., Skuespiller ved Det kgl. Teater 1850-76. IV 269 367 369 393-96 406 416 423 453 461. V 5 10 12 18 20 21 32 60 87 88 98 99 118 125 128 129 132 136 137 142 147 149 151 154 155 157 158 159 164 168 169 170 172 176 186 193 201 204 216 223 262 264 295 322 323 341 342 362 367 370 376 380-81 385 391 394 397 401 407 411-12 413 414 423 433 435 440 444 449 451. VI 1 3 7 28 30 33 67 72 75 90 100 115 124 157 158 166 167 175 179 191 249 254 257 261 264 269 275 308 312 313 315 324 338 344 348 352. VII 36 7 12 15 37 44 48 62 79 89 96 108 118 160 174 186 187 203-04 210 213 238 247 260 269 272 282 335 338 358 389. VIII 6 39-40 44 49 69 77 98 109 111 120 122 125 133 139 148 150 180 182 186 193 212 215 222 223 232 237 248 261 275 276 280 290 293 305 306 315 320 327 334 343 351 360 365 374 382 384 390 411 413 424 431. IX 1 7 15 16 27 39 47 54 72 149 159 163 183 186 192 194 198 214 235 237 248 250 252 267 281 306 317 327-28 341 370 375 377 387-88. X 7 9-10 13 15 19 21-22 24 26 28 30 32 37 38 42 46 48 51 58 62 80 81 100 111 133 135 143 145 147-48 151 153 157 166 172 176 184 192 196 201 210 215 222 230 232 239 260 297 318 328 334 337 351 356 360 370 373 377 379 383 386-88 395-96 398 401 404 408 418-19 421-23 426 438 469 472.	faldende spaltetalrække i bind VII	
PerXI02315	standardpost	Emerson	Catherine (Kate), f. Baronesse de Bretton	Emerson, Catherine (Kate), f. Baronesse de Bretton	1831	1900		Søster til A. P. C. de Bretton, g. 1° 1850 m. engelsk Konsul paa St. Thomas William Joseph E., 2° 1870 m. Ørelæge Wilhelm Meyer. VII 256. — Se ogsaa: Meyer, Catherine (Kate)				Emerson, Catherine (Kate), f. Baronesse de Bretton (1831-1900), Søster til A. P. C. de Bretton, g. 1° 1850 m. engelsk Konsul paa St. Thomas William Joseph E., 2° 1870 m. Ørelæge Wilhelm Meyer. VII 256. — Se ogsaa: Meyer, Catherine (Kate).	ingen henvisninger og intet 'se:'-mål	
PerXI02335	krydshenvisning	England		England							Storbritannien	England, se ogsaa: Storbritannien.	'se:'-mål 'Storbritannien' findes ikke som opslag	
PerXI02395	krydshenvisning	Exciill		Exciill							Üxküll	Exciill, se: Üxküll.	'se:'-mål 'Üxküll' findes ikke som opslag	
PerXI02443	krydshenvisning	Falkenstein		Falkenstein							Vogel von Falcken- stein	Falkenstein, se ogsaa: Vogel von Falcken- stein.	'se:'-mål 'Vogel von Falcken- stein' findes ikke som opslag	'Vogel von Falckenstein' (fjernet ombrydningsbindestreg)
PerXI02568	standardpost	Florio		Florio				Fører af Dampskibet Ferdinand	I 1841. II 210.	I:1841;II:210		Florio, Fører af Dampskibet Ferdinand I 1841. II 210.	spaltetal uden for 1-796: I:1841	
PerXI02641	krydshenvisning	Franzl		Franzl							Frånzl	Franzl, se ogsaa: Frånzl.	'se:'-mål 'Frånzl' findes ikke som opslag	
PerXI02644	krydshenvisning	Frederici		Frederici							Fridericia og Frie- derici	Frederici, se ogsaa: Fridericia og Frie- derici.	'se:'-mål 'Fridericia og Frie- derici' findes ikke som opslag	'Fridericia', 'Friederici' (opslag pr. stavevariant)
PerXI02733	standardpost	Frommann	Friedrich Johann	Frommann, Friedrich Johann	1797	1886		Søn af K.F.E.F., Forlagsboghandler i Jena. II 403-04. III 58 GOGI 176				Frommann, Friedrich Johann (1797- 1886), Søn af K.F.E.F., Forlagsboghandler i Jena. II 403-04. III 58 GOGI 176.	ingen henvisninger og intet 'se:'-mål	
PerXI02871	krydshenvisning	Geer		Geer							De Geer	Geer, se: De Geer.	'se:'-mål 'De Geer' findes ikke som opslag	
PerXI02964	standardpost	Glücksborg	Christian, Prins af Slesvig- Holsten-Sønderborg-G.	Glücksborg, Christian, Prins af Slesvig- Holsten-Sønderborg-G.	1818	1906		Broder til Hertug Carl af G., 1863 Konge af Danmark (Christian IX). II 422 424. IV 127. — Se ogsaa: Danmark, Christian (IX)				Glücksborg, Christian, Prins af Slesvig- Holsten-Sønderborg-G. (1818-1906), Broder til Hertug Carl af G., 1863 Konge af Danmark (Christian IX). II 422 424. IV 127. — Se ogsaa: Danmark, Christian (IX).	ingen henvisninger og intet 'se:'-mål	
PerXI03003	krydshenvisning	Gotha	Hertugen af -	Gotha, Hertugen af -							Sachsen-Co- burg-Gotha	Gotha, Hertugen af -, se: Sachsen-Co- burg-Gotha.	'se:'-mål 'Sachsen-Co- burg-Gotha' findes ikke som opslag	'Sachsen-Coburg-Gotha' (fjernet ombrydningsbindestreg)
PerXI03114	standardpost	Grøn	L.J.	Grøn, L.J.	1827	1910		Grosserer.	VI 181. VII 267-71 174-76 279 281. VIII 184 356 359. IX 13 14 61.	VI:181;VII:267;VII:268;VII:269;VII:270;VII:271;VII:174;VII:175;VII:176;VII:279;VII:281;VIII:184;VIII:356;VIII:359;IX:13;IX:14;IX:61		Grøn, L.J. (1827-1910), Grosserer. VI 181. VII 267-71 174-76 279 281. VIII 184 356 359. IX 13 14 61.	faldende spaltetalrække i bind VII	
PerXI03301	krydshenvisning	Hans	Prins	Hans, Prins							Glucksborg, Johan	Hans, Prins, se: Glucksborg, Johan.	'se:'-mål 'Glucksborg' findes ikke som opslag	'Glücksborg' (fuzzy match, muligt OCR-bogstavfejl)
PerXI03304	standardpost	Hansen	London 1847, ansat i Hambros Firma? III 218 231. (218 maaske = Grosserer A. N. Hansen	Hansen, London 1847, ansat i Hambros Firma? III 218 231. (218 maaske = Grosserer A. N. Hansen	1798	1873		231 maaske hans Søn Alfred (se denne))				Hansen, London 1847, ansat i Hambros Firma? III 218 231. (218 maaske = Grosserer A. N. Hansen (1798-1873), 231 maaske hans Søn Alfred (se denne)).	ingen henvisninger og intet 'se:'-mål	
PerXI03352	standardpost	Hansen	Ida, f. Wulff	Hansen, Ida, f. Wulff	1845	1924		Datter af Peter Wulff, g. 1865 m. Octavius H. VI 341. VII 269 271. IX 169 187 216. X 249. — Se ogsaa: Wulff, Ida (1845-1924)				Hansen, Ida, f. Wulff (1845-1924), Datter af Peter Wulff, g. 1865 m. Octavius H. VI 341. VII 269 271. IX 169 187 216. X 249. — Se ogsaa: Wulff, Ida (1845-1924).	ingen henvisninger og intet 'se:'-mål	
PerXI03434	standardpost	Hartmann	J. P. E.	Hartmann, J. P. E.	1805	1900		Komponist.	I 59 129. II 42 49 51 63 107 109 266-67 300 341 344 393. III 41 127 182 235 273 295 324 386. IV 4 11 17-19 22 23 76 82 91 157 173 183 188 189 195 208 220-21 222 228 290 322 338 342 380 394 399 421 424 434 452 465 469 470 471. V 10-11 12 16 17 43 108 114 118 119 121 127 134 142 143 145 152 155 159 161 162 163 164 165 166 167 173 174 176 177 181-82 188 193 219 289 360 371 380-81 383 385 392-96 401 410 421 423 427 429 436-37 439 443-44 447-50 453-54. VI 3 8 9-10 15 20-21 28 33 42 56 58 73 76 77 78 90 92 100 101 103 110-12 113 122 124 133 135 140 143 145 149 150 152 153 155 156 158 163-64 166 167 173 177 178 179 180 184 188 192 194 195 197 198 199 201 206 208 211 213 216 218-20 222 223 225 227 228 231 236 252 255 262 294 308 309 315 320 322 326 335 336 339 344 353. VII 2 7 11 13 14 17 43 48 51 54 57 73 111 173 175 184-85 198 200 203-04 207 214 219 231 235 241 244 255 257 259 260 261 290 308 309 321 357 368-69 388 390 393 395. VIII 8 10 23 44 83 99 104 132 145 146 157 162 178 181 183 191 193 196 203 208 209-10 240 247 251 252 259 312 320 335 351 355 356 357-58 359 360 361 367 379 387 415-16 417 428 431 436 438 446-47 453 454 461 463. IX 45 8 21 26 47 50 52 54 57 61 65-66 67 74 98 157 159 172 179 180 187 193 198 199 208-09 215 223 237 240-41 244 245 248 250 320 323 327 331 336 338 346 356-57 366 378 381- 84. X 9 20 24 32 38 42 52 56 60 65 82 94 117 141 142 152 160 167 172 178 181 187 192 194 200 212-13 216-17 221 230 231 235 240 245-48 250-58 263 282 305 328 335 336 339 342 352 360 364 371-72 374-76 379 384 390 392 399-400 403 408 413 415-17 421 425 436 442-46 449-50 455 457- 58 469 479.	I:59;I:129;II:42;II:49;II:51;II:63;II:107;II:109;II:266;II:267;II:300;II:341;II:344;II:393;III:41;III:127;III:182;III:235;III:273;III:295;III:324;III:386;IV:4;IV:11;IV:17;IV:18;IV:19;IV:22;IV:23;IV:76;IV:82;IV:91;IV:157;IV:173;IV:183;IV:188;IV:189;IV:195;IV:208;IV:220;IV:221;IV:222;IV:228;IV:290;IV:322;IV:338;IV:342;IV:380;IV:394;IV:399;IV:421;IV:424;IV:434;IV:452;IV:465;IV:469;IV:470;IV:471;V:10;V:11;V:12;V:16;V:17;V:43;V:108;V:114;V:118;V:119;V:121;V:127;V:134;V:142;V:143;V:145;V:152;V:155;V:159;V:161;V:162;V:163;V:164;V:165;V:166;V:167;V:173;V:174;V:176;V:177;V:181;V:182;V:188;V:193;V:219;V:289;V:360;V:371;V:380;V:381;V:383;V:385;V:392;V:393;V:394;V:395;V:396;V:401;V:410;V:421;V:423;V:427;V:429;V:436;V:437;V:439;V:443;V:444;V:447;V:448;V:449;V:450;V:453;V:454;VI:3;VI:8;VI:9;VI:10;VI:15;VI:20;VI:21;VI:28;VI:33;VI:42;VI:56;VI:58;VI:73;VI:76;VI:77;VI:78;VI:90;VI:92;VI:100;VI:101;VI:103;VI:110;VI:111;VI:112;VI:113;VI:122;VI:124;VI:133;VI:135;VI:140;VI:143;VI:145;VI:149;VI:150;VI:152;VI:153;VI:155;VI:156;VI:158;VI:163;VI:164;VI:166;VI:167;VI:173;VI:177;VI:178;VI:179;VI:180;VI:184;VI:188;VI:192;VI:194;VI:195;VI:197;VI:198;VI:199;VI:201;VI:206;VI:208;VI:211;VI:213;VI:216;VI:218;VI:219;VI:220;VI:222;VI:223;VI:225;VI:227;VI:228;VI:231;VI:236;VI:252;VI:255;VI:262;VI:294;VI:308;VI:309;VI:315;VI:320;VI:322;VI:326;VI:335;VI:336;VI:339;VI:344;VI:353;VII:2;VII:7;VII:11;VII:13;VII:14;VII:17;VII:43;VII:48;VII:51;VII:54;VII:57;VII:73;VII:111;VII:173;VII:175;VII:184;VII:185;VII:198;VII:200;VII:203;VII:204;VII:207;VII:214;VII:219;VII:231;VII:235;VII:241;VII:244;VII:255;VII:257;VII:259;VII:260;VII:261;VII:290;VII:308;VII:309;VII:321;VII:357;VII:368;VII:369;VII:388;VII:390;VII:393;VII:395;VIII:8;VIII:10;VIII:23;VIII:44;VIII:83;VIII:99;VIII:104;VIII:132;VIII:145;VIII:146;VIII:157;VIII:162;VIII:178;VIII:181;VIII:183;VIII:191;VIII:193;VIII:196;VIII:203;VIII:208;VIII:209;VIII:210;VIII:240;VIII:247;VIII:251;VIII:252;VIII:259;VIII:312;VIII:320;VIII:335;VIII:351;VIII:355;VIII:356;VIII:357;VIII:358;VIII:359;VIII:360;VIII:361;VIII:367;VIII:379;VIII:387;VIII:415;VIII:416;VIII:417;VIII:428;VIII:431;VIII:436;VIII:438;VIII:446;VIII:447;VIII:453;VIII:454;VIII:461;VIII:463;IX:45;IX:8;IX:21;IX:26;IX:47;IX:50;IX:52;IX:54;IX:57;IX:61;IX:65;IX:66;IX:67;IX:74;IX:98;IX:157;IX:159;IX:172;IX:179;IX:180;IX:187;IX:193;IX:198;IX:199;IX:208;IX:209;IX:215;IX:223;IX:237;IX:240;IX:241;IX:244;IX:245;IX:248;IX:250;IX:320;IX:323;IX:327;IX:331;IX:336;IX:338;IX:346;IX:356;IX:357;IX:366;IX:378;IX:381;IX:382;IX:383;IX:384;X:9;X:20;X:24;X:32;X:38;X:42;X:52;X:56;X:60;X:65;X:82;X:94;X:117;X:141;X:142;X:152;X:160;X:167;X:172;X:178;X:181;X:187;X:192;X:194;X:200;X:212;X:213;X:216;X:217;X:221;X:230;X:231;X:235;X:240;X:245;X:246;X:247;X:248;X:250;X:251;X:252;X:253;X:254;X:255;X:256;X:257;X:258;X:263;X:282;X:305;X:328;X:335;X:336;X:339;X:342;X:352;X:360;X:364;X:371;X:372;X:374;X:375;X:376;X:379;X:384;X:390;X:392;X:399;X:400;X:403;X:408;X:413;X:415;X:416;X:417;X:421;X:425;X:436;X:442;X:443;X:444;X:445;X:446;X:449;X:450;X:455;X:457;X:458;X:469;X:479		Hartmann, J. P. E. (1805-1900), Komponist. I 59 129. II 42 49 51 63 107 109 266-67 300 341 344 393. III 41 127 182 235 273 295 324 386. IV 4 11 17-19 22 23 76 82 91 157 173 183 188 189 195 208 220-21 222 228 290 322 338 342 380 394 399 421 424 434 452 465 469 470 471. V 10-11 12 16 17 43 108 114 118 119 121 127 134 142 143 145 152 155 159 161 162 163 164 165 166 167 173 174 176 177 181-82 188 193 219 289 360 371 380-81 383 385 392-96 401 410 421 423 427 429 436-37 439 443-44 447-50 453-54. VI 3 8 9-10 15 20-21 28 33 42 56 58 73 76 77 78 90 92 100 101 103 110-12 113 122 124 133 135 140 143 145 149 150 152 153 155 156 158 163-64 166 167 173 177 178 179 180 184 188 192 194 195 197 198 199 201 206 208 211 213 216 218-20 222 223 225 227 228 231 236 252 255 262 294 308 309 315 320 322 326 335 336 339 344 353. VII 2 7 11 13 14 17 43 48 51 54 57 73 111 173 175 184-85 198 200 203-04 207 214 219 231 235 241 244 255 257 259 260 261 290 308 309 321 357 368-69 388 390 393 395. VIII 8 10 23 44 83 99 104 132 145 146 157 162 178 181 183 191 193 196 203 208 209-10 240 247 251 252 259 312 320 335 351 355 356 357-58 359 360 361 367 379 387 415-16 417 428 431 436 438 446-47 453 454 461 463. IX 45 8 21 26 47 50 52 54 57 61 65-66 67 74 98 157 159 172 179 180 187 193 198 199 208-09 215 223 237 240-41 244 245 248 250 320 323 327 331 336 338 346 356-57 366 378 381- 84. X 9 20 24 32 38 42 52 56 60 65 82 94 117 141 142 152 160 167 172 178 181 187 192 194 200 212-13 216-17 221 230 231 235 240 245-48 250-58 263 282 305 328 335 336 339 342 352 360 364 371-72 374-76 379 384 390 392 399-400 403 408 413 415-17 421 425 436 442-46 449-50 455 457- 58 469 479.	faldende spaltetalrække i bind IX	
PerXI03625	standardpost	Henriques	Martin R.	Henriques, Martin R.	1825	1912		Søn af Ruben H., Vekselmægler. IV 377 406 436 471 473. V 3 4 7 16 19 20 118 121 123 125 129 131 132 134 135 141 142 143 144 148 150 151 157 158 160 161 162 163 164 165 166 381 385 393 412 417 418 419 421 423 424 427 429 435 438 449-50 453. VI 1 3 4 12 17 18 19 21 30 32 51 92 95 100 116 118 125 141 142 145 149 151 154 155 157 163 166 178 180 181 183 187 193 196 197 199 201 202-03 206-07 210 214 219 221 225 232-33 238 240 261 271 283 287 289-93 295-96 298 304 308 310 311 312 313 321-22 326 334 340 348. VII 9 12 13 17 23 42 50 72 97 109 116 136 140 186 187 203-06 207-09 211 214-15 218 220 221 223 227 235 236 239 241 244 246 248 253 254 255 257 259 260 262 278 302-03 306-07 315 324 357 358 359 361 362 Stamtavle Henriques s. XLIV 366 368 369 373 377 379 385 388 390 393 394-95.	VIII 1345 6 14 17 18 21 28 30 32 34 35 36 42 46 50 52 66 99 101 104 131 134 135 136 138 139 140 143 144 146 149 152 154 155 156-57 159 162 165 169 170 174 175 176 179 181 182 183 184 187 188 190 191 195 196 199 201 205 210 215 217-18 231 235 236 238 242-43 245 247 257 258 275 290 291 295 296 303 308 317 322 325 331 335 340 343 345 346 351 353 355 360 362 365 366 367-68 371 375 377 379 380 382 385 386 388 390 393 395 396 397 401-02 409 411 414 415 416 419 421 424 426 428-29 436 438 439 442 444 446 447 448 449 450 453. IX 1 25 8 9 11 14 15 16 18 19 21 26 27 28 32 34-35 36 39 40 43 45 49 51 54 55 56 57 60 61 63 64 65 68 80 81 98 105 124 139 141-44 146 147 148 149 157 159 161-62 167 169 175 176 179 182-84 186 188 194 197 201 202 203 205-06 207 208 212 214 215 219 222123 225 227 228 230 231 233 235-36 237 238 240 241-42 245 247 250-51 253 281 299 309 312-13 315 320 326 332 334-35 337 339 340 341 342 344-45 347 352-56 358 360-61 374-75 378 380-82 384-85 388. X 2 4 7-12 14-15 17 19 23 24 26 28 34 36-37 40 43 47-48 54 57 59-60 62 64 81 109 143 150 152-53 157-59 162 165-66 168-69 171-72 174 176 177 179 181 182 184-85 187-90 191 193-94 197 200 204 206 210 212 213 215 216 218-19 222 224 225 226 228-30 233 235 238 240-41 243-44 247 251 254-55 273 274 311 320 327- 30 334 338 341 343 345 346 348 352 354 359 362-64 367 372-73 376 379 385 388 389 390 392 394 397 400-01 404-05 408 415 417 418 423 429 432 434 436 439 442-43 469 481.	VIII:1345;VIII:6;VIII:14;VIII:17;VIII:18;VIII:21;VIII:28;VIII:30;VIII:32;VIII:34;VIII:35;VIII:36;VIII:42;VIII:46;VIII:50;VIII:52;VIII:66;VIII:99;VIII:101;VIII:104;VIII:131;VIII:134;VIII:135;VIII:136;VIII:138;VIII:139;VIII:140;VIII:143;VIII:144;VIII:146;VIII:149;VIII:152;VIII:154;VIII:155;VIII:156;VIII:157;VIII:159;VIII:162;VIII:165;VIII:169;VIII:170;VIII:174;VIII:175;VIII:176;VIII:179;VIII:181;VIII:182;VIII:183;VIII:184;VIII:187;VIII:188;VIII:190;VIII:191;VIII:195;VIII:196;VIII:199;VIII:201;VIII:205;VIII:210;VIII:215;VIII:217;VIII:218;VIII:231;VIII:235;VIII:236;VIII:238;VIII:242;VIII:243;VIII:245;VIII:247;VIII:257;VIII:258;VIII:275;VIII:290;VIII:291;VIII:295;VIII:296;VIII:303;VIII:308;VIII:317;VIII:322;VIII:325;VIII:331;VIII:335;VIII:340;VIII:343;VIII:345;VIII:346;VIII:351;VIII:353;VIII:355;VIII:360;VIII:362;VIII:365;VIII:366;VIII:367;VIII:368;VIII:371;VIII:375;VIII:377;VIII:379;VIII:380;VIII:382;VIII:385;VIII:386;VIII:388;VIII:390;VIII:393;VIII:395;VIII:396;VIII:397;VIII:401;VIII:402;VIII:409;VIII:411;VIII:414;VIII:415;VIII:416;VIII:419;VIII:421;VIII:424;VIII:426;VIII:428;VIII:429;VIII:436;VIII:438;VIII:439;VIII:442;VIII:444;VIII:446;VIII:447;VIII:448;VIII:449;VIII:450;VIII:453;IX:1;IX:25;IX:8;IX:9;IX:11;IX:14;IX:15;IX:16;IX:18;IX:19;IX:21;IX:26;IX:27;IX:28;IX:32;IX:34;IX:35;IX:36;IX:39;IX:40;IX:43;IX:45;IX:49;IX:51;IX:54;IX:55;IX:56;IX:57;IX:60;IX:61;IX:63;IX:64;IX:65;IX:68;IX:80;IX:81;IX:98;IX:105;IX:124;IX:139;IX:141;IX:142;IX:143;IX:144;IX:146;IX:147;IX:148;IX:149;IX:157;IX:159;IX:161;IX:162;IX:167;IX:169;IX:175;IX:176;IX:179;IX:182;IX:183;IX:184;IX:186;IX:188;IX:194;IX:197;IX:201;IX:202;IX:203;IX:205;IX:206;IX:207;IX:208;IX:212;IX:214;IX:215;IX:219;IX:222123;IX:225;IX:227;IX:228;IX:230;IX:231;IX:233;IX:235;IX:236;IX:237;IX:238;IX:240;IX:241;IX:242;IX:245;IX:247;IX:250;IX:251;IX:253;IX:281;IX:299;IX:309;IX:312;IX:313;IX:315;IX:320;IX:326;IX:332;IX:334;IX:335;IX:337;IX:339;IX:340;IX:341;IX:342;IX:344;IX:345;IX:347;IX:352;IX:353;IX:354;IX:355;IX:356;IX:358;IX:360;IX:361;IX:374;IX:375;IX:378;IX:380;IX:381;IX:382;IX:384;IX:385;IX:388;X:2;X:4;X:7;X:8;X:9;X:10;X:11;X:12;X:14;X:15;X:17;X:19;X:23;X:24;X:26;X:28;X:34;X:36;X:37;X:40;X:43;X:47;X:48;X:54;X:57;X:59;X:60;X:62;X:64;X:81;X:109;X:143;X:150;X:152;X:153;X:157;X:158;X:159;X:162;X:165;X:166;X:168;X:169;X:171;X:172;X:174;X:176;X:177;X:179;X:181;X:182;X:184;X:185;X:187;X:188;X:189;X:190;X:191;X:193;X:194;X:197;X:200;X:204;X:206;X:210;X:212;X:213;X:215;X:216;X:218;X:219;X:222;X:224;X:225;X:226;X:228;X:229;X:230;X:233;X:235;X:238;X:240;X:241;X:243;X:244;X:247;X:251;X:254;X:255;X:273;X:274;X:311;X:320;X:327;X:328;X:329;X:330;X:334;X:338;X:341;X:343;X:345;X:346;X:348;X:352;X:354;X:359;X:362;X:363;X:364;X:367;X:372;X:373;X:376;X:379;X:385;X:388;X:389;X:390;X:392;X:394;X:397;X:400;X:401;X:404;X:405;X:408;X:415;X:417;X:418;X:423;X:429;X:432;X:434;X:436;X:439;X:442;X:443;X:469;X:481		Henriques, Martin R. (1825-1912), Søn af Ruben H., Vekselmægler. IV 377 406 436 471 473. V 3 4 7 16 19 20 118 121 123 125 129 131 132 134 135 141 142 143 144 148 150 151 157 158 160 161 162 163 164 165 166 381 385 393 412 417 418 419 421 423 424 427 429 435 438 449-50 453. VI 1 3 4 12 17 18 19 21 30 32 51 92 95 100 116 118 125 141 142 145 149 151 154 155 157 163 166 178 180 181 183 187 193 196 197 199 201 202-03 206-07 210 214 219 221 225 232-33 238 240 261 271 283 287 289-93 295-96 298 304 308 310 311 312 313 321-22 326 334 340 348. VII 9 12 13 17 23 42 50 72 97 109 116 136 140 186 187 203-06 207-09 211 214-15 218 220 221 223 227 235 236 239 241 244 246 248 253 254 255 257 259 260 262 278 302-03 306-07 315 324 357 358 359 361 362 Stamtavle Henriques s. XLIV 366 368 369 373 377 379 385 388 390 393 394-95. VIII 1345 6 14 17 18 21 28 30 32 34 35 36 42 46 50 52 66 99 101 104 131 134 135 136 138 139 140 143 144 146 149 152 154 155 156-57 159 162 165 169 170 174 175 176 179 181 182 183 184 187 188 190 191 195 196 199 201 205 210 215 217-18 231 235 236 238 242-43 245 247 257 258 275 290 291 295 296 303 308 317 322 325 331 335 340 343 345 346 351 353 355 360 362 365 366 367-68 371 375 377 379 380 382 385 386 388 390 393 395 396 397 401-02 409 411 414 415 416 419 421 424 426 428-29 436 438 439 442 444 446 447 448 449 450 453. IX 1 25 8 9 11 14 15 16 18 19 21 26 27 28 32 34-35 36 39 40 43 45 49 51 54 55 56 57 60 61 63 64 65 68 80 81 98 105 124 139 141-44 146 147 148 149 157 159 161-62 167 169 175 176 179 182-84 186 188 194 197 201 202 203 205-06 207 208 212 214 215 219 222123 225 227 228 230 231 233 235-36 237 238 240 241-42 245 247 250-51 253 281 299 309 312-13 315 320 326 332 334-35 337 339 340 341 342 344-45 347 352-56 358 360-61 374-75 378 380-82 384-85 388. X 2 4 7-12 14-15 17 19 23 24 26 28 34 36-37 40 43 47-48 54 57 59-60 62 64 81 109 143 150 152-53 157-59 162 165-66 168-69 171-72 174 176 177 179 181 182 184-85 187-90 191 193-94 197 200 204 206 210 212 213 215 216 218-19 222 224 225 226 228-30 233 235 238 240-41 243-44 247 251 254-55 273 274 311 320 327- 30 334 338 341 343 345 346 348 352 354 359 362-64 367 372-73 376 379 385 388 389 390 392 394 397 400-01 404-05 408 415 417 418 423 429 432 434 436 439 442-43 469 481.	spaltetal uden for 1-796: IX:222123, VIII:1345; faldende spaltetalrække i bind IX, VIII	
PerXI03864	standardpost	Holst	H. P.	Holst, H. P.	1811	1893		Digter, 1836-61 Lærer ved Landkadetakademiet, 1849- 58 tillige ved Kadetskolen, 1859-60 Redaktør for Berlingske Tidende, 1862- 64 Direktør for Casino, 1864-68 og fra 1875 Sceneinstruktør ved Det kgl. Teater, 1849 tit. Professor, 1871 Etatsraad, 1891 Konferensraad.	II 32 50 59-61 63-64 67 69-70 74 103 104 107 109 113 116 118 121-29 131-32 134-39 141-45 152 154 176 183 299 301 303 312 321 328 330 332 341 407 417 419. III 99 125 219 377. IV 11 419 427 443. V 9 72 87 124 129 161 162 226 227 291 326 340 370 381 416 422 428-29 451. VI 4 5 7-8 19 23 24 32 36 92 173 188 189 203-04 209 213 261 310 311 325 346. V II 388. VIII 45 96 102 109 121 128 151 162 171 243-44 250 306 312 380 408 412 414 419 420 424 448 454. IX 40 46 79 151 186-87 194 210-11 230 247 251 358 360 380. X 37 161 187 191 193 229 240 246 252-53 261 339 340 341 362 375 430 437 441.	II:32;II:50;II:59;II:60;II:61;II:63;II:64;II:67;II:69;II:70;II:74;II:103;II:104;II:107;II:109;II:113;II:116;II:118;II:121;II:122;II:123;II:124;II:125;II:126;II:127;II:128;II:129;II:131;II:132;II:134;II:135;II:136;II:137;II:138;II:139;II:141;II:142;II:143;II:144;II:145;II:152;II:154;II:176;II:183;II:299;II:301;II:303;II:312;II:321;II:328;II:330;II:332;II:341;II:407;II:417;II:419;III:99;III:125;III:219;III:377;IV:11;IV:419;IV:427;IV:443;V:9;V:72;V:87;V:124;V:129;V:161;V:162;V:226;V:227;V:291;V:326;V:340;V:370;V:381;V:416;V:422;V:428;V:429;V:451;VI:4;VI:5;VI:7;VI:8;VI:19;VI:23;VI:24;VI:32;VI:36;VI:92;VI:173;VI:188;VI:189;VI:203;VI:204;VI:209;VI:213;VI:261;VI:310;VI:311;VI:325;VI:346;II:388;VIII:45;VIII:96;VIII:102;VIII:109;VIII:121;VIII:128;VIII:151;VIII:162;VIII:171;VIII:243;VIII:244;VIII:250;VIII:306;VIII:312;VIII:380;VIII:408;VIII:412;VIII:414;VIII:419;VIII:420;VIII:424;VIII:448;VIII:454;IX:40;IX:46;IX:79;IX:151;IX:186;IX:187;IX:194;IX:210;IX:211;IX:230;IX:247;IX:251;IX:358;IX:360;IX:380;X:37;X:161;X:187;X:191;X:193;X:229;X:240;X:246;X:252;X:253;X:261;X:339;X:340;X:341;X:362;X:375;X:430;X:437;X:441		Holst, H. P. (1811-93), Digter, 1836-61 Lærer ved Landkadetakademiet, 1849- 58 tillige ved Kadetskolen, 1859-60 Redaktør for Berlingske Tidende, 1862- 64 Direktør for Casino, 1864-68 og fra 1875 Sceneinstruktør ved Det kgl. Teater, 1849 tit. Professor, 1871 Etatsraad, 1891 Konferensraad. II 32 50 59-61 63-64 67 69-70 74 103 104 107 109 113 116 118 121-29 131-32 134-39 141-45 152 154 176 183 299 301 303 312 321 328 330 332 341 407 417 419. III 99 125 219 377. IV 11 419 427 443. V 9 72 87 124 129 161 162 226 227 291 326 340 370 381 416 422 428-29 451. VI 4 5 7-8 19 23 24 32 36 92 173 188 189 203-04 209 213 261 310 311 325 346. V II 388. VIII 45 96 102 109 121 128 151 162 171 243-44 250 306 312 380 408 412 414 419 420 424 448 454. IX 40 46 79 151 186-87 194 210-11 230 247 251 358 360 380. X 37 161 187 191 193 229 240 246 252-53 261 339 340 341 362 375 430 437 441.	faldende spaltetalrække i bind II	
PerXI03882	standardpost	Holstein	Ida von	Holstein, Ida von	1808	1876		f. Wulff, fhv. Operasangerinde ved Det kgl. Teater, g. 1831 m. Ernst Fr.v.H. II 436. III 11. — Se ogsaa: Wulff, Ida (1808-76)				Holstein, Ida von (1808-76), f. Wulff, fhv. Operasangerinde ved Det kgl. Teater, g. 1831 m. Ernst Fr.v.H. II 436. III 11. — Se ogsaa: Wulff, Ida (1808-76).	ingen henvisninger og intet 'se:'-mål	
PerXI03939	krydshenvisning	Horn		Horn							Hoorn (Hornes)	Horn, se ogsaa: Hoorn (Hornes).	'se:'-mål 'Hoorn (Hornes)' findes ikke som opslag	
PerXI03985	krydshenvisning	Howit	Amsterdam 1868	Howit, Amsterdam 1868							Hohwu	Howit, Amsterdam 1868, se: Hohwu.	'se:'-mål 'Hohwu' findes ikke som opslag	
PerXI04014	standardpost	Hundrup	Ferdinand Emil	Hundrup, Ferdinand Emil	1808	1879		Søn af Andreas H., Elev i Slagelse Skole, Student 1827, cand. theol. 1836, Adjunkt i Randers s.A., Overlærer ved Roskilde Katedralskole 1844-66, tit. Professor 1877, Personalhistoriker.	I 4 8 22 16 43 49 54-55. IV 290. V 195-96 198-99.	I:4;I:8;I:22;I:16;I:43;I:49;I:54;I:55;IV:290;V:195;V:196;V:198;V:199		Hundrup, Ferdinand Emil (1808-79), Søn af Andreas H., Elev i Slagelse Skole, Student 1827, cand. theol. 1836, Adjunkt i Randers s.A., Overlærer ved Roskilde Katedralskole 1844-66, tit. Professor 1877, Personalhistoriker. I 4 8 22 16 43 49 54-55. IV 290. V 195-96 198-99.	faldende spaltetalrække i bind I	
PerXI04063	standardpost	Høegh-Guldberg	Anna Dorothea, f. von Munthe af Morgenstierne	Høegh-Guldberg, Anna Dorothea, f. von Munthe af Morgenstierne	1774	1766		g. 1802 m. Christian H.-G.	IV 294.	IV:294		Høegh-Guldberg, Anna Dorothea, f. von Munthe af Morgenstierne (1774- 66), g. 1802 m. Christian H.-G. IV 294.	dødsår 1766 før fødselsår 1774 (sandsynlig 0/9-OCR-fejl eller trykfejl i kilden)	
PerXI04299	krydshenvisning	Jürgensen		Jürgensen							Jurgensen og Jørgensen	Jürgensen, se ogsaa: Jurgensen og Jørgensen.	'se:'-mål 'Jurgensen og Jørgensen' findes ikke som opslag	'Jurgensen', 'Jørgensen' (opslag pr. stavevariant)
PerXI04386	standardpost	Kaulbach	Josephine von, f. Sutner	Kaulbach, Josephine von, f. Sutner	1810	1896		g.m. Wilhelm v.K.	IV 172 387 396 444-45 447 454. V 2 8 102. VIII 290. IX 306 284. X 126 128-29 244 285 304 305.	IV:172;IV:387;IV:396;IV:444;IV:445;IV:447;IV:454;V:2;V:8;V:102;VIII:290;IX:306;IX:284;X:126;X:128;X:129;X:244;X:285;X:304;X:305		Kaulbach, Josephine von, f. Sutner (1810 -96), g.m. Wilhelm v.K. IV 172 387 396 444-45 447 454. V 2 8 102. VIII 290. IX 306 284. X 126 128-29 244 285 304 305.	faldende spaltetalrække i bind IX	
PerXI04399	krydshenvisning	Keiser		Keiser							Kaiser og Kayser	Keiser, se: Kaiser og Kayser.	'se:'-mål 'Kaiser og Kayser' findes ikke som opslag	'Kaiser', 'Kayser' (opslag pr. stavevariant)
PerXI04549	standardpost	Koch	Ida, f. Wulff	Koch, Ida, f. Wulff	1806	1876		Datter af P. F. Wulff, g. 1828 m. Jørgen Hansen K. (1787-1860).	I 145. III 383 422. IV 35 43 194 201 222 383 402 410 424 469 471 472. V 2456 11 12 14 19 20 50 111 118 119 120 122 123 128 134 135 141 145 147 150 154 155 156-57 158 160 161 162 164 166 167 170 183 184 185 203 215 273 301 323 341 381 392-95 412 414 415 418 419 423 424 426 429 434 435 437 438 441 442 448 450. VI 3 11 12 14 15 17 21 23 25 29 45 55 60 62 66 74 108 122 130 133 134 137 139 143 148 151 154 159 160 163 166 172 177 179 181 183 187 189 193 194 197 202 208 213 220 222 224 227 231 254 260 262 264 271 274 276 277 279 280 281 301 308 313 316 321 325 331 335 337 340 341 345. VII 14 9 12 13 14 15 16 42 77 104 126 187 190 196 203 205 207 208 210 216 230 233 234 237-38 240 246 247 254 257 261 303 309 317 331 337 357 359 360 368 370 374 378 389 393 394 395. VIII 35 9 12 17 23 27 29 33 35 38 40 41 44 45 49 51 76 99 106 125 132 133 135 138 142 143 156 157 161 164 168 173 180 181 183 186 189 190 193 197 199 201 207 210 213 215 217 219 232 247 248 251 259 262 293 302 313 323 333 342 347 350 354 357 359 362 363 367 371 377 381 393 399 400 402 406 411 413 414 415 420 423 425 428 442 446 449 453 454. IX 5 8 9 11 18 21 25 29 35 39 41 43 47 54 56 60 62 64 68 73 82 86 90 101 124 139 154 155 156 159-60 161 166 169 172 176 178 181 183 187 194 198 201 204 206 212 213-14 216-17 222 225 230 231 239 244 247 252 273 300 319 324 334 336 338 340 343 346 348 350 352-55 357 371 375 385 388. X 4 13 19 24 28-29 37-38 42 46 49 52 57-58 63 71 90 94 149 152-57 159 164-65 168 171 173 175-76 178 181 183 186-88 190-91 193 198-200 202 205 210 212 218 220-21 223 225 229-31 234 236-38 240 241 243 246 249 253 260 277 278 281 300 306 307 309 326 328 331 335 347 350 356 361-63 365-66 370 371 374-75 377-78 384 387 391 393 396-97 399 401 403 406 410 422 429 432-33 437 445 447 450-51 454-55 461-63 477.	I:145;III:383;III:422;IV:35;IV:43;IV:194;IV:201;IV:222;IV:383;IV:402;IV:410;IV:424;IV:469;IV:471;IV:472;V:2456;V:11;V:12;V:14;V:19;V:20;V:50;V:111;V:118;V:119;V:120;V:122;V:123;V:128;V:134;V:135;V:141;V:145;V:147;V:150;V:154;V:155;V:156;V:157;V:158;V:160;V:161;V:162;V:164;V:166;V:167;V:170;V:183;V:184;V:185;V:203;V:215;V:273;V:301;V:323;V:341;V:381;V:392;V:393;V:394;V:395;V:412;V:414;V:415;V:418;V:419;V:423;V:424;V:426;V:429;V:434;V:435;V:437;V:438;V:441;V:442;V:448;V:450;VI:3;VI:11;VI:12;VI:14;VI:15;VI:17;VI:21;VI:23;VI:25;VI:29;VI:45;VI:55;VI:60;VI:62;VI:66;VI:74;VI:108;VI:122;VI:130;VI:133;VI:134;VI:137;VI:139;VI:143;VI:148;VI:151;VI:154;VI:159;VI:160;VI:163;VI:166;VI:172;VI:177;VI:179;VI:181;VI:183;VI:187;VI:189;VI:193;VI:194;VI:197;VI:202;VI:208;VI:213;VI:220;VI:222;VI:224;VI:227;VI:231;VI:254;VI:260;VI:262;VI:264;VI:271;VI:274;VI:276;VI:277;VI:279;VI:280;VI:281;VI:301;VI:308;VI:313;VI:316;VI:321;VI:325;VI:331;VI:335;VI:337;VI:340;VI:341;VI:345;VII:14;VII:9;VII:12;VII:13;VII:14;VII:15;VII:16;VII:42;VII:77;VII:104;VII:126;VII:187;VII:190;VII:196;VII:203;VII:205;VII:207;VII:208;VII:210;VII:216;VII:230;VII:233;VII:234;VII:237;VII:238;VII:240;VII:246;VII:247;VII:254;VII:257;VII:261;VII:303;VII:309;VII:317;VII:331;VII:337;VII:357;VII:359;VII:360;VII:368;VII:370;VII:374;VII:378;VII:389;VII:393;VII:394;VII:395;VIII:35;VIII:9;VIII:12;VIII:17;VIII:23;VIII:27;VIII:29;VIII:33;VIII:35;VIII:38;VIII:40;VIII:41;VIII:44;VIII:45;VIII:49;VIII:51;VIII:76;VIII:99;VIII:106;VIII:125;VIII:132;VIII:133;VIII:135;VIII:138;VIII:142;VIII:143;VIII:156;VIII:157;VIII:161;VIII:164;VIII:168;VIII:173;VIII:180;VIII:181;VIII:183;VIII:186;VIII:189;VIII:190;VIII:193;VIII:197;VIII:199;VIII:201;VIII:207;VIII:210;VIII:213;VIII:215;VIII:217;VIII:219;VIII:232;VIII:247;VIII:248;VIII:251;VIII:259;VIII:262;VIII:293;VIII:302;VIII:313;VIII:323;VIII:333;VIII:342;VIII:347;VIII:350;VIII:354;VIII:357;VIII:359;VIII:362;VIII:363;VIII:367;VIII:371;VIII:377;VIII:381;VIII:393;VIII:399;VIII:400;VIII:402;VIII:406;VIII:411;VIII:413;VIII:414;VIII:415;VIII:420;VIII:423;VIII:425;VIII:428;VIII:442;VIII:446;VIII:449;VIII:453;VIII:454;IX:5;IX:8;IX:9;IX:11;IX:18;IX:21;IX:25;IX:29;IX:35;IX:39;IX:41;IX:43;IX:47;IX:54;IX:56;IX:60;IX:62;IX:64;IX:68;IX:73;IX:82;IX:86;IX:90;IX:101;IX:124;IX:139;IX:154;IX:155;IX:156;IX:159;IX:160;IX:161;IX:166;IX:169;IX:172;IX:176;IX:178;IX:181;IX:183;IX:187;IX:194;IX:198;IX:201;IX:204;IX:206;IX:212;IX:213;IX:214;IX:216;IX:217;IX:222;IX:225;IX:230;IX:231;IX:239;IX:244;IX:247;IX:252;IX:273;IX:300;IX:319;IX:324;IX:334;IX:336;IX:338;IX:340;IX:343;IX:346;IX:348;IX:350;IX:352;IX:353;IX:354;IX:355;IX:357;IX:371;IX:375;IX:385;IX:388;X:4;X:13;X:19;X:24;X:28;X:29;X:37;X:38;X:42;X:46;X:49;X:52;X:57;X:58;X:63;X:71;X:90;X:94;X:149;X:152;X:153;X:154;X:155;X:156;X:157;X:159;X:164;X:165;X:168;X:171;X:173;X:175;X:176;X:178;X:181;X:183;X:186;X:187;X:188;X:190;X:191;X:193;X:198;X:199;X:200;X:202;X:205;X:210;X:212;X:218;X:220;X:221;X:223;X:225;X:229;X:230;X:231;X:234;X:236;X:237;X:238;X:240;X:241;X:243;X:246;X:249;X:253;X:260;X:277;X:278;X:281;X:300;X:306;X:307;X:309;X:326;X:328;X:331;X:335;X:347;X:350;X:356;X:361;X:362;X:363;X:365;X:366;X:370;X:371;X:374;X:375;X:377;X:378;X:384;X:387;X:391;X:393;X:396;X:397;X:399;X:401;X:403;X:406;X:410;X:422;X:429;X:432;X:433;X:437;X:445;X:447;X:450;X:451;X:454;X:455;X:461;X:462;X:463;X:477		Koch, Ida, f. Wulff (1806-76), Datter af P. F. Wulff, g. 1828 m. Jørgen Hansen K. (1787-1860). I 145. III 383 422. IV 35 43 194 201 222 383 402 410 424 469 471 472. V 2456 11 12 14 19 20 50 111 118 119 120 122 123 128 134 135 141 145 147 150 154 155 156-57 158 160 161 162 164 166 167 170 183 184 185 203 215 273 301 323 341 381 392-95 412 414 415 418 419 423 424 426 429 434 435 437 438 441 442 448 450. VI 3 11 12 14 15 17 21 23 25 29 45 55 60 62 66 74 108 122 130 133 134 137 139 143 148 151 154 159 160 163 166 172 177 179 181 183 187 189 193 194 197 202 208 213 220 222 224 227 231 254 260 262 264 271 274 276 277 279 280 281 301 308 313 316 321 325 331 335 337 340 341 345. VII 14 9 12 13 14 15 16 42 77 104 126 187 190 196 203 205 207 208 210 216 230 233 234 237-38 240 246 247 254 257 261 303 309 317 331 337 357 359 360 368 370 374 378 389 393 394 395. VIII 35 9 12 17 23 27 29 33 35 38 40 41 44 45 49 51 76 99 106 125 132 133 135 138 142 143 156 157 161 164 168 173 180 181 183 186 189 190 193 197 199 201 207 210 213 215 217 219 232 247 248 251 259 262 293 302 313 323 333 342 347 350 354 357 359 362 363 367 371 377 381 393 399 400 402 406 411 413 414 415 420 423 425 428 442 446 449 453 454. IX 5 8 9 11 18 21 25 29 35 39 41 43 47 54 56 60 62 64 68 73 82 86 90 101 124 139 154 155 156 159-60 161 166 169 172 176 178 181 183 187 194 198 201 204 206 212 213-14 216-17 222 225 230 231 239 244 247 252 273 300 319 324 334 336 338 340 343 346 348 350 352-55 357 371 375 385 388. X 4 13 19 24 28-29 37-38 42 46 49 52 57-58 63 71 90 94 149 152-57 159 164-65 168 171 173 175-76 178 181 183 186-88 190-91 193 198-200 202 205 210 212 218 220-21 223 225 229-31 234 236-38 240 241 243 246 249 253 260 277 278 281 300 306 307 309 326 328 331 335 347 350 356 361-63 365-66 370 371 374-75 377-78 384 387 391 393 396-97 399 401 403 406 410 422 429 432-33 437 445 447 450-51 454-55 461-63 477.	spaltetal uden for 1-796: V:2456; faldende spaltetalrække i bind V, VII, VIII	
PerXI04597	krydshenvisning	Koss		Koss							Koés	Koss, se ogsaa: Koés.	'se:'-mål 'Koés' findes ikke som opslag	
PerXI04902	krydshenvisning	Leinburg	Gottfried	Leinburg, Gottfried							Lütgendorff- Leinburg, G	Leinburg, Gottfried, se: Lütgendorff- Leinburg, G.	'se:'-mål 'Lütgendorff- Leinburg' findes ikke som opslag	'Lütgendorff-Leinburg' (fuzzy match, muligt OCR-bogstavfejl)
PerXI04908	krydshenvisning	Lendel		Lendel							Lennel	Lendel, se: Lennel.	'se:'-mål 'Lennel' findes ikke som opslag	
PerXI05031	standardpost	Lind	Ingeborg	Lind, Ingeborg	1841	1924		Datter af W.L., g. 1874 m. Harald Drewsen. IV 195 434 435 436 468. V 159 291 298 433 436 437. VI 4 22 84 87 138 200. VII 185 303 397. VIII 98 360 400. IX 57 96 139 232. X 51 144 183 185 188 256. — Se ogsaa: Drewsen, Ingeborg (1841- 1924)				Lind, Ingeborg (1841-1924), Datter af W.L., g. 1874 m. Harald Drewsen. IV 195 434 435 436 468. V 159 291 298 433 436 437. VI 4 22 84 87 138 200. VII 185 303 397. VIII 98 360 400. IX 57 96 139 232. X 51 144 183 185 188 256. — Se ogsaa: Drewsen, Ingeborg (1841- 1924).	ingen henvisninger og intet 'se:'-mål	
PerXI05033	standardpost	Lind	Louise, f. Collin	Lind, Louise, f. Collin	1813	1898		Datter af Jonas Collin d.Æ., g. 1840 m. W.L. II 75 118 180 288 326 394. III 24 87 88 148 165 233 242. IV 129 147 157 161 164 171 187 188 195 202 204 205 211 226 234 237 257 272 275 321 326 342 346 385 399 425 434 435 436 442 468. V 9 50 87 111 147 159 164 165 173 192 243 291 394 416 426-27 436 451. VI 4 6 22 30 42 55 57 84 87 139 163 168 189 200 220 240 250 260 271 272 333 335. VII 2 6 14 48 54 123 137 185 239 258 397. VIII 44 98 110 183 230 236 302 382 400 408 430 448. IX 49 57 78 85 96 156 247 252 316 318 328. X 13 39 58 91 107 138-39 142 180 199 270 273 297 310-11 318 335 339 370. — Se ogsaa: Collin, Louise (1813-98)				Lind, Louise, f. Collin (1813-98), Datter af Jonas Collin d.Æ., g. 1840 m. W.L. II 75 118 180 288 326 394. III 24 87 88 148 165 233 242. IV 129 147 157 161 164 171 187 188 195 202 204 205 211 226 234 237 257 272 275 321 326 342 346 385 399 425 434 435 436 442 468. V 9 50 87 111 147 159 164 165 173 192 243 291 394 416 426-27 436 451. VI 4 6 22 30 42 55 57 84 87 139 163 168 189 200 220 240 250 260 271 272 333 335. VII 2 6 14 48 54 123 137 185 239 258 397. VIII 44 98 110 183 230 236 302 382 400 408 430 448. IX 49 57 78 85 96 156 247 252 316 318 328. X 13 39 58 91 107 138-39 142 180 199 270 273 297 310-11 318 335 339 370. — Se ogsaa: Collin, Louise (1813-98).	ingen henvisninger og intet 'se:'-mål	
PerXI05082	standardpost	Liunge	Louise Marie Frederikke	Liunge, Louise Marie Frederikke	1831	1826		Datter af A.P.L., g. 1860 m. Fuldmægtig, senere Kontorchef i Københavns Magistrat Valentin Emilius Cruse. VIII 195. Livia Drusilla (ca. 55 f. Chr.-29 e. Chr.), romersk Kejserinde, g.m. Kejser Augustus.	I 335. V 42.	I:335;V:42		Liunge, Louise Marie Frederikke (1831- 1826), Datter af A.P.L., g. 1860 m. Fuldmægtig, senere Kontorchef i Københavns Magistrat Valentin Emilius Cruse. VIII 195. Livia Drusilla (ca. 55 f. Chr.-29 e. Chr.), romersk Kejserinde, g.m. Kejser Augustus. I 335. V 42.	dødsår 1826 før fødselsår 1831 (sandsynlig 0/9-OCR-fejl eller trykfejl i kilden)	
PerXI05099	krydshenvisning	Londel		Londel							Lennel	Londel, se: Lennel.	'se:'-mål 'Lennel' findes ikke som opslag	
PerXI05103	standardpost	Longman	Thomas	Longman, Thomas	1804	1879		engelsk Forlagsboghandler.	III 230-31 38.	III:230;III:231;III:38		Longman, Thomas (1804-79), engelsk Forlagsboghandler. III 230-31 38.	faldende spaltetalrække i bind III	
PerXI05252	krydshenvisning	Låndel		Låndel							Lennel	Låndel, se: Lennel.	'se:'-mål 'Lennel' findes ikke som opslag	
PerXI05379	krydshenvisning	Manhem	A. M. W.	Manhem, A. M. W.							Wester, Anders Magnus	Manhem, A. M. W., se: Wester, Anders Magnus.	'se:'-mål 'Wester' findes ikke som opslag	
PerXI05390	krydshenvisning	Mansfeld	Coleredo	Mansfeld, Coleredo							Colloredo-Mans- feld, H	Mansfeld, Coleredo, se: Colloredo-Mans- feld, H.	'se:'-mål 'Colloredo-Mans- feld' findes ikke som opslag	'Colloredo-Mansfeld' (fjernet ombrydningsbindestreg)
PerXI05413	krydshenvisning	Le Maréchal ferrant d'Anvers		Le Maréchal ferrant d'Anvers							Mas- sys, Quentin	Le Maréchal ferrant d'Anvers, se: Mas- sys, Quentin.	'se:'-mål 'Mas- sys' findes ikke som opslag	'Massys' (fjernet ombrydningsbindestreg)
PerXI05467	krydshenvisning	Martinho	Carlos O'Neills Nabo i Setu- bal	Martinho, Carlos O'Neills Nabo i Setu- bal							Martines	Martinho, Carlos O'Neills Nabo i Setu- bal, se: Martines.	'se:'-mål 'Martines' findes ikke som opslag	
PerXI05544	standardpost	Melchior	Anna	Melchior, Anna	1853	1881		Datter af M.G.M.	VIII 125 130 175 176 201 209 225 231 242 247 248 351 402 413 415 420 424 426. IX 10 17 39 53 57 88-89 90-91 93 100 138 140 153-54 169 182 200 220 293 300 302 304 307 310 311 312 316 318 323 34 337-39. X 31 34 40 143-44 146-47 163-64 181 187 215 226-27 240 242 243 244 251 307 308 310 312 357 396 405 430 442 473 477 480.	VIII:125;VIII:130;VIII:175;VIII:176;VIII:201;VIII:209;VIII:225;VIII:231;VIII:242;VIII:247;VIII:248;VIII:351;VIII:402;VIII:413;VIII:415;VIII:420;VIII:424;VIII:426;IX:10;IX:17;IX:39;IX:53;IX:57;IX:88;IX:89;IX:90;IX:91;IX:93;IX:100;IX:138;IX:140;IX:153;IX:154;IX:169;IX:182;IX:200;IX:220;IX:293;IX:300;IX:302;IX:304;IX:307;IX:310;IX:311;IX:312;IX:316;IX:318;IX:323;IX:34;IX:337;IX:338;IX:339;X:31;X:34;X:40;X:143;X:144;X:146;X:147;X:163;X:164;X:181;X:187;X:215;X:226;X:227;X:240;X:242;X:243;X:244;X:251;X:307;X:308;X:310;X:312;X:357;X:396;X:405;X:430;X:442;X:473;X:477;X:480		Melchior, Anna (1853-81), Datter af M.G.M. VIII 125 130 175 176 201 209 225 231 242 247 248 351 402 413 415 420 424 426. IX 10 17 39 53 57 88-89 90-91 93 100 138 140 153-54 169 182 200 220 293 300 302 304 307 310 311 312 316 318 323 34 337-39. X 31 34 40 143-44 146-47 163-64 181 187 215 226-27 240 242 243 244 251 307 308 310 312 357 396 405 430 442 473 477 480.	faldende spaltetalrække i bind IX	
PerXI05553	standardpost	Melchior	Emilie, f. Levinsohn	Melchior, Emilie, f. Levinsohn	1817	1877		g.1837 m. Sally M., Hamburg. VIII Stamtavle Melchior s. XLV 103 107 108 110 122 230 244				Melchior, Emilie, f. Levinsohn (1817-77), g.1837 m. Sally M., Hamburg. VIII Stamtavle Melchior s. XLV 103 107 108 110 122 230 244.	ingen henvisninger og intet 'se:'-mål	
PerXI05555	standardpost	Melchior	Emilie, f. Rée	Melchior, Emilie, f. Rée	1847	1875		g. 1866 m. Moritz M. (1839-1905). VII Stamtavle Melchior s.XLV 314				Melchior, Emilie, f. Rée (1847-75), g. 1866 m. Moritz M. (1839-1905). VII Stamtavle Melchior s.XLV 314.	ingen henvisninger og intet 'se:'-mål	
PerXI05617	standardpost	Meyer		Meyer					II 137-38.	II:137;II:138	Mayer. Meyer (Mayer) fra Bremen, i Familie med Scholtens, Napoli 2.3.1841	Meyer, se ogsaa: Mayer. Meyer (Mayer) fra Bremen, i Familie med Scholtens, Napoli 2.3.1841. II 137-38.	'se:'-mål 'Mayer. Meyer (Mayer) fra Bremen' findes ikke som opslag	
PerXI05714	standardpost	Molbech	C.	Molbech, C.	1783	1857		Historiker, Sprogforsker og Litteraturhistoriker, 1830-42 Meddirektør for Det kgl. Teater.	I 11 131 186 269-70 272 370 382 474. II 33 37 39. IV 257. V 116 186 398. V 116 186 398. VII 206.	I:11;I:131;I:186;I:269;I:270;I:272;I:370;I:382;I:474;II:33;II:37;II:39;IV:257;V:116;V:186;V:398;V:116;V:186;V:398;VII:206		Molbech, C. (1783-1857), Historiker, Sprogforsker og Litteraturhistoriker, 1830-42 Meddirektør for Det kgl. Teater. I 11 131 186 269-70 272 370 382 474. II 33 37 39. IV 257. V 116 186 398. V 116 186 398. VII 206.	faldende spaltetalrække i bind V	
PerXI05939	standardpost	Møller		Møller					VIII 208.	VIII:208	Müller. Møller. »Skrev Anbefalings Brev for Møller til Consul Kirstein i Bordeaux« (Dagbog 10.5.1869)	Møller, se ogsaa: Müller. Møller. »Skrev Anbefalings Brev for Møller til Consul Kirstein i Bordeaux« (Dagbog 10.5.1869). VIII 208.	'se:'-mål 'Müller. Møller. »Skrev Anbefalings Brev for Møller til Consul Kirstein i Bordeaux« (Dagbog 10.5.1869)' findes ikke som opslag	
PerXI06129	krydshenvisning	Norman	Wilhelmine, f. Neruda	Norman, Wilhelmine, f. Neruda							Ne- ruda, Wilhelmine	Norman, Wilhelmine, f. Neruda, se: Ne- ruda, Wilhelmine.	'se:'-mål 'Ne- ruda' findes ikke som opslag	'Neruda' (fjernet ombrydningsbindestreg)
PerXI06420	krydshenvisning	Petersen	Skuespiller 1867	Petersen, Skuespiller 1867							Dorph-Pe- tersen	Petersen, Skuespiller 1867, se: Dorph-Pe- tersen.	'se:'-mål 'Dorph-Pe- tersen' findes ikke som opslag	'Dorph-Petersen' (fjernet ombrydningsbindestreg)
PerXI06485	krydshenvisning	Philippo		Philippo							Ioannu, Filippos	Philippo, se: Ioannu, Filippos.	'se:'-mål 'Ioannu' findes ikke som opslag	
PerXI06499	krydshenvisning	Piccolomini	Æneas Silvius	Piccolomini, Æneas Silvius							Pius II	Piccolomini, Æneas Silvius, se: Pius II.	'se:'-mål 'Pius II' findes ikke som opslag	
PerXI06528	standardpost	Plat		Plat					II 267.	II:267	du Plat. Platen, Hamburg 9.7.1841	Plat, se: du Plat. Platen, Hamburg 9.7.1841. II 267.	'se:'-mål 'du Plat. Platen' findes ikke som opslag	
PerXI06540	standardpost	Plesner	Laura	Plesner, Laura	1823	1007		Søster til Augusta P., Husbestyrerinde hos Broderen C.P.	IX 197.	IX:197		Plesner, Laura (1823-1007), Søster til Augusta P., Husbestyrerinde hos Broderen C.P. IX 197.	dødsår 1007 før fødselsår 1823 (sandsynlig 0/9-OCR-fejl eller trykfejl i kilden)	
PerXI06547	standardpost	Plessy	Jeanne	Plessy, Jeanne	1819	1897		fransk Skuespillerinde.	II 362 348-49.	II:362;II:348;II:349		Plessy, Jeanne (1819-97), fransk Skuespillerinde. II 362 348-49.	faldende spaltetalrække i bind II	
PerXI06722	standardpost	Raasløff	Waldemar	Raasløff, Waldemar	1815	1883		Broder til Harald R., dansk overordentlig Gesandt i Washington 1859-66, kar.Gene- ralmajor 1866, Krigsminister 1866-70, kar.Generalløjtnant 1870.	IV 456. VII 234 335 395-96. VIII 3 14 21 24 30 33 43 131 132 133 139 161 200 202 203 209 215 228 231 236 237 238 242 243 250 300 343 365 369 452 454. IX 15 31 33 61 65 193 195 261 263 266 247. X 1 212 215 288 332 364.	IV:456;VII:234;VII:335;VII:395;VII:396;VIII:3;VIII:14;VIII:21;VIII:24;VIII:30;VIII:33;VIII:43;VIII:131;VIII:132;VIII:133;VIII:139;VIII:161;VIII:200;VIII:202;VIII:203;VIII:209;VIII:215;VIII:228;VIII:231;VIII:236;VIII:237;VIII:238;VIII:242;VIII:243;VIII:250;VIII:300;VIII:343;VIII:365;VIII:369;VIII:452;VIII:454;IX:15;IX:31;IX:33;IX:61;IX:65;IX:193;IX:195;IX:261;IX:263;IX:266;IX:247;X:1;X:212;X:215;X:288;X:332;X:364		Raasløff, Waldemar (1815-83), Broder til Harald R., dansk overordentlig Gesandt i Washington 1859-66, kar.Gene- ralmajor 1866, Krigsminister 1866-70, kar.Generalløjtnant 1870. IV 456. VII 234 335 395-96. VIII 3 14 21 24 30 33 43 131 132 133 139 161 200 202 203 209 215 228 231 236 237 238 242 243 250 300 343 365 369 452 454. IX 15 31 33 61 65 193 195 261 263 266 247. X 1 212 215 288 332 364.	faldende spaltetalrække i bind IX	
PerXI06724	krydshenvisning	Raben		Raben							Råben-Levetzau	Raben, se ogsaa: Råben-Levetzau.	'se:'-mål 'Råben-Levetzau' findes ikke som opslag	'Raben-Levetzau' (fuzzy match, muligt OCR-bogstavfejl)
PerXI07223	krydshenvisning	Rønne	Plejedatter af M.C.R.	Rønne, Plejedatter af M.C.R.							Dra- strup, Fanny	Rønne, Plejedatter af M.C.R., se: Dra- strup, Fanny.	'se:'-mål 'Dra- strup' findes ikke som opslag	'Drastrup' (fjernet ombrydningsbindestreg)
PerXI07290	standardpost	Sachsen-Weimar-Eisenach	Carl Friedrich, Storhertug af —	Sachsen-Weimar-Eisenach, Carl Friedrich, Storhertug af —	1783	1853		Søn af Carl August af S.-W.-E. (1757- 1828), Storhertug 1828.	II 398 401. IV 42-45 48 50-51 55-57 174-75 272. IV 80 87-89 91.	II:398;II:401;IV:42;IV:43;IV:44;IV:45;IV:48;IV:50;IV:51;IV:55;IV:56;IV:57;IV:174;IV:175;IV:272;IV:80;IV:87;IV:88;IV:89;IV:91		Sachsen-Weimar-Eisenach, Carl Friedrich, Storhertug af — (1783-1853), Søn af Carl August af S.-W.-E. (1757- 1828), Storhertug 1828. II 398 401. IV 42-45 48 50-51 55-57 174-75 272. IV 80 87-89 91.	faldende spaltetalrække i bind IV	
PerXI07408	standardpost	Scavenius	Christiane, f. Komtesse Scheel	Scavenius, Christiane, f. Komtesse Scheel	1855	1934		g.1874 m. Otto S. X 262. — Se ogsaa: Scheel, Christiane. Scavenius, Elisabeth (1840-1920), Datter af P.B.S., g.1861 m. Hans Rudolph Wedell-Wedellsborg. V 114. — Se ogsaa: Wedell-Wedellsborg, Elisabeth. Scavenius, Henriette, f. Komtesse Moltke (1819-98), Datter af Otto Joachim M., g.1843 m. J.B.S. (1811-50).	III 291. IV 183 196 199-201 208 219 221 228 233 234 235 237 239 243 253 274 280 282 288 290 291 292 294-96 299 304 319 321 324 343 357 387 403 433 436 443 453 461 463 468 471 472 473-74. V 1 8 9 19 20 47 97 103 111 114 115 118 134 140 161 163 166 168-70 172 173 175-76 177 178 200 282 295 333 374 381 389 391 393 396 398 400 404 406 408 416 426 444 451 453. VI 2 4 15 24 33 46 58 63 68 71 73-76 79 81 89 100 102 108 123 128 144 155 164 167 168 171 173-74 176-77 178 183 184 188 197 199 220 224 227 231 234 236 252 254 259 310 312 313 323 334 343 344 345-46 348 350-52. VII 2-4 6 10 13 33 104 114 129 132 187 189 193 194 195 198-200 201 220 221 224 232 234 246 249-50 288 306 310 312 313 317 318 320 322 323 331 359 362-66 371 390 394 395. VIII 7 13 18 21 25 29 33 35 36 41 43-44 45 47 51 79 87 89 109 111 139 140 147 150 164 165 171 172 174 176 178 185 186 187 189 191 194 197 202 204 207 216 219 220-22 225 27 228 231 237 247 251 252 253 256 258-59 262 277 294 302 306 333 342 344-46 348 350 353 354 356 357 360 361 364 367 368 372-79 381-88 391 396 398 399-400 405 411 419 426 431 445 446 449. IX 1 10 29 51 52 54 62 71-76 78 81 83-84 89 95 140 147 150 165 167 178 194-95 197 204-05 207 209 211 230 233 240 245 248 253-54 256 266 284 291 293 294-96 299 304 306 310 316 318 319 320-25 327 335 338- 39 361 375. X 10 14 28-29 30 38 49 53 56 72 81 91 100 123 142 156 157 162 163 180 182 184 194 195 206 213 217 222 225 236 255 262 263-66 269 283 317 320 342 352 362-63 365 368 375 402 412 442.	III:291;IV:183;IV:196;IV:199;IV:200;IV:201;IV:208;IV:219;IV:221;IV:228;IV:233;IV:234;IV:235;IV:237;IV:239;IV:243;IV:253;IV:274;IV:280;IV:282;IV:288;IV:290;IV:291;IV:292;IV:294;IV:295;IV:296;IV:299;IV:304;IV:319;IV:321;IV:324;IV:343;IV:357;IV:387;IV:403;IV:433;IV:436;IV:443;IV:453;IV:461;IV:463;IV:468;IV:471;IV:472;IV:473;IV:474;V:1;V:8;V:9;V:19;V:20;V:47;V:97;V:103;V:111;V:114;V:115;V:118;V:134;V:140;V:161;V:163;V:166;V:168;V:169;V:170;V:172;V:173;V:175;V:176;V:177;V:178;V:200;V:282;V:295;V:333;V:374;V:381;V:389;V:391;V:393;V:396;V:398;V:400;V:404;V:406;V:408;V:416;V:426;V:444;V:451;V:453;VI:2;VI:4;VI:15;VI:24;VI:33;VI:46;VI:58;VI:63;VI:68;VI:71;VI:73;VI:74;VI:75;VI:76;VI:79;VI:81;VI:89;VI:100;VI:102;VI:108;VI:123;VI:128;VI:144;VI:155;VI:164;VI:167;VI:168;VI:171;VI:173;VI:174;VI:176;VI:177;VI:178;VI:183;VI:184;VI:188;VI:197;VI:199;VI:220;VI:224;VI:227;VI:231;VI:234;VI:236;VI:252;VI:254;VI:259;VI:310;VI:312;VI:313;VI:323;VI:334;VI:343;VI:344;VI:345;VI:346;VI:348;VI:350;VI:351;VI:352;VII:2;VII:3;VII:4;VII:6;VII:10;VII:13;VII:33;VII:104;VII:114;VII:129;VII:132;VII:187;VII:189;VII:193;VII:194;VII:195;VII:198;VII:199;VII:200;VII:201;VII:220;VII:221;VII:224;VII:232;VII:234;VII:246;VII:249;VII:250;VII:288;VII:306;VII:310;VII:312;VII:313;VII:317;VII:318;VII:320;VII:322;VII:323;VII:331;VII:359;VII:362;VII:363;VII:364;VII:365;VII:366;VII:371;VII:390;VII:394;VII:395;VIII:7;VIII:13;VIII:18;VIII:21;VIII:25;VIII:29;VIII:33;VIII:35;VIII:36;VIII:41;VIII:43;VIII:44;VIII:45;VIII:47;VIII:51;VIII:79;VIII:87;VIII:89;VIII:109;VIII:111;VIII:139;VIII:140;VIII:147;VIII:150;VIII:164;VIII:165;VIII:171;VIII:172;VIII:174;VIII:176;VIII:178;VIII:185;VIII:186;VIII:187;VIII:189;VIII:191;VIII:194;VIII:197;VIII:202;VIII:204;VIII:207;VIII:216;VIII:219;VIII:220;VIII:221;VIII:222;VIII:225;VIII:27;VIII:228;VIII:231;VIII:237;VIII:247;VIII:251;VIII:252;VIII:253;VIII:256;VIII:258;VIII:259;VIII:262;VIII:277;VIII:294;VIII:302;VIII:306;VIII:333;VIII:342;VIII:344;VIII:345;VIII:346;VIII:348;VIII:350;VIII:353;VIII:354;VIII:356;VIII:357;VIII:360;VIII:361;VIII:364;VIII:367;VIII:368;VIII:372;VIII:373;VIII:374;VIII:375;VIII:376;VIII:377;VIII:378;VIII:379;VIII:381;VIII:382;VIII:383;VIII:384;VIII:385;VIII:386;VIII:387;VIII:388;VIII:391;VIII:396;VIII:398;VIII:399;VIII:400;VIII:405;VIII:411;VIII:419;VIII:426;VIII:431;VIII:445;VIII:446;VIII:449;IX:1;IX:10;IX:29;IX:51;IX:52;IX:54;IX:62;IX:71;IX:72;IX:73;IX:74;IX:75;IX:76;IX:78;IX:81;IX:83;IX:84;IX:89;IX:95;IX:140;IX:147;IX:150;IX:165;IX:167;IX:178;IX:194;IX:195;IX:197;IX:204;IX:205;IX:207;IX:209;IX:211;IX:230;IX:233;IX:240;IX:245;IX:248;IX:253;IX:254;IX:256;IX:266;IX:284;IX:291;IX:293;IX:294;IX:295;IX:296;IX:299;IX:304;IX:306;IX:310;IX:316;IX:318;IX:319;IX:320;IX:321;IX:322;IX:323;IX:324;IX:325;IX:327;IX:335;IX:338;IX:339;IX:361;IX:375;X:10;X:14;X:28;X:29;X:30;X:38;X:49;X:53;X:56;X:72;X:81;X:91;X:100;X:123;X:142;X:156;X:157;X:162;X:163;X:180;X:182;X:184;X:194;X:195;X:206;X:213;X:217;X:222;X:225;X:236;X:255;X:262;X:263;X:264;X:265;X:266;X:269;X:283;X:317;X:320;X:342;X:352;X:362;X:363;X:365;X:368;X:375;X:402;X:412;X:442		Scavenius, Christiane, f. Komtesse Scheel (1855-1934), g.1874 m. Otto S. X 262. — Se ogsaa: Scheel, Christiane. Scavenius, Elisabeth (1840-1920), Datter af P.B.S., g.1861 m. Hans Rudolph Wedell-Wedellsborg. V 114. — Se ogsaa: Wedell-Wedellsborg, Elisabeth. Scavenius, Henriette, f. Komtesse Moltke (1819-98), Datter af Otto Joachim M., g.1843 m. J.B.S. (1811-50). III 291. IV 183 196 199-201 208 219 221 228 233 234 235 237 239 243 253 274 280 282 288 290 291 292 294-96 299 304 319 321 324 343 357 387 403 433 436 443 453 461 463 468 471 472 473-74. V 1 8 9 19 20 47 97 103 111 114 115 118 134 140 161 163 166 168-70 172 173 175-76 177 178 200 282 295 333 374 381 389 391 393 396 398 400 404 406 408 416 426 444 451 453. VI 2 4 15 24 33 46 58 63 68 71 73-76 79 81 89 100 102 108 123 128 144 155 164 167 168 171 173-74 176-77 178 183 184 188 197 199 220 224 227 231 234 236 252 254 259 310 312 313 323 334 343 344 345-46 348 350-52. VII 2-4 6 10 13 33 104 114 129 132 187 189 193 194 195 198-200 201 220 221 224 232 234 246 249-50 288 306 310 312 313 317 318 320 322 323 331 359 362-66 371 390 394 395. VIII 7 13 18 21 25 29 33 35 36 41 43-44 45 47 51 79 87 89 109 111 139 140 147 150 164 165 171 172 174 176 178 185 186 187 189 191 194 197 202 204 207 216 219 220-22 225 27 228 231 237 247 251 252 253 256 258-59 262 277 294 302 306 333 342 344-46 348 350 353 354 356 357 360 361 364 367 368 372-79 381-88 391 396 398 399-400 405 411 419 426 431 445 446 449. IX 1 10 29 51 52 54 62 71-76 78 81 83-84 89 95 140 147 150 165 167 178 194-95 197 204-05 207 209 211 230 233 240 245 248 253-54 256 266 284 291 293 294-96 299 304 306 310 316 318 319 320-25 327 335 338- 39 361 375. X 10 14 28-29 30 38 49 53 56 72 81 91 100 123 142 156 157 162 163 180 182 184 194 195 206 213 217 222 225 236 255 262 263-66 269 283 317 320 342 352 362-63 365 368 375 402 412 442.	faldende spaltetalrække i bind VIII	
PerXI07503	krydshenvisning	Schilden		Schilden							Friccius von Schilden og Oppen-Schilden	Schilden, se: Friccius von Schilden og Oppen-Schilden.	'se:'-mål 'Friccius von Schilden og Oppen-Schilden' findes ikke som opslag	'Friccius von Schilden', 'Oppen-Schilden' (opslag pr. stavevariant)
PerXI07753	krydshenvisning	Scopas		Scopas							Skopas	Scopas, se: Skopas.	'se:'-mål 'Skopas' findes ikke som opslag	'Scopas' (fuzzy match, muligt OCR-bogstavfejl)
PerXI07754	standardpost	Scott	Sir Walter	Scott, Sir Walter	1771	1832		engelsk Digter.	I 45 408. II 147. III 3 128 214 224-25 227 229 243 249 250-51 57 388. VII 108. IX 190.	I:45;I:408;II:147;III:3;III:128;III:214;III:224;III:225;III:227;III:229;III:243;III:249;III:250;III:251;III:57;III:388;VII:108;IX:190		Scott, Sir Walter (1771-1832), engelsk Digter. I 45 408. II 147. III 3 128 214 224-25 227 229 243 249 250-51 57 388. VII 108. IX 190.	faldende spaltetalrække i bind III	
PerXI07826	krydshenvisning	Sigmaringen		Sigmaringen							Hohenzollern-Sigmarin- gen	Sigmaringen, se: Hohenzollern-Sigmarin- gen.	'se:'-mål 'Hohenzollern-Sigmarin- gen' findes ikke som opslag	'Hohenzollern-Sigmaringen' (fjernet ombrydningsbindestreg)
PerXI07868	krydshenvisning	Skou		Skou							Schou og Schouw	Skou, se ogsaa: Schou og Schouw.	'se:'-mål 'Schou og Schouw' findes ikke som opslag	'Schou', 'Schouw' (opslag pr. stavevariant)
PerXI07876	standardpost	Slesvig-Holsten-Sønderborg	Hans den Yngre, Hertug af —	Slesvig-Holsten-Sønderborg, Hans den Yngre, Hertug af —	1545	1622		Søn af Kong Christian III af Danmark. II 445. Slesvig-Holsten-Sønderborg-Augustenborg se: Glücksborg				Slesvig-Holsten-Sønderborg, Hans den Yngre, Hertug af — (1545-1622), Søn af Kong Christian III af Danmark. II 445. Slesvig-Holsten-Sønderborg-Augustenborg se: Glücksborg.	ingen henvisninger og intet 'se:'-mål	
PerXI07896	standardpost	Smith	Emma Eleonore Henriette, f. Tichy	Smith, Emma Eleonore Henriette, f. Tichy	1826	1892						Smith, Emma Eleonore Henriette, f. Tichy (1826-92).	ingen henvisninger og intet 'se:'-mål	
PerXI07910	standardpost	Sofokles		Sofokles	496	406		græsk Tragediedigter.	III 142. IV 212 386.	III:142;IV:212;IV:386		Sofokles (496-406), græsk Tragediedigter. III 142. IV 212 386.	dødsår 406 før fødselsår 496 (sandsynlig 0/9-OCR-fejl eller trykfejl i kilden)	
PerXI07998	krydshenvisning	Staahl	Søn af Daniel S., hjempermitteret fra Krigen, Roskilde 21.8.1864	Staahl, Søn af Daniel S., hjempermitteret fra Krigen, Roskilde 21.8.1864							Werligh-Staahl	Staahl, Søn af Daniel S., hjempermitteret fra Krigen, Roskilde 21.8.1864, se Werligh-Staahl.	'se:'-mål 'Werligh-Staahl' findes ikke som opslag	
PerXI08329	standardpost	Talma	François-Joseph	Talma, François-Joseph	1763	1826		fransk Skuespiller. I 37 145. V 363. Tamari se: Tavera				Talma, François-Joseph (1763-1826), fransk Skuespiller. I 37 145. V 363. Tamari se: Tavera.	ingen henvisninger og intet 'se:'-mål	
PerXI08348	standardpost	Tardini	Anna (Jeanette)	Tardini, Anna (Jeanette)	1845	1918		Balletdanserinde, g.1864 m. Emil Hansen. VI 143. — Se ogsaa: Hansen, Anna (Jeanette)				Tardini, Anna (Jeanette) (1845-1918), Balletdanserinde, g.1864 m. Emil Hansen. VI 143. — Se ogsaa: Hansen, Anna (Jeanette).	ingen henvisninger og intet 'se:'-mål	
PerXI08616	krydshenvisning	Turn		Turn							Thurn	Turn, se Thurn.	'se:'-mål 'Thurn' findes ikke som opslag	
PerXI08728	standardpost	Verfasser der Cartons		Verfasser der Cartons				Pseud. for Karl von Hailbronner (s.d.)				Verfasser der Cartons, Pseud. for Karl von Hailbronner (s.d.).	ingen henvisninger og intet 'se:'-mål	
PerXI08751	krydshenvisning	Victoria	Dronning	Victoria, Dronning							Storbritannien	Victoria, Dronning, se: Storbritannien.	'se:'-mål 'Storbritannien' findes ikke som opslag	PerXI08144 (Storbritannien og Irland: Victoria, Dronning af -) (land + herskernavn)
PerXI08955	standardpost	Wedel	Camilla	Wedel, Camilla	1816	1855		Datter af fhv. Sekondløjtnant i Søetaten Jens W. til Søbysøgaard, g.1843 m. Postmester, Kammerjunker Krabbe Krogh. II 48. — Se ogsaa: Krogh, Camilla von. Wedel, Emma, f. Hartmann (1841-1914), Datter af J.P.E.Hartmann, g.1864 m. Frantz W. VI 22 56 82 84 89 90 167 265 271. VII 204 395. VIII 162 213. IX 57 208 354. X 190 231 247 252 379 392 417. — Se ogsaa: Hartmann, Emma (1841- 1914)				Wedel, Camilla (1816-55), Datter af fhv. Sekondløjtnant i Søetaten Jens W. til Søbysøgaard, g.1843 m. Postmester, Kammerjunker Krabbe Krogh. II 48. — Se ogsaa: Krogh, Camilla von. Wedel, Emma, f. Hartmann (1841-1914), Datter af J.P.E.Hartmann, g.1864 m. Frantz W. VI 22 56 82 84 89 90 167 265 271. VII 204 395. VIII 162 213. IX 57 208 354. X 190 231 247 252 379 392 417. — Se ogsaa: Hartmann, Emma (1841- 1914).	ingen henvisninger og intet 'se:'-mål	
PerXI09026	standardpost	Wiedemann	L.	Wiedemann, L.	1824	1893		Forlagsboghandler i Leipzig 1855-69, HCA.s Forlægger. IV 217 221 222 225 229 250 271 280 290 319-20 321 377 378 383 386 408 414 422 429 448-49 452-53 455-56 466 472 475. V 4 9 19 95 112 130 145 154 155 157 160 164 169 174 396 404 412 413. VII 218. VITI 157 165 198				Wiedemann, L. (1824-93), Forlagsboghandler i Leipzig 1855-69, HCA.s Forlægger. IV 217 221 222 225 229 250 271 280 290 319-20 321 377 378 383 386 408 414 422 429 448-49 452-53 455-56 466 472 475. V 4 9 19 95 112 130 145 154 155 157 160 164 169 174 396 404 412 413. VII 218. VITI 157 165 198.	ingen henvisninger og intet 'se:'-mål	
PerXI09159	krydshenvisning	Wolkonsky	Fyrstinde	Wolkonsky, Fyrstinde							Volkonsky	Wolkonsky, Fyrstinde, se: Volkonsky.	'se:'-mål 'Volkonsky' findes ikke som opslag	'Wolkonsky' (fuzzy match, muligt OCR-bogstavfejl)
PerXI09210	krydshenvisning	Wørishøffer	J. A. P. F. (1804-92), Oberst i Infanteriet, 1864 Generalmajor, 1874 Generalløjtnant. V 127. X. Xenophon (ca. 430-ca. 355 f.Chr.), græsk Historiker. I 49. Xerxes (død 465 f.Chr.), Konge i Persien 485-65. IV 386. Y. Yael	Wørishøffer, J. A. P. F. (1804-92), Oberst i Infanteriet, 1864 Generalmajor, 1874 Generalløjtnant. V 127. X. Xenophon (ca. 430-ca. 355 f.Chr.), græsk Historiker. I 49. Xerxes (død 465 f.Chr.), Konge i Persien 485-65. IV 386. Y. Yael							Jaéll, Alfred	Wørishøffer, J. A. P. F. (1804-92), Oberst i Infanteriet, 1864 Generalmajor, 1874 Generalløjtnant. V 127. X. Xenophon (ca. 430-ca. 355 f.Chr.), græsk Historiker. I 49. Xerxes (død 465 f.Chr.), Konge i Persien 485-65. IV 386. Y. Yael, se: Jaéll, Alfred.	'se:'-mål 'Jaéll' findes ikke som opslag	
PerXI09305	standardpost	Ørsted	Birgitte, f. Ballum	Ørsted, Birgitte, f. Ballum	1789	1875		g.1814 m. Hans Christian Ø.	I 37. II 119 122 289 318. III 129 171. IV 18 22 289-90 469 470 471 472. V 3 6 16 18 19 20 118 119 122 128 129 130 131 132 134 135 141 143 145 149 154 155 160 161 163 164 165 166 167 381 384 397 408 413 418 420 422 423 425 426 429 434 437 440. VI 34 8 10 12 14 17 22 24 27 38 53 61 64 68 94 114 117 119 121 124 133 137 138 140 142 145 148 150 152 155 161 162 165 167 179 180 194 199 201 211 219 226 227 260 270 273 279 281 308 309 312 315 320 323 328 330-31 335 340. VII 2 13 14 17 187 190 203 205 207 213 216 234 236 239 242 246 249 258 259 261 303 317 335-36 357 358 360 362 367 369 374 377 388 391 392 395. VIII 5 9 11 14 23 28 30 35 41 47 51 122 131 133 134 144 147 148 159 164 170 174 175 179 182 184 185 187 188 192 196 200 203 206 210 212 215 216 217 247 342 344 346 349 350 356 361 363 366 368 411 414 416 420 423 425 427 429 431 441 447 452. IX 2 6 13 15 17 20 25 28 34 42 46-47 53 55 59 61-62 66 140 158 163 166 168 169 172 174 178 185 192 197 203 207 215 221 223 228 233 238 244 246 251 335 338. X 55 61 160-61 242 328 332 340 348 447 466 476.	I:37;II:119;II:122;II:289;II:318;III:129;III:171;IV:18;IV:22;IV:289;IV:290;IV:469;IV:470;IV:471;IV:472;V:3;V:6;V:16;V:18;V:19;V:20;V:118;V:119;V:122;V:128;V:129;V:130;V:131;V:132;V:134;V:135;V:141;V:143;V:145;V:149;V:154;V:155;V:160;V:161;V:163;V:164;V:165;V:166;V:167;V:381;V:384;V:397;V:408;V:413;V:418;V:420;V:422;V:423;V:425;V:426;V:429;V:434;V:437;V:440;VI:34;VI:8;VI:10;VI:12;VI:14;VI:17;VI:22;VI:24;VI:27;VI:38;VI:53;VI:61;VI:64;VI:68;VI:94;VI:114;VI:117;VI:119;VI:121;VI:124;VI:133;VI:137;VI:138;VI:140;VI:142;VI:145;VI:148;VI:150;VI:152;VI:155;VI:161;VI:162;VI:165;VI:167;VI:179;VI:180;VI:194;VI:199;VI:201;VI:211;VI:219;VI:226;VI:227;VI:260;VI:270;VI:273;VI:279;VI:281;VI:308;VI:309;VI:312;VI:315;VI:320;VI:323;VI:328;VI:330;VI:331;VI:335;VI:340;VII:2;VII:13;VII:14;VII:17;VII:187;VII:190;VII:203;VII:205;VII:207;VII:213;VII:216;VII:234;VII:236;VII:239;VII:242;VII:246;VII:249;VII:258;VII:259;VII:261;VII:303;VII:317;VII:335;VII:336;VII:357;VII:358;VII:360;VII:362;VII:367;VII:369;VII:374;VII:377;VII:388;VII:391;VII:392;VII:395;VIII:5;VIII:9;VIII:11;VIII:14;VIII:23;VIII:28;VIII:30;VIII:35;VIII:41;VIII:47;VIII:51;VIII:122;VIII:131;VIII:133;VIII:134;VIII:144;VIII:147;VIII:148;VIII:159;VIII:164;VIII:170;VIII:174;VIII:175;VIII:179;VIII:182;VIII:184;VIII:185;VIII:187;VIII:188;VIII:192;VIII:196;VIII:200;VIII:203;VIII:206;VIII:210;VIII:212;VIII:215;VIII:216;VIII:217;VIII:247;VIII:342;VIII:344;VIII:346;VIII:349;VIII:350;VIII:356;VIII:361;VIII:363;VIII:366;VIII:368;VIII:411;VIII:414;VIII:416;VIII:420;VIII:423;VIII:425;VIII:427;VIII:429;VIII:431;VIII:441;VIII:447;VIII:452;IX:2;IX:6;IX:13;IX:15;IX:17;IX:20;IX:25;IX:28;IX:34;IX:42;IX:46;IX:47;IX:53;IX:55;IX:59;IX:61;IX:62;IX:66;IX:140;IX:158;IX:163;IX:166;IX:168;IX:169;IX:172;IX:174;IX:178;IX:185;IX:192;IX:197;IX:203;IX:207;IX:215;IX:221;IX:223;IX:228;IX:233;IX:238;IX:244;IX:246;IX:251;IX:335;IX:338;X:55;X:61;X:160;X:161;X:242;X:328;X:332;X:340;X:348;X:447;X:466;X:476		Ørsted, Birgitte, f. Ballum (1789-1875), g.1814 m. Hans Christian Ø. I 37. II 119 122 289 318. III 129 171. IV 18 22 289-90 469 470 471 472. V 3 6 16 18 19 20 118 119 122 128 129 130 131 132 134 135 141 143 145 149 154 155 160 161 163 164 165 166 167 381 384 397 408 413 418 420 422 423 425 426 429 434 437 440. VI 34 8 10 12 14 17 22 24 27 38 53 61 64 68 94 114 117 119 121 124 133 137 138 140 142 145 148 150 152 155 161 162 165 167 179 180 194 199 201 211 219 226 227 260 270 273 279 281 308 309 312 315 320 323 328 330-31 335 340. VII 2 13 14 17 187 190 203 205 207 213 216 234 236 239 242 246 249 258 259 261 303 317 335-36 357 358 360 362 367 369 374 377 388 391 392 395. VIII 5 9 11 14 23 28 30 35 41 47 51 122 131 133 134 144 147 148 159 164 170 174 175 179 182 184 185 187 188 192 196 200 203 206 210 212 215 216 217 247 342 344 346 349 350 356 361 363 366 368 411 414 416 420 423 425 427 429 431 441 447 452. IX 2 6 13 15 17 20 25 28 34 42 46-47 53 55 59 61-62 66 140 158 163 166 168 169 172 174 178 185 192 197 203 207 215 221 223 228 233 238 244 246 251 335 338. X 55 61 160-61 242 328 332 340 348 447 466 476.	faldende spaltetalrække i bind VI	
