RegistryTitle	29_entityType	30_evidenceLevel	31_evidenceMarkers
- Deres Datter	relationalPlaceholder		
- Hans Datter	relationalPlaceholder		
- Hans Datter, (enten Göthilda (1831–1905)	relationalPlaceholder		
- Hans Hustru	relationalPlaceholder		
- Hans Moder	relationalPlaceholder		
- Hans Smaapiger	relationalPlaceholder		
- Hans Søster	relationalPlaceholder		
- Hans Søster	relationalPlaceholder		
- Hendes Søster	relationalPlaceholder		
- Hendes Søster og dennes Børn	relationalPlaceholder		
- Hendes Søster og dennes Børn	relationalPlaceholder		
- Hendes Søster og Søsterdatter	relationalPlaceholder		
- Hendes Søsterdatter	relationalPlaceholder		
Bentley’s Brodersønner	family		
Bentley’s Søstre	family		
Braun, Familien	family		
Christian & Cocelles	organisation		
Holstein	family		
Holten	family		
Knör & Sohn	organisation		
Koopmann & Comp.	organisation		
Müller, Brødrene	family		
Rottweiler & Bauer	organisation		
Schepelem	group		
Ulrich & Brot	organisation		
Vincent & Vives	organisation		
Aage	crossReference		
Abgedill, Abgidel	crossReference		
Abrantes	crossReference		
Adler	crossReference		
Agnete	crossReference		
Ahlefeldt, Greve, Frankfurt a.M. 1875	crossReference		
Albert, Prinsgemal	crossReference		
Albert Victor, engelsk Prins, Søn af Edward (J/TI)	crossReference		
Albini	crossReference		
Albrecht	crossReference		
Alexandra, Prinsesse	crossReference		
Altenburg	crossReference		
Andersen, Brødrene	crossReference		
Andersen, Stig	crossReference		
Anna	crossReference		
Anna i Aalborg	crossReference		
Anna, Prinsesse	crossReference		
Arnaud, H.	crossReference		
Arthur, Prins	crossReference		
Asseburg	crossReference		
Astrid	crossReference		
Aubert	crossReference		
August, Le Locle 14.9.1833. I 175.	crossReference		
Augusta, Prinsesse	crossReference		
Bache	crossReference		
Bagge, Godsforvalter	crossReference		
Bagger, Thora, f. Fiedler, Enke efter Carl B.	crossReference		
Balåm	animal		
Bang	crossReference		
Barberini, Familien	family		
Barbieri, Giovanni Francesco	crossReference		
Barth, Madam	crossReference		
Bauditz (f. 1834)	crossReference		
Bazzacco	crossReference		
Becker	crossReference		
Beckwith	crossReference		
Behrens	organisation		
Bell, Currer	crossReference		
Bellano, Andrea	crossReference		
Benoni	crossReference		
Benzon	crossReference		
Bernadotte, Jean Baptiste	crossReference		
Bernburg	crossReference		
Berner-Oppen-Schilden	crossReference		
Bernhard, Carl	crossReference		
Bettina	crossReference		
Birch	crossReference		
Bird, Mrs.	crossReference		
Bissen, Familien	family		
Bjørne-Pedersen	crossReference		
Bjørnsen, Louise	crossReference		
Bleckhuis	crossReference		
Bogø	crossReference		
Bohsen	crossReference		
Bonstetten	crossReference		
Boudewijn	crossReference		
Bouliowski, Fru	crossReference		
Boye	crossReference		
Boytner	crossReference		
Boz	crossReference		
Brachel, Brackel	crossReference		
Brahe, Familien	family		
Brahe, Pehrson	crossReference		
Brandes	crossReference		
Bretteville	crossReference		
Brockdorff	crossReference		
Brockner	crossReference		
Brun	crossReference		
Budtz-Muller	crossReference		
Bulwer, Edward	crossReference		
Buonarroti	crossReference		
Burow, Julie	crossReference		
Busch, Marie	crossReference		
Butz-Møller	crossReference		
Bystram, Baronesse	crossReference		
Bårens	crossReference		
Boge	crossReference		
Bøytner	crossReference		
Cagliari	crossReference		
Camillo	crossReference		
Caracalla, Marcus Aurelius Antoninus Bassianus, romersk Kejser 211. I 333. Caralis (Pseud.) (188–217)	crossReference		
Carey	group		
Carl, Hotelejer i Haderslev	crossReference		
Carlén, Emilie	crossReference		
Cavaliere, Battista del	crossReference		
Chiarini	crossReference		
Christensen, dansk Officer	crossReference		
Christensen, Skolelærer i Slangerup 1865	crossReference		
Christian	crossReference		
Christian, danske Konger	crossReference		
Clasen-Lange	crossReference		
Clémentine, Prinsesse	crossReference		
Coburg	crossReference		
Collin, Familien	family		
Collin-Lund	crossReference		
Colonna, Familien	family		
Constantin	crossReference		
Cossel	crossReference		
Cotta	organisation		
Coutts	crossReference		
Criminil	crossReference		
Cunze	crossReference		
Curtius, Marcus	legendary		
Dagmar, Prinsesse	crossReference		
Dal Borgo	crossReference		
Daldy	crossReference		
Dan, Adam	crossReference		
Danmark, Kongehuset, Kongefamilien	family		
Darmstadt	crossReference		
Davidsen	crossReference		
Dekoning	crossReference		
Dessau	crossReference		
Dessau, Prinsen af	crossReference		
Dibasano	crossReference		
Dichmann (f. 1825)	crossReference		
Dithof	crossReference		
Dolores	crossReference		
Douglas, Familien	family		
Dreby	crossReference		
Drummond-Hay	crossReference		
Duncan, Sherman, & Comp.	organisation		
Düringsfeld, Baronesse	crossReference		
Ebbesen, Nora	crossReference		
Ebert, Datter af George Stephens	crossReference		
Edgar	crossReference		
Edvard	crossReference		
Einar, Einard	crossReference		
Elna	crossReference		
Elton, se: Salter, Miss.	crossReference		
Emil	crossReference		
Emilius, Bydreng hos H. C. Andersen 1873-75	crossReference		
England	crossReference		
Etlar, Carit	crossReference		
Eugéne	crossReference		
Exciill	crossReference		
Fabricius, Familien	family		
Faderen	crossReference		
Falbe, Anine, Anna	crossReference		
Falkenstein	crossReference		
Faure	crossReference		
Ferdinand, Prins	crossReference		
Ferdinand I, Storhertug	crossReference		
Ferdinand den Katolske, Konge	crossReference		
Fernanda	crossReference		
Ferriol	crossReference		
Fiedler, Thora	crossReference		
Filip, spanske Konger	crossReference		
Fischer	crossReference		
Forfatteren til Punsch	crossReference		
Forrester, Alfred Henry	crossReference		
Franzl	crossReference		
Frederici	crossReference		
Frederik, Konger	crossReference		
Frederik, Prins	crossReference		
Frederik II, Landgreve	crossReference		
Frederiksen, Heinrich Vilhelm, Kunstmaler	crossReference		
Frederiksen, Moritz	crossReference		
Friis, Jørgen	crossReference		
Froelich	crossReference		
From-Møller	crossReference		
Gagliardi	crossReference		
Gall-Morell	crossReference		
Gavanos, Pasqual de	crossReference		
Gavl, Frue og Frøken	crossReference		
Geer	crossReference		
Geil	crossReference		
Goldschmidt, Jenny Lind -	crossReference		
Golz	crossReference		
Gommery, Mis	crossReference		
Gordon, Lady	crossReference		
Gotha, Hertugen af -	crossReference		
Gottlieb	crossReference		
Gran Vasco	crossReference		
Grevenkop-Castenskiold	crossReference		
Grimm, Brødrene	family		
Guido	crossReference		
Guldberg	crossReference		
Haffner, Familien	family		
Hammer (f. 1825)	crossReference		
Hans, Prins	crossReference		
Hansen (f. 1862)	crossReference		
Hansen, Doris Erhard, f. Pfeil, Operasangerinde ved Det kgl. Teater 1867-85, g. 1871 m. Erhard H. X 249. —	crossReference		
Hansen, P. E. (1846–1930)	crossReference		
Harald	crossReference		
Harald (f. 1825)	crossReference		
Harriet	crossReference		
Hébert	crossReference		
Heine, Præst	crossReference		
Helga	crossReference		
Hell, Theodor	crossReference		
Hendriksen (f. 1826)	crossReference		
Henny	crossReference		
Henriques	group		
Herman	crossReference		
Heurgen	crossReference		
Hildorf	crossReference		
Hirsch, Politimand 1871	crossReference		
Hjalmar	crossReference		
Hjarne Skjald	legendary		
Hjårta	crossReference		
Holck	crossReference		
Holck, Holck-Winterfeldt	group		
Holland	crossReference		
Holmer, Pastor	crossReference		
Holst, Ernesta	crossReference		
Holten, Brødrene (1861–?)	family		
Horn	crossReference		
Horn	family		
Hosking	family		
Howit, Amsterdam 1868	crossReference		
Hudtwalcker, Professorfrue i Jena	crossReference		
Hymans	crossReference		
Häring, Wilh. Heinr.	crossReference		
Inge den Yngre, Konge	crossReference		
Ingeborg	crossReference		
Isabella, Dronninger	crossReference		
Israel	crossReference		
Jacobsen, Frk., Teglgaarden 1872	crossReference		
Jansen, Skolelærer, Holsteinborg	crossReference		
Jens, Karl hos Anholms	crossReference		
Jerop	crossReference		
Jespersen, Amtmand	crossReference		
Jette	crossReference		
Johanne	crossReference		
Jonas	crossReference		
Jonna	crossReference		
Julia de V	crossReference		
Jurgensen, Paul François, Søn af N.J.J.	crossReference		
Jürgensen	crossReference		
Jørgen, Karl hos Christian Thyberg	crossReference		
Jørgensen	crossReference		
Kaas, Kammerjunker	crossReference		
Kalreuter	crossReference		
Kalwei	crossReference		
Kaufman, Sophie, Adoptivdatter af C.J.F. Lønborg	crossReference		
Keiser	crossReference		
Kelly, Miss	crossReference		
Keyser, Munchen 1852	crossReference		
Klöcker, Daniel	crossReference		
Koss	crossReference		
Krantz, Grosse Reichenstrasse, Hamburg 1856	crossReference		
Krause	family		
Krogh, Georgine von, i Huset hos Statsminister J.S. v. Møsting	crossReference		
Kromheger	crossReference		
Kubitz	crossReference		
Kuhne	crossReference		
Kyllenlog, Løjtnant	crossReference		
Køster, Nicolette, Datter af Apoteker S. L. K., Randers, g. 1865 m. Apoteker J. P. Karmark Obel. IV 360. L. L, Frue (1841–1897)	crossReference		
Leijonhufvud, Greve	crossReference		
Leinburg, Gottfried	crossReference		
Lendel	crossReference		
Léon	crossReference		
Linar	crossReference		
Lombard, Odier & Cie	organisation		
Londel	crossReference		
Lordi	animal		
Lotte, Tante	crossReference		
Loyd	crossReference		
Lucie	crossReference		
Ludvig, se: Meisling, Peter Ludvig (1826–?)	crossReference		
Lund, Chr., Digter	crossReference		
Lynden	crossReference		
Lytthans, Laura	crossReference		
Låndel	crossReference		
Løvenstolpe	crossReference		
Mackwitz, Ida, tysk Forfatterinde	crossReference		
Madsen	crossReference		
Madsen, Caroline, g.m. Frederik M.	crossReference		
Mallet frères	organisation		
Mandelstern	crossReference		
Manderstern	crossReference		
Manhem, A. M. W.	crossReference		
Mansfeld, Coleredo	crossReference		
Manthey	group		
Marc-Monnier	crossReference		
Le Maréchal ferrant d'Anvers	crossReference		
Margoldt, Louise von, Datter af Henriette von M. II 409. Margrethe (Margaretha), Selskabsdame hos Fru Serre (1823–1865)	crossReference		
Maria, Glorup 1850	crossReference		
Marie (f. 1825)	crossReference		
Marie	crossReference		
Marie, Broderdatter af Fru Vilhelmine Sophie Ingerslev, f. Barfred	crossReference		
Marie, to Tjenestepiger hos Frøknerne Ballin	crossReference		
Marietta, Sibonis Nièce	crossReference		
Martinho, Carlos O'Neills Nabo i Setubal	crossReference		
Mathiesen, Lars	crossReference		
Mathilde	crossReference		
Mayer, Balthasar	legendary		
Meiringen	crossReference		
Melchior, Familien	family		
Melchior, Mine	crossReference		
Mercken	crossReference		
Meynig	crossReference		
Mikkelsen	crossReference		
Mine (f. 1825)	crossReference		
Miss	crossReference		
Moltke	crossReference		
Moltke, Gebhard, fra 1843: Moltke- Hvitfeldt	crossReference		
Morgenstjerne	crossReference		
Mortensen, i det vestlige Amerika	crossReference		
Moster (f. 1825)	crossReference		
Mpotsares, Markos	crossReference		
Müller	crossReference		
Müller (f. 1833)	crossReference		
Münster	crossReference		
Møller, Jomfru (f. 1861)	crossReference		
Møller, Minna	crossReference		
Napoléon II	crossReference		
Nathan	crossReference		
Nathan-David	crossReference		
Neergaard	group		
Nora	crossReference		
Norge, Haakon VII, Konge af -	crossReference		
Norman, Wilhelmine, f. Neruda	crossReference		
Notte, Gherardo della (Gerhard Honthorst), hollandsk Maler (1590–1656)	crossReference		
Odescalchi, Familien	family		
Odier, Lambert, Bankier-Firma i Geneve	crossReference		
O'Neill, Familien	family		
Orange, Madam	crossReference		
Orvar Odd	crossReference		
Otto	crossReference		
Passadori, Signora	crossReference		
Pedersen	crossReference		
Peppo	crossReference		
Perle, Cora	crossReference		
Peter, Storhertug	crossReference		
Petersen	crossReference		
Petersen, Skuespiller 1867	crossReference		
Petzholdt	crossReference		
Phidias	crossReference		
Philippo	crossReference		
Piccolomini, Æneas Silvius	crossReference		
Pius III	crossReference		
Pless	crossReference		
Plessen	crossReference		
Plesz	crossReference		
Poul	crossReference		
Poulsen	crossReference		
Poulsen	family		
Price, Familien	family		
Puget	crossReference		
Qvoten, Salomon von , Teaterentreprenør, Tandmedikus. I 176. R. R. (1690–1750)	crossReference		
Raben	crossReference		
Ragvald Knaphofde	crossReference		
Ramler	crossReference		
Raphael, Clara	crossReference		
Ratcliff	family		
Razzi, Antonio	crossReference		
Retzius	crossReference		
Riborg	crossReference		
Rigmor	crossReference		
Rita	crossReference		
Rodes, Sorø	crossReference		
Rolander	crossReference		
Romano, Giulio	crossReference		
Rosenkilde, Rose	crossReference		
Rosenkrantz, Iver, Søn af Iver R.	crossReference		
Rosenvinge, Karen Marie, HCA.s Halvsøster	crossReference		
Rosenørn, Frk., Hofdame	crossReference		
Rothe	crossReference		
Rougemont de Lowenberg	organisation		
Roulund	crossReference		
Rupert	crossReference		
Rødmose, Frk.	crossReference		
Rønne, Plejedatter af M.C.R.	crossReference		
Rønnenkamp	crossReference		
Roepstorff	crossReference		
Salaino	crossReference		
Salomonsen	crossReference		
Savoli	family		
Sayn-Wittgenstein	group		
Schack	crossReference		
Scheel-Plessen	crossReference		
Scheltema, Carel Steven Adama van	crossReference		
Schepelern	group		
Schiern, unge Fru —	crossReference		
Schilden	crossReference		
Schlichtkrull	family		
Schmidt, Teaterdirektør	crossReference		
Schöffel	crossReference		
Schou	crossReference		
Schow	crossReference		
Schram	crossReference		
Schubert	crossReference		
Scopas	crossReference		
Sehestedt Juul	crossReference		
Seidel	crossReference		
Seidelin	crossReference		
Sidse	crossReference		
Sigmaringen	crossReference		
Skau	crossReference		
Skibsted	family		
Skou	crossReference		
Skovgaard	crossReference		
Skram, Erik, Søn af Gustav Schram, Rigsdagsstenograf 1872, Protokolsekretær 1894-1918, Forfatter. X 220. Skram (Schram), Gustav (1847–1923)	crossReference		
Slesvig-Holsten-Sonderborg-Glücksborg	crossReference		
Soldi, David	crossReference		
Sophie	crossReference		
Sophie, Pige hos Ingemanns	crossReference		
Spadilla, Maria	crossReference		
Staahl, Søn af Daniel S., hjempermitteret fra Krigen, Roskilde 21.8.1864	crossReference		
Stair, Familien	family		
Steffens	crossReference		
Stella	crossReference		
Stenbock, Katarina	crossReference		
Sternberg, A. v.	crossReference		
Streits Hotel, Hamburg	organisation		
Sture, Sten	crossReference		
Svane, Familien	family		
Svendsen	crossReference		
Talis Qualis	crossReference		
Temerin, se: Szécses von Temerin. ten Kate	crossReference		
Texin, Constance	crossReference		
Thea	crossReference		
Theophrastus Bombastus	crossReference		
Therese	crossReference		
Thor	crossReference		
Thora	crossReference		
Thurah	family		
Tiedemann	crossReference		
Tine	crossReference		
Tott	crossReference		
Toulou	crossReference		
Trampe	crossReference		
Trampe, Greve, Fredericia 1849	crossReference		
Treibien, vist: Dreibein, se denne. Trémolières, Pierre (1703–1739)	crossReferenceMalformed		
Trolle, Familien	family		
Turn	crossReference		
Tuxen, Familien	family		
Tybjerg	crossReference		
Ussing	crossReference		
Vartel	crossReference		
Vasa, Gustaf	crossReference		
Victoria, Dronning	crossReference		
Viggo	crossReference		
Vilhelmina	crossReference		
Vilhelmine, Hertuginde	crossReference		
Vincenza, Volpi, Biblioteca Medicea Laurenziana, Firenze	crossReference		
Vithauer	crossReference		
Waldemar	crossReference		
Wallerstoff	crossReference		
Waloucoff, Maria von, f. Friherreinde von Schoultz-Asseraden	crossReference		
Walterstorff, Valentine von	crossReference		
Wedel	crossReference		
Wehler, Professor i Gottingen	crossReference		
Weiher und Nimptsch	group		
Weimar	crossReference		
Wieusseux	crossReference		
Wilhelm I, Kurfyrste	crossReference		
Wilhelm, Prins (1816–1893)	crossReference		
Wilken	crossReference		
Wind	crossReference		
Wittgenstein	crossReference		
Witzthun	crossReference		
Wolkonsky, Fyrstinde	crossReference		
Wulff	crossReference		
Wurtzen	crossReference		
Wørishøffer, J. A. P. F., Oberst i Infanteriet, 1864 Generalmajor, 1874 Generalløjtnant. V 127. X. Xenophon (ca. 430-ca. 355 f.Chr.), græsk Historiker. I 49. Xerxes (død 465 f.Chr.), Konge i Persien 485-65. IV 386. Y. Yael (1804–1892)	crossReference		
Yoldis Datter	crossReference		
Zick	crossReference		
Zytphen-Schulin	crossReference		
Östergötland	crossReference		
Oesterling	crossReference		
- Hans Broder fra Amerika	relationalPlaceholder		
- Hans Søster	relationalPlaceholder		
