entry_id	surname	verdict	head	n_tail_fragments	tail_fragments	xlsx_matches	scores
PerXI00315	Augustenborg	MANUAL		1	Pauline (1804-87), Amalie (1813-70), Sophie (1815-61)).	Line	0.73
PerXI00793	Bille-Brahe	MANUAL	Datter af A. W. Moltke, g. 1852 m. Christian Bille- Brahe. VII 185. X 235. — Se ogsaa: Moltke, Maria. Bille-Brahe,	1	Preben, Lensgreve (1773- 1857), Besidder af Grevskabet Brahesminde, Egeskov og Svanholm, Gehejmekonferensraad.	Bille-Brahe, Preben, Lensgreve (1773–1857)	0.72
PerXI00886	Blixen Finecke	MANUAL	g. 1873 m. Frederik B.F. X 165 323. — Se ogsaa: Frijs, Clara Krag-Juel-Vind-. Blixen Finecke,	1	Frederik, Baron (1847- 1919), Søn af Carl Frederik B.F., senere Besidder af Dallund og Näsbyholm.	Frederik I Barbarossa, tysk-romersk Kejser (1122–1190)	0.72
PerXI01219	Brockenhuus-Schack	MANUAL	Datter af A.W.Moltke, g. 1854 m. Ludvig B.-S. X 284. — Se ogsaa: Moltke, Julie. Brockenhuus-Schack,	1	Knud, Greve (1823 - 92), til Stamhuset Giesegaard og Godserne Gram og Nybøl, Kammerherre.	Knuth, Greve	0.87
PerXI01714	Clavaud	MANUAL	fransk Botaniker,	1	Bordeaux, Professor 1874. VII 87. demens III (død 1191), Pave 1187.	Suzor, Madame de, Grevinde, f. de Livio	0.43
PerXI01768	Collin	MANUAL	Datter af Jonas C.d.Æ., g. 1840 m. W. Lind. I 119 154 164 271 279 295 328 332 352 424. II 4 41 43 51. — Se ogsaa: Lind, Louise.	2	Collin, Louise (1839-1920), Datter af Edvard C., g. 1872 m. Viggo Drewsen. III 288. IV 195 205 468. V 10 25 87 90 135 137 164 183 191 193-96 198 200-02 205 207 349 360 388 411 414 424-25 429. VI 22 25 64 102-05 116 121 182 191 267 313 316. VII 187 215 395. VIII 21 97 129 174 202 214 331 352 380 420 448. IX 23 83 94 138 179 250 294 296 338. — Se ogsaa: Drewsen, Louise. Collin, Magdalene, f. Hansen (1841-94), Datter af Operasanger Chr. H., g. 1866 m. Edgar C. VII 308 317 334. VIII 414. — Se ogsaa: Hansen, Magdalene. Collin, Marie, f. Grønberg (1841-99), g. 1862 m. Hjalmar C. VIII 159. IX 165. — Se ogsaa: Grønberg, Marie. || Collin, Theodor (1815-1902), Søn af Jonas C., 1833 Student, 1841 cand. med., 1847-48 Overskibslæge, 1849-94 Teaterlæge, 1859 tit. Professor. HCA.s Læge.	Collin, Louise (1839–1920) || Collin, Theodor (1815–1902)	1.00 || 1.00
PerXI01973	Danneskiold-Samsøe	MANUAL	Datter af Chr. D.-S. (1800-86), g. 1865 m. Grev Christian Moltke-(Lystrup). VI 328 330. — Se ogsaa: Moltke, Amalie. Danneskiold-Samsøe, Christian Conrad	1	Sophus, Greve (1800-86), Søn af Henriette D.-S., Overstaldmester hos Kong Christian VIII, Overskænk hos Kong Frederik VII, 1867 Gehejmekonferensraad, 1869 Lensgreve og Besidder af Grevskabet Samsø og Overdirektør for Gisselfeld adelige Kloster.	Knuth, Sophus, Greve (1827–1867)	0.79
PerXI01984	Danneskiold-Samsøe	MANUAL	Datter af C. E. Krag- Juel-Vind-Frijs, g. 1867 m. senere Lensgreve Christian D.-S. (1838- 1914). VIII 31 114-15 200 231 356. — Se ogsaa: Frijs, Henriette Krag-Juel- Vind-. Danneskiold-Samsøe, Louise, Grevinde, f. von Zytphen (1818-1903), Datter af Louise Augusta von Z., g. 1850 m. Christian D.-S. (1800-86). VI 329-30. VII 250. VIII 48 347 361. IX 66 246. — Se ogsaa: Zytphen, Louise. Danneskiold-Samsøe,	1	Otto, Greve (1841- 96), Søn af Sophus D.-S., Sekondløjtnant, 1867 Premierløjtnant, Hofjægermester.	Moltke, Otto, Greve (1860–1937)	0.73
PerXI01987	Danneskiold-Samsøe	MANUAL	Datter af C. C. Zahrtmann, g. 1863 m. Christian D.-S. (1836-1908). V 391. VI 119 218 337. VIII 69 111. IX 2 212-15 228 360-61 366. X 43 192 194 429. — Se ogsaa:	1	Zahrtmann, Wanda. Dante Alighieri (1265-1321), italiensk Digter.	Zahrtmann, Wanda (1842–1916)	0.65
PerXI02030	Dawison	MANUAL	Constance, f. Jacobi, g. 1861 m. Bogumil D. V 111. — Se ogsaa:	1	Jacobi, Constance. Decebalus (død 107), Dacierfyrste.	Jacobi, Constance	0.76
PerXI02142	Dohna	MANUAL	svensk Feltmarskal. III 334. d'Ohsson, Abraham Constantin	1	Mouradgea, Friherre (1779-1851), Historiker, svensk Gesandt i Berlin 1835-50.	Rappe, Carl, Friherre (1797–1880)	0.70
PerXI02170	Dorrien	MANUAL	Landfoged paa Før. II 429. d'Orsay,	1	Alfred, Greve (1801-52), Lady Blessingtons Svigersøn. III 219 230 241. d'Orsay, Harriet, Grevinde, f. Gardiner (1812-69), Datter af Charles Gardiner, Jarl af Biessington, g. 1° 1827 m. Alfred d'O., separeret 1838, 2° 1852 m. Charles Spencer Cowper.	Ahlefeldt, Greve	0.83
PerXI02253	Duntzfelt	MANUAL	Grosserer, Bestyrer af Fredens Mølles Fabrikker, Etatsraad. V 101. du	2	Plat, Cæsar (1804-74), Premierløjtnant i Kavalleriet, 1839 Ritmester, 1848 Major, gik s.A. over til Insurgenterne, 1852 udelukket fra Amnestien, Kostskoleleder i Hamburg, Kammerjunker 1823. I 119-20 122. II 442-43. du || Plat, Glode (1809-64), Broder til Cæsar d.P., 1850 Oberstløjtnant og Chef for 2. Forstærkningsbataillon, 1856 Oberst, 1860 Generalmajor og Kommandant i Rendsborg, Kammerherre 1848; faldet 18.4.1864.	du Plat, Cæsar (1804–1874) || du Plat, Giode (1809–1864)	0.88 || 0.80
PerXI02274	Düring	MANUAL	g. 1869 m. Otto v.D. VIII 307. — Se ogsaa: Maag, Sophie. Düring-Rosenkrantz, Carl	1	Frederik, Lensbaron (1792-1876), Ritmester, 1842- 54 Postmester i Aarhus, Kammerjunker.	Juel, Jens, Lensbaron (1631–1700)	0.65
PerXI03176	Grækenland	MANUAL	Søn af Christian IX af Danmark, Konge 1863. V 395 414-15 433-34. VII 18 170 259 274-75 277- 81. IX 101 103 230 306. X 30. — Se ogsaa: Danmark, Wilhelm, Prins af. Grækenland,	1	Georgios (Georg), Hertug af Corcyra (1869-1957), Søn af Georgios I af Grækenland, uddannet i Danmark som Søofficer, 1898-1906 Magternes Overkommissær paa Kreta.	Grækenland, Georgios (Georg), Hertug af Gorcyra (1869–1957)	0.83
PerXI03226	Güldencrone	MANUAL	g. 1° m. Klasselotteriinspektør, Kammerjunker Casper Heinen, 2° 1850 m. Baron Ove G. VI 5 143 314. IX 32. X 51. — Se ogsaa: Heinen, Isabella. Guldencrone, Ludvig	1	Ehrenreich, Baron (1833-71), Legationssekretær i Berlin, senere i London.	Haxthausen, Henrich, Baron (1831–1900)	0.70
PerXI03545	Hauch	MANUAL	Datter af Carsten H., g.1858 m. cand. theol., senere Biskop Th. Skat Rørdam. III 277. — Se ogsaa Rørdam, Marie.	3	Hauch, Mathilde (1831-1910), Datter af Carsten H., g.1859 m. Peter Koch. III 277. — Se ogsaa: Koch, Mathilde. || Hauch, Ottilie Margrethe (1847-75), Datter af Carsten H., g. 1871 m. P.A. C.Heiberg. VI 261. VII 368. IX 139. — Se ogsaa: Heiberg, Ottilie Margrethe. || Hauch, William (1829-1906), Søn af Carsten H., Telegrafist, Kancelliraad.	Hauch, Mathilde (1831–1910) || Hauch, Ottilie Margrethe (1847–1875) || Hogarth, William (1697–1764)	1.00 || 1.00 || 0.80
PerXI03549	Haulleville	MANUAL		1	Prosper, Baron (død 1898), Brüssel. VII 68. VIII 10. Haurowitz. Lion V. (død 1905, 80 Aar gl.), Hof-Handskemager.	Piessen, Baron	0.71
PerXI03841	Hjarup	MANUAL	Broder til Fru Inger Cathrine Meisling, Brygger, Agent. 1 4 8.	2	Hjelm, Octavia (1834-1918), g. 1856 m. Wladimir Moltke-Hvitfeldt. IV 233. — Se ogsaa: Moltke-Hvitfeldt, Octavia. || Hjelm, Sophie (1828-72), Søster til Octavia H.	Hjelm, Octavia (1834–1918) || Hjelm, Sophie (1828–1872)	1.00 || 1.00
PerXI03970	Holstein	MANUAL	Broder til F.C.v.H., Oberstløjtnant, 1812 Told- og Consumptions-Inspektør i Slagelse, Kammerjunker. I 11 20 44 51 53. Holstein (-Ledreborg), Henriette, Grevinde, f. Løvenørn (1842-1915), Datter af Frederik de Løvenørn, g. 1867 m. Lensgreve Ludvig (Louis) H.-L. VIII 110-11. — Se ogsaa: Løvenørn, Henriette.	1	Holstein, Hjalmar von (1809-78), Søn af Henning von H., fhv. Kaptajn, Toldforvalter i Frederikshavn 1851-66, Kammerjunker.	Holstein, Marie von (1799–1860)	0.85
PerXI03977	Holstein	MANUAL	Datter af C.C.Zahrtmann, g. 1850 m. Ludvig HolsteinHolsteinborg. IV 198 199 201-04 205 218 222 236 294 368 433 464 465 466-67 470. V 18 134 135 138 140-41 142 159 160 172 174 175 177 267 349 387 388 389-90 444. VI 78 128 232 267 269 270 328 330 342 345 346 349 350. VII 2 5-6 187 189 192 193-95 196 198 199 201-02 207 208 219 220 224 225 226-29 231 235 239 240 246 256 258 260 290 320 321 322 326 327 332 334 361 396. VIII 5 44 46 99 108 109 111-12 114 136 137 183 193 247 256 257 259 260- 61 262 268 309 343 344 351 371-73 378 379 380 381 386 387-91 393 395 397 399 405 432 445. IX 51 53 72 81 176-77 183 188 190 197 198 212 215 220 228 238-39 242 252 308 323 333 340 347 349 363-66 369-70 372 376 378 381 385 387-88. X 2 7 14 21 32 39-40 43 45 55 61 62 64 72 80 86 190 210 226 227 242 246 248 250 251 253 254 255 257-58 260-63 265-66 268 270-71 272 276 277 278 282 286 297 320 334 340 353 368-69 376 396 410 414 418 419 420 427 444. — Se ogsaa: Zahrtmann, Mimi. Holstein, Ulrik	1	Adolph, Greve (1851-83), Søn af Ludvig Holstein-Holsteinborg.	Knuth, Greve	0.64
PerXI03985	Holsten	MANUAL	Datter af Adam Christoffer H.-Carisius, g. 1860 m. Ove Sehestedt Juul. II 388. — Se ogsaa: Juul, Emilie Sehestedt. Holsten,	2	Regitze, Baronesse (1831-96), Datter af Adam Christoffer H.-Carisius, g.1857 m. J.B.S.Estrup. II 388. Holsten-C(h)arisius, Adam || Christopher, Baron (1793-1879), Søn af Admiral Hans Holsten, 1849 Besidder af Baroniet Holstenshuus, Kammerherre, 1866 Gehejmekonferensraad.	Reiswitz, Baronesse || Christophersen, Harald (1838–1919)	0.86 || 0.75
PerXI04191	Ingelman	MANUAL	svensk Digter og Publicist, Kopist i Riksarkivet, Stockholm. II 23. Ili 340.	1	Ingemann, Bernhard Severin (1789- 1862), Digter, Søn af Birgitte I., 1822 Lektor ved Sorø Akademi, kst. Direktor 1842-49, Etatsraad 1845, Konferensraad 1857. I 2 45-46 118 186 469- 70. II 5 98 114 115 143 279 283 296-97, 395. III 70 136 225 284 286 287 288 292 386-88 404 405 413 414 416 422. IV 6-7 26 34 163 169 193 194 197 198 203 204 211 215 235 236 237-38 239 274 277 282 289-91 292 294 295 298 304 321 336 342 345 358 367-68 371 383 399 409 419 431 463 464 466 467-68 469 472 473 474 475. V 8 9 12 14 18 40 71 88 95 111 114 115-16 118 134 135 137-38 139 141 150-53 (Død og Begravelse), 186 396 398.	Ingemann, Bernhard Severin (1789–1862)	1.00
PerXI04470	Karen Marie	MANUAL	HCA.s Halvsøster, se:	1	Andersen, Karen Marie. Karl den Store (742-814), frankisk Konge 768, romersk Kejser 800.	Andersen, Karen Marie (1799–1846)	0.72
PerXI04867	Lagerheim	MANUAL	Datter af Elias L., g. 1852 m. Carl Ludvig Løvenskiold. III 335. — Se ogsaa: Løvenskiold, Charlotta. Lagerheim,	1	Elias, Friherre (1791-1864), svensk-norsk Gesandt i København 1836-56, Udenrigsminister 1856-88.	Ramel, Hans, Friherre (1807–1856)	0.78
PerXI05001	Lehmann	MANUAL	Komponist, Datter af Heinrich L., g. 1874 m. Axel Liebmann. VII 214. — Se ogsaa: Liebmann, Nanna.	1	Lehmann, Orla (1810-70), Søn af Martin L., stud, jur., 1833 cand. jur., Advokat, 1844 Højesteretsadvokat, 1848 Minister uden Portefeuille, 1848-61 Amtmand over Vejle Amt, 1861-63 Indenrigsminister; 1851-53 Folketingsmand, 1854 til sin Død Landstingsmand. I 59 454. II 245 297 321-22 326 328 330 333 336 339-40. 380.	Lehmann, Orla (1810–1870)	1.00
PerXI05095	Lewald	MANUAL	Datter af David L., tysk Forfatterinde, g. 1854 m. Adolf Stahr. III 87 92-93 98-99 111 125. — Se ogsaa: Stahr, Fanny. Lewenhaupt, Adam Casimir	1	Ludvig, Greve (1820-95), 1839 Underløjtnant ved Skånska dragonregimentet, senere Overkammerherre hos Dronning Lovisa af Sverrig-Norge, Besidder af Sjoholm, Ôstra Vingåkers S., Sodermanland.	Paar, Ludwig, Greve (1817–1893)	0.75
PerXI05134	Liebmann	MANUAL	Komponist, Datter af Heinrich Lehmann, g. 1874 m. Axel L. X 342 403. — Se ogsaa Lehmann, Nanna.	1	Liisberg, H. (1815-83), Købmand og Brændevinsbrænder i Aarhus, Raadmand.	Lüsberg, H. (1815–1883)	0.86
PerXI05269	Ludvig	MANUAL	Müller, Ludvig (1833). Ludwig IV (1287-1347), Konge af Bayern, tysk-romersk Kejser 1328. IX	2	Lumbye, Caroline (1833-1901), Skuespillerinde, Datter af H. C. L., g. 1° m. Adolph Recke 1851, 2° 1870 m. Skuespiller Frederik Madsen. IV 10. — Se ogsaa: Recke, Caroline v. d. || Lumbye, Georg (1843-1922), Søn af H. C. L., Komponist og Dirigent.	Lumbye, Caroline (1833–1901) || Lumbye, Georg (1843–1922)	1.00 || 1.00
PerXI05399	Løvenskiold	MANUAL	Datter af Elias Lagerheim, g. 1852 m. Carl Ludvig L. VIII 48. — Se ogsaa: Lagerheim, Charlotta. Løvenskiold,	1	Eggert (Aga), Baron (1788- 1861), Overførster, Hofjægermester.	Løvenskiold, Eggert (Aga), Baron (1788–1861)	0.75
PerXI05423	Löwenstern	MANUAL	dansk Gesandt i Wien, Generalmajor. III 72 75-76. M.	1	Maag, Sophie (1846-70), g. 1869 m. Otto v. Düring. VIII 221-22. — Se ogsaa: Düring, Sophie v. Månsdotter, Cecilia, Moder til Gustaf I Vasa af Sverrig.	Rung, Sophie (1850–1929)	0.75
PerXI05859	Moltke	MANUAL	g. 1865 m. Christian M.(-Lystrup). VII 274. X 284 288. — Se ogsaa: Danneskiold-Samsøe, Amalie. Moltke (-Nutschau),	1	Anna, Komtesse (1834-90), Datter af Carl M.(-N), g. 1855 m. Baron Herman Bagge af Boo.	Knuth, Komtesse	0.76
PerXI05891	Moltke	MANUAL	Datter af A.W.M., g.1852 m. Kommitteret i Domænedirektionen, senere Stiftamtmand Christian Bille-Brahe. II 275 278 281-83. III 418 425. — Se ogsaa: Bille-Brahe, Maria. Moltke,	1	Marie, Komtesse (1815-90), Datter af Carl Emil M., Conradineslyst.	Scheel, Marie, Komtesse (1842–1933)	0.79
PerXI05917	Moltke-Hvitfeldt	MANUAL	Datter af A. L. Seebach, g. 1863 m. Léon M.-H. VII 72 81 272 279. VIII 345. — Se ogsaa: Seebach, Maria. Moltke-Hvitfeldt, Octavia, Grevinde, f. Hjelm (1834-1918), g. 1856 m. Wladimir M.-H. VI 16 160. IX 247. — Se ogsaa: Hjelm, Octavia. Moltke-Hvitfeldt,	1	Olga, Komtesse (1870- 1955), Datter af Wladimir M.-H., g. 1891 m. preussisk Oberst Egmont Polydor von Websky.	Moltke, Komtesse	0.80
PerXI05983	Munck	MANUAL	Datter af Caroline Fabricius, g.1860 m. Vilhelm M. V 379 408. — Se ogsaa: Fabricius, Marie.	1	Munck, Vilhelm (1833-1913), Kateket ved den frie danske Menighed i Flensborg 1862-64, senere Sognepræst til Herlufsholm, 1887-1907 Formand for de forenede sjællandske Sygekasser.	Junck, Wilhelm	0.86
PerXI06095	Møller	MANUAL	Godsforvalter paa Glorup, exam.jur. III 3 184 419. IV 41 43-44 233-34. V 400. VII. 323 325.	1	Møller (i Folketællingen 1834: Muller), Joachim Otto (1781-1873), Regimentskirurg, Overkirurg ved Øresunds Hospital i Helsingør 1834-53.	Møller, Joachim Otto (1781–1873)	0.56
PerXI06213	Nielsen	MANUAL	Søn af N.P. N., Skuespiller ved Det kgl. Teater. V 154. ,	2	Nielsen, Augusta (1822-1902), Solodanserinde ved Det kgl. Teater, Afsked 1851, g.1849 m. dansk Premierløjtnant, senere svensk Toldinspektør i Simrishamn A. J. Afzelius. II 266-67 299. III 211 218. — Se ogsaa: Afzelius, Augusta. || Nielsen, Bentine (1834-1928), Skuespillerinde ved Det kgl. Teater 1852-92.	Nielsen, Augusta (1822–1902) || Nielsen, Bentine (1834–1928)	1.00 || 1.00
PerXI06854	Paetz	MANUAL	Skuespillerinde ved Det kgl. Teater 1858- 64, g.1864 m. Harald P. VIII 449-50. — Se ogsaa: Smith, Julie.	1	Pødenphant, W. S. (1797-1881), Provinsskuespiller og Teaterdirektør. IV 462. Q. Quatrefages de Bréau, Jean Louis Armand de (1810-92), fransk Naturforsker og Antropolog, Professor ved Musée d'histoire naturelle i Paris, deltog i den internationale arkæologiske Kongres i København 27.8.-5.9.1869.	Pødenphant, W. S. (1797–1881)	1.00
PerXI07573	Scavenius	MANUAL	g.1874 m. Otto S. X 262. — Se ogsaa: Scheel, Christiane.	1	Scavenius, Elisabeth (1840-1920), Datter af P.B.S., g.1861 m. Hans Rudolph Wedell-Wedellsborg. V 114. — Se ogsaa: Wedell-Wedellsborg, Elisabeth. Scavenius, Henriette, f. Komtesse Moltke (1819-98), Datter af Otto Joachim M., g.1843 m. J.B.S. (1811-50).	Scavenius, Elisabeth (1840–1920)	1.00
PerXI08210	Stampe	MANUAL	Datter af Adolph Drewsen, g. 1850 m. Henrik S. IV 22 24 26-28 29 32 95 101 137 146 147 153 174 175 197 198 200 205 233 Stamtavle Stampe s. XLI 235 241 250 290 294 399 407 419. V 16 40 57 107 114 117 119 121 139 161 177 190 195 203 300 332 350 384 387-88 389 393 407 415 416. VI 27 28 31 33 35 60 65-66 68 76 77 100 102-05 108 116 117 161 162 227-28 242 249 253 257 259-60 270 323 329 344 353. VII 6 45 54 123 153 185 186 212 215 227 233 261 288 298 334-35. VIII 15 73 97 104 110 136 189 201 212 214 237 263 320 332 343 346 351 389 406. IX 15 31 33 50 78 83 90 223 227-28 246 250 252 311 316 321 323 329 364 368 371 376. X 42 49 86 92 110 123 124 137 184 207 211 214 227 282 302-03 353-54 385 451 457. — Se ogsaa: Drewsen, Jonna. Stampe,	1	Kristine, Baronesse (1856-84), Datter af Henrik S., g.1882 m. senere Stiftamtmand og Indenrigsminister V. Bardenfleth.	Stampe, Kristine, Baronesse (1856–1884)	0.83
PerXI08370	Stæger	MANUAL	Steddatter af Emil Erslev, g.1857 m. Niels W. Gade. IV 165. — Se ogsaa: Gade, Mathilde.	1	Stöver, J. H. (1825-1911), hollandsk Billedhugger. VII 49-50. Støvlet-Cathrine (Anne Cathrine Benthacken) (1745-1805), Chr. VII.s Mætresse, g. 1° 1770 m. Advokat i Övelgönne, senere Toldinspektør i Nysted C.D.R.Maés, 2° 1785 m. Musiker, senere Fiskemester H.H.Schweder.	Mønster, G. H. (1811–1880)	0.72
PerXI08486	Sønderskou	MANUAL	Skuespillerinde, g.1847 m. Skuespiller Christian Schmidt. II 300. — Se ogsaa: Smidt, Thora.	1	Sønderup, Anna (1841-70), Forfatterinde, g.1868 m. den ungarske Arkitekt Ferenc Schulz. VII 12 277 346. VIII 2. Søren (Søren Ebbesen?), Slagelse 24.3. 1826.	Sønderup, Anna (1841–1870)	1.00
PerXI08503	Talleyrand-Périgord	MANUAL	Charles Maurice de, Hertug af	1	Dino, Fyrste af Benevent (1754--1838), fransk Udenrigsminister.	Bonaparte, Lucien, Fyrste af Ganino (1775–1840)	0.54
PerXI08583	Thestrup	MANUAL	Sognepræst i Jungshoved 1843, senere i Stavreby. IV 26.	1	Thiele (»Onkel Thiele«, en af J.M.Thieles tre Brødre: Kontorchef i Finansministeriet, Justitsraad, senere Etatsraad Frederik Vilhelm T. (1791-1877), Instrumentmager Frederik Anton T. (1793-1859), Instrumentmager Johan Christopher T. (1798-1854)).	Philemon, Thimoleon (1833–1898)	0.59
PerXI08650	Tybjerg	MANUAL	Datter af Caroline Oltmann (død 1874), g.1868 m. Chr. T. VIII 146. IX 27. X 339.	2	Thyberg (fra 1866: Tybjerg), Christian (1815-79), Søn af Oline T., Arkitekt. II 306. III 72 74-75 321 324 335-37 340-41 365. IV 208 211 217-19 221- 27 229-31 235. V 184 197 380 383 395 424 436. VI 49. VIII 81 122 141 146 165 177 248 345. IX 25 27. || Tyberg (fra 1866: Tybjerg), Erland (1863-1925), Søn af Chr. T., senere Højesteretsdommer.	Thyberg (fra 1866: Tybjerg), Christian (1815–1879) || Tyberg (fra 1866: Tybjerg), Erland (1863–1925)	1.00 || 1.00
PerXI08879	Uttenreitter	MANUAL	Byfoged i Hjørring 1857-70. IV 352. V. Vaccå	1	Berlinghieri, Andrea (1772-1826), italiensk Øjenlæge.	Vaccá Berlinghieri, Andrea (1772–1826)	0.87
PerXI09157	Wedell-Wedellsborg	MANUAL	Datter af P.B.Scavenius, g.1861 m. Hans Rudolph W.-W. VII 364. VIII 348. — Se ogsaa: Scavenius, Elisabeth. Wedell-Wedellsborg,	1	Frederik (Fritz), Baron (1819-69), senere Oberst og Kammerherre.	Kiær, Frederik (Fritz) (1825–1893)	0.71
PerXI09387	Wulff	MANUAL	Datter af P.F.W., g.1828 m. Jørgen Hansen Koch. I 31 36 53. — Se ogsaa: Koch, Ida.	3	Wulff, Ida (1808-76), Operasangerinde ved Det kgl. Teater 1823-28, g.1831 m. Ernst Fr. von Holstein. I 32-33 34. — Se ogsaa: Holstein, Ida. || Wulff, Ida Antoinette (1845-1924), Datter af Peter W., g.1865 m. Octavius Hansen. V 418. VI 159. — Se ogsaa: Hansen, Ida, f. Wulff. || Wulff, Joachim Wilhelm (1807-93), tysk Forfatter (Wilhelm Wilibald), Hamburg.	Wulff, Ida (1808–1876) || Wulff, Ida Antoinette (1845–1924) || Wulff, Joachim Wilhelm (1807–1893)	1.00 || 1.00 || 1.00
PerXI09479	Zytphen	MANUAL	Datter af Louise Augusta von Z., g.1850 m. Christian Danneskiold-Samsøe (1800- 86). II 381. — Se ogsaa: Danneskiold-Samsøe, Louise. Zytphen-Adeler, Anna	1	Charlotte, Baronesse (1837-76), Hofdame hos Kronprinsesse Louise af Danmark.	Palm, Baronesse	0.74
PerXI09511	Ørsted	MANUAL	Datter af Anton Brøndum, g.1863 m. Nicolai 0. VIII 51 447. IX 55. X 239 328. — Se ogsaa: Brøndum, Pauline.	2	Ørsted, Sophie (1821-89), Datter af H.C.Ø., g.1843 m. Fritz Dahlstrøm. II 20 31-32 298. — Se ogsaa: Dahlstrøm, Sophie. || Ørsted, Viggo (1867-1943), Søn af Nicolai Ø., senere Læge i Ringe.	Ørsted, Sophie (1821–1889) || Ørsted, Viggo (1867–1943)	1.00 || 1.00
