navn,kontekst,kvindelig,mandlig,i_alt,skævhed,anvendes
marie,_general,112,1,113,0.99,ja
anna,_general,104,0,104,1.00,ja
carl,_general,0,88,88,1.00,ja
caroline,_general,77,0,77,1.00,ja
sophie,_general,77,0,77,1.00,ja
louise,_general,69,0,69,1.00,ja
charlotte,_general,62,0,62,1.00,ja
maria,_general,58,0,58,1.00,ja
frederik,_general,0,57,57,1.00,ja
johanne,_general,52,0,52,1.00,ja
christian,_general,0,51,51,1.00,ja
henriette,_general,48,0,48,1.00,ja
elisabeth,_general,45,0,45,1.00,ja
julie,_general,43,0,43,1.00,ja
ida,_general,43,0,43,1.00,ja
augusta,_general,39,0,39,1.00,ja
wilhelm,_general,0,38,38,1.00,ja
emilie,_general,33,0,33,1.00,ja
frederikke,_general,32,0,32,1.00,ja
hans,_general,0,32,32,1.00,ja
emma,_general,30,0,30,1.00,ja
johan,_general,0,30,30,1.00,ja
otto,_general,0,30,30,1.00,ja
wilhelmine,_general,28,0,28,1.00,ja
peter,_general,0,27,27,1.00,ja
karl,_general,0,27,27,1.00,ja
georg,_general,0,24,24,1.00,ja
mathilde,_general,24,0,24,1.00,ja
friedrich,_general,0,24,24,1.00,ja
clara,_general,23,0,23,1.00,ja
amalie,_general,22,0,22,1.00,ja
charles,_general,0,20,20,1.00,ja
julius,_general,0,20,20,1.00,ja
christiane,_general,20,0,20,1.00,ja
august,_general,0,19,19,1.00,ja
ingeborg,_general,18,0,18,1.00,ja
elise,_general,18,0,18,1.00,ja
ferdinand,_general,0,17,17,1.00,ja
emil,_general,0,17,17,1.00,ja
vilhelmine,_general,17,0,17,1.00,ja
gustaf,_general,0,17,17,1.00,ja
agnes,_general,17,0,17,1.00,ja
william,_general,0,16,16,1.00,ja
johanna,_general,16,0,16,1.00,ja
ludwig,_general,0,16,16,1.00,ja
alexander,_general,0,16,16,1.00,ja
vilhelm,_general,0,15,15,1.00,ja
hermann,_general,0,15,15,1.00,ja
anne,_general,15,0,15,1.00,ja
ludvig,_general,0,15,15,1.00,ja
laura,_general,15,0,15,1.00,ja
ernst,_general,0,14,14,1.00,ja
fanny,_general,14,0,14,1.00,ja
theodor,_general,0,13,13,1.00,ja
margrethe,_general,13,0,13,1.00,ja
henrik,_general,0,13,13,1.00,ja
hanne,_general,13,0,13,1.00,ja
mary,_general,13,0,13,1.00,ja
johannes,_general,0,13,13,1.00,ja
adam,_general,0,13,13,1.00,ja
alfred,_general,0,12,12,1.00,ja
arthur,_general,0,12,12,1.00,ja
therese,_general,12,0,12,1.00,ja
heinrich,_general,0,12,12,1.00,ja
christine,_general,12,0,12,1.00,ja
dorothea,_general,12,0,12,1.00,ja
thora,_general,11,0,11,1.00,ja
louis,_general,0,11,11,1.00,ja
karen,_general,11,0,11,1.00,ja
juliane,_general,11,0,11,1.00,ja
harald,_general,0,11,11,1.00,ja
bertha,_general,11,0,11,1.00,ja
betty,_general,11,0,11,1.00,ja
pauline,_general,11,0,11,1.00,ja
frk,_general,11,0,11,1.00,ja
valdemar,_general,0,11,11,1.00,ja
viggo,_general,0,11,11,1.00,ja
adolph,_general,0,10,10,1.00,ja
birgitte,_general,10,0,10,1.00,ja
jens,_general,0,10,10,1.00,ja
george,_general,1,9,10,0.90,ja
ottilie,_general,9,1,10,0.90,ja
luise,_general,10,0,10,1.00,ja
amalia,_general,10,0,10,1.00,ja
edvard,_general,0,10,10,1.00,ja
jacob,_general,0,10,10,1.00,ja
harriet,_general,10,0,10,1.00,ja
edward,_general,0,10,10,1.00,ja
dagmar,_general,10,0,10,1.00,ja
erik,_general,0,10,10,1.00,ja
niels,_general,0,10,10,1.00,ja
johann,_general,0,10,10,1.00,ja
willem,_general,0,10,10,1.00,ja
helene,_general,9,0,9,1.00,ja
adolf,_general,0,9,9,1.00,ja
sara,_general,9,0,9,1.00,ja
camilla,_general,9,0,9,1.00,ja
albert,_general,0,9,9,1.00,ja
josephine,_general,9,0,9,1.00,ja
henry,_general,0,9,9,1.00,ja
moritz,_general,0,9,9,1.00,ja
peder,_general,0,9,9,1.00,ja
anton,_general,0,8,8,1.00,ja
joseph,_general,0,8,8,1.00,ja
karoline,_general,8,0,8,1.00,ja
gustav,_general,0,8,8,1.00,ja
mariane,_general,8,0,8,1.00,ja
maximilian,_general,0,8,8,1.00,ja
isabella,_general,8,0,8,1.00,ja
nicolai,_general,0,8,8,1.00,ja
adelaide,_general,8,0,8,1.00,ja
catharina,_general,8,0,8,1.00,ja
herman,_general,0,8,8,1.00,ja
helga,_general,8,0,8,1.00,ja
magdalene,_general,8,0,8,1.00,ja
franz,_general,0,8,8,1.00,ja
sophus,_general,1,7,8,0.88,ja
eduard,_general,0,8,8,1.00,ja
jenny,_general,7,0,7,1.00,ja
henri,_general,0,7,7,1.00,ja
conrad,_general,0,7,7,1.00,ja
poul,_general,0,7,7,1.00,ja
michael,_general,0,7,7,1.00,ja
ane,_general,7,0,7,1.00,ja
oscar,_general,0,7,7,1.00,ja
alexandra,_general,7,0,7,1.00,ja
eleonora,_general,7,0,7,1.00,ja
lucie,_general,7,0,7,1.00,ja
thyra,_general,7,0,7,1.00,ja
paul,_general,0,7,7,1.00,ja
ellen,_general,7,0,7,1.00,ja
nicoline,_general,7,0,7,1.00,ja
rosalie,_general,7,0,7,1.00,ja
cecilie,_general,7,0,7,1.00,ja
carl,svensk,0,6,6,1.00,ja
friederike,_general,6,0,6,1.00,ja
antoinette,_general,6,0,6,1.00,ja
hedvig,_general,6,0,6,1.00,ja
annette,_general,6,0,6,1.00,ja
joachim,_general,0,6,6,1.00,ja
nanna,_general,6,0,6,1.00,ja
axel,_general,0,6,6,1.00,ja
ebba,_general,6,0,6,1.00,ja
cathrine,_general,6,0,6,1.00,ja
jørgen,_general,0,6,6,1.00,ja
emmy,_general,6,0,6,1.00,ja
robert,_general,0,6,6,1.00,ja
charlotta,_general,6,0,6,1.00,ja
marianne,_general,6,0,6,1.00,ja
auguste,_general,6,0,6,1.00,ja
petra,_general,6,0,6,1.00,ja
john,_general,0,6,6,1.00,ja
rudolph,_general,0,6,6,1.00,ja
olga,_general,6,0,6,1.00,ja
eline,_general,5,0,5,1.00,ja
eugen,_general,0,5,5,1.00,ja
rosa,_general,5,0,5,1.00,ja
napoléon,_general,0,5,5,1.00,ja
richard,_general,1,4,5,0.80,nej
frederick,_general,0,5,5,1.00,ja
jakob,_general,0,5,5,1.00,ja
agathe,_general,5,0,5,1.00,ja
petrine,_general,5,0,5,1.00,ja
bolette,_general,5,0,5,1.00,ja
lovise,_general,5,0,5,1.00,ja
carlo,_general,0,5,5,1.00,ja
ove,_general,0,5,5,1.00,ja
chr,_general,0,5,5,1.00,ja
bodil,_general,5,0,5,1.00,ja
sofie,_general,5,0,5,1.00,ja
catherine,_general,5,0,5,1.00,ja
magnus,_general,0,5,5,1.00,ja
elisa,_general,5,0,5,1.00,ja
oluf,_general,0,5,5,1.00,ja
tysk-romersk,_general,0,5,5,1.00,ja
benedicte,_general,5,0,5,1.00,ja
adelgunde,_general,5,0,5,1.00,ja
alice,_general,5,0,5,1.00,ja
kirstine,_general,5,0,5,1.00,ja
signe,_general,5,0,5,1.00,ja
adelheid,_general,5,0,5,1.00,ja
katarina,_general,5,0,5,1.00,ja
doris,_general,4,0,4,1.00,nej
jacobine,_general,4,0,4,1.00,nej
victor,_general,0,4,4,1.00,nej
leopold,_general,0,4,4,1.00,nej
edel,_general,4,0,4,1.00,nej
george,engelsk,0,4,4,1.00,ja
waldemar,_general,0,4,4,1.00,nej
samuel,_general,0,4,4,1.00,nej
nancy,_general,4,0,4,1.00,nej
lovisa,_general,4,0,4,1.00,nej
nils,_general,0,4,4,1.00,nej
oline,_general,4,0,4,1.00,nej
edmund,_general,0,4,4,1.00,nej
nathalie,_general,4,0,4,1.00,nej
hansine,_general,4,0,4,1.00,nej
inger,_general,4,0,4,1.00,nej
ole,_general,0,4,4,1.00,nej
gottlieb,_general,0,4,4,1.00,nej
albertine,_general,4,0,4,1.00,nej
søren,_general,0,4,4,1.00,nej
susanne,_general,4,0,4,1.00,nej
walter,_general,0,4,4,1.00,nej
jensine,_general,4,0,4,1.00,nej
lauritz,_general,0,4,4,1.00,nej
rose,_general,4,0,4,1.00,nej
margareta,_general,4,0,4,1.00,nej
eliza,_general,4,0,4,1.00,nej
wilhelmine,tysk,4,0,4,1.00,ja
victoria,_general,4,0,4,1.00,nej
mette,_general,4,0,4,1.00,nej
eva,_general,4,0,4,1.00,nej
eleonore,_general,4,0,4,1.00,nej
fritz,_general,0,4,4,1.00,nej
julie,tysk,4,0,4,1.00,ja
regitze,_general,4,0,4,1.00,nej
holger,_general,0,4,4,1.00,nej
jutta,_general,4,0,4,1.00,nej
sophia,_general,4,0,4,1.00,nej
philip,_general,0,4,4,1.00,nej
sofia,_general,4,0,4,1.00,nej
nikolaj,_general,0,4,4,1.00,nej
georgine,_general,3,0,3,1.00,nej
carlos,_general,0,3,3,1.00,nej
franzisca,_general,3,0,3,1.00,nej
hilda,_general,3,0,3,1.00,nej
og,_general,3,0,3,1.00,nej
sarah,_general,3,0,3,1.00,nej
andrea,_general,3,0,3,1.00,nej
minna,_general,3,0,3,1.00,nej
mathilda,_general,3,0,3,1.00,nej
francesco,_general,0,3,3,1.00,nej
nanny,_general,3,0,3,1.00,nej
suzanne,_general,3,0,3,1.00,nej
corfitz,_general,0,3,3,1.00,nej
cristina,_general,3,0,3,1.00,nej
ferdinando,_general,0,3,3,1.00,nej
pouline,_general,3,0,3,1.00,nej
betzy,_general,3,0,3,1.00,nej
bernhard,_general,0,3,3,1.00,nej
preben,_general,0,3,3,1.00,nej
adèle,_general,3,0,3,1.00,nej
alma,_general,3,0,3,1.00,nej
emanuel,_general,0,3,3,1.00,nej
franciska,_general,3,0,3,1.00,nej
emily,_general,3,0,3,1.00,nej
rasmus,_general,0,3,3,1.00,nej
frances,_general,3,0,3,1.00,nej
andreas,_general,0,3,3,1.00,nej
adele,_general,3,0,3,1.00,nej
laurids,_general,0,3,3,1.00,nej
knud,_general,0,3,3,1.00,nej
maren,_general,3,0,3,1.00,nej
hannah,_general,3,0,3,1.00,nej
anders,_general,0,3,3,1.00,nej
edouard,_general,0,3,3,1.00,nej
thomasine,_general,3,0,3,1.00,nej
severine,_general,3,0,3,1.00,nej
holten,_general,0,3,3,1.00,nej
lorentz,_general,0,3,3,1.00,nej
pedro,_general,0,3,3,1.00,nej
annie,_general,3,0,3,1.00,nej
gabrielle,_general,3,0,3,1.00,nej
max,_general,0,3,3,1.00,nej
francis,_general,0,3,3,1.00,nej
engelke,_general,3,0,3,1.00,nej
olivia,_general,3,0,3,1.00,nej
josepha,_general,3,0,3,1.00,nej
josé,_general,0,3,3,1.00,nej
constance,_general,3,0,3,1.00,nej
edwin,_general,0,3,3,1.00,nej
alexandre,_general,0,3,3,1.00,nej
hendrik,_general,0,3,3,1.00,nej
james,_general,0,3,3,1.00,nej
lars,_general,0,3,3,1.00,nej
martha,_general,3,0,3,1.00,nej
françois,_general,0,3,3,1.00,nej
felix,_general,0,3,3,1.00,nej
cornelia,_general,3,0,3,1.00,nej
ada,_general,3,0,3,1.00,nej
wolfgang,_general,0,3,3,1.00,nej
gustaf,svensk,0,3,3,1.00,ja
martin,_general,0,3,3,1.00,nej
thea,_general,3,0,3,1.00,nej
mimi,_general,3,0,3,1.00,nej
francisca,_general,3,0,3,1.00,nej
jakobine,_general,3,0,3,1.00,nej
alexander,russisk,0,3,3,1.00,ja
dorthea,_general,3,0,3,1.00,nej
jfr,_general,3,0,3,1.00,nej
charles,svensk,0,3,3,1.00,ja
karoline,tysk,3,0,3,1.00,ja
klara,_general,3,0,3,1.00,nej
gerson,_general,0,3,3,1.00,nej
julia,_general,3,0,3,1.00,nej
sally,_general,0,3,3,1.00,nej
ernestine,_general,3,0,3,1.00,nej
david,_general,0,3,3,1.00,nej
charles,engelsk,0,3,3,1.00,ja
fr,_general,0,3,3,1.00,nej
adolphine,_general,3,0,3,1.00,nej
meta,_general,3,0,3,1.00,nej
th,_general,0,3,3,1.00,nej
felipe,_general,0,3,3,1.00,nej
severin,_general,0,2,2,1.00,nej
jean,_general,0,2,2,1.00,nej
charlotte,tysk,2,0,2,1.00,nej
angelique,_general,2,0,2,1.00,nej
virginie,_general,2,0,2,1.00,nej
gisela,_general,2,0,2,1.00,nej
nina,_general,2,0,2,1.00,nej
sarah,engelsk,2,0,2,1.00,nej
florence,_general,2,0,2,1.00,nej
nils,svensk,0,2,2,1.00,nej
hertha,_general,2,0,2,1.00,nej
leo,_general,0,2,2,1.00,nej
luigi,_general,0,2,2,1.00,nej
philippe,_general,0,2,2,1.00,nej
horatio,_general,0,2,2,1.00,nej
hermann,tysk,0,2,2,1.00,nej
gottlob,_general,0,2,2,1.00,nej
emst,_general,0,2,2,1.00,nej
julian,_general,0,2,2,1.00,nej
jakob,svensk,0,2,2,1.00,nej
magdalena,_general,2,0,2,1.00,nej
axel,svensk,0,2,2,1.00,nej
steen,_general,0,2,2,1.00,nej
jessie,_general,2,0,2,1.00,nej
thorvald,_general,0,2,2,1.00,nej
einar,_general,0,2,2,1.00,nej
ulrika,_general,2,0,2,1.00,nej
just,_general,0,2,2,1.00,nej
william,engelsk,0,2,2,1.00,nej
lucien,_general,0,2,2,1.00,nej
joseph,østrigsk,0,2,2,1.00,nej
edmond,_general,0,2,2,1.00,nej
stella,_general,2,0,2,1.00,nej
luis,_general,0,2,2,1.00,nej
jane,_general,2,0,2,1.00,nej
vita,_general,2,0,2,1.00,nej
birgitta,_general,2,0,2,1.00,nej
sven,_general,0,2,2,1.00,nej
camillo,_general,0,2,2,1.00,nej
else,_general,2,0,2,1.00,nej
sigismunda,_general,2,0,2,1.00,nej
helmuth,_general,0,2,2,1.00,nej
blanche,_general,2,0,2,1.00,nej
gustave,_general,1,1,2,0.50,nej
ludovica,_general,2,0,2,1.00,nej
marie,fransk,2,0,2,1.00,nej
felicia,_general,2,0,2,1.00,nej
edmund,østrigsk,0,2,2,1.00,nej
margarethe,_general,2,0,2,1.00,nej
edgar,_general,0,2,2,1.00,nej
elna,_general,2,0,2,1.00,nej
jonas,_general,0,2,2,1.00,nej
romersk,_general,0,2,2,1.00,nej
franz,østrigsk,0,2,2,1.00,nej
gregers,_general,0,2,2,1.00,nej
carolina,_general,2,0,2,1.00,nej
wanda,_general,2,0,2,1.00,nej
israels,_general,0,2,2,1.00,nej
aron,_general,0,2,2,1.00,nej
claudine,_general,2,0,2,1.00,nej
antonie,_general,2,0,2,1.00,nej
frits,_general,0,2,2,1.00,nej
sydney,_general,1,1,2,0.50,nej
abraham,_general,0,2,2,1.00,nej
bodild,_general,2,0,2,1.00,nej
aage,_general,0,2,2,1.00,nej
jonna,_general,2,0,2,1.00,nej
sigrid,_general,2,0,2,1.00,nej
svend,_general,0,2,2,1.00,nej
gottfried,_general,0,2,2,1.00,nej
fredrika,_general,2,0,2,1.00,nej
fredrika,svensk,2,0,2,1.00,nej
amélie,_general,2,0,2,1.00,nej
hans,svensk,0,2,2,1.00,nej
auguste,tysk,2,0,2,1.00,nej
johs,_general,0,2,2,1.00,nej
tabitha,_general,2,0,2,1.00,nej
christen,_general,0,2,2,1.00,nej
leocadie,_general,2,0,2,1.00,nej
nathalia,_general,2,0,2,1.00,nej
carl,østrigsk,0,2,2,1.00,nej
siegfried,_general,0,2,2,1.00,nej
eugénie,_general,2,0,2,1.00,nej
ulrike,_general,2,0,2,1.00,nej
josefina,_general,2,0,2,1.00,nej
octavia,_general,2,0,2,1.00,nej
karl,sachsisk,0,2,2,1.00,nej
clemens,_general,0,2,2,1.00,nej
leonore,_general,1,1,2,0.50,nej
malvina,_general,2,0,2,1.00,nej
margaret,_general,2,0,2,1.00,nej
emilia,_general,2,0,2,1.00,nej
marie,tysk,2,0,2,1.00,nej
amanda,_general,2,0,2,1.00,nej
knut,_general,0,2,2,1.00,nej
gerda,_general,2,0,2,1.00,nej
rudolf,_general,0,2,2,1.00,nej
karl,østrigsk,0,2,2,1.00,nej
constantin,_general,0,2,2,1.00,nej
georgios,_general,0,2,2,1.00,nej
élise,_general,2,0,2,1.00,nej
sigismund,_general,0,2,2,1.00,nej
thekla,_general,2,0,2,1.00,nej
boline,_general,2,0,2,1.00,nej
ludwig,tysk,0,2,2,1.00,nej
ida,tysk,2,0,2,1.00,nej
hugo,_general,0,2,2,1.00,nej
louisa,_general,2,0,2,1.00,nej
hedwig,_general,2,0,2,1.00,nej
agnete,_general,2,0,2,1.00,nej
john,engelsk,0,2,2,1.00,nej
zarah,_general,2,0,2,1.00,nej
simon,_general,0,2,2,1.00,nej
iver,_general,0,2,2,1.00,nej
georgina,_general,2,0,2,1.00,nej
klemens,_general,0,2,2,1.00,nej
henning,_general,0,2,2,1.00,nej
ulrik,_general,0,2,2,1.00,nej
claes,_general,0,2,2,1.00,nej
lydie,_general,2,0,2,1.00,nej
emile,_general,0,2,2,1.00,nej
thorald,_general,0,2,2,1.00,nej
jules,_general,0,2,2,1.00,nej
sophie-lydie,_general,2,0,2,1.00,nej
urban,_general,0,2,2,1.00,nej
lina,_general,2,0,2,1.00,nej
eggert,_general,0,2,2,1.00,nej
daniel,_general,0,2,2,1.00,nej
elias,_general,0,2,2,1.00,nej
frederika,_general,2,0,2,1.00,nej
sten,_general,0,2,2,1.00,nej
edith,_general,2,0,2,1.00,nej
rebecca,_general,2,0,2,1.00,nej
léon,_general,0,2,2,1.00,nej
catharine,_general,2,0,2,1.00,nej
thusnelda,_general,2,0,2,1.00,nej
vibeke,_general,2,0,2,1.00,nej
marcus,_general,0,2,2,1.00,nej
jorge,_general,0,2,2,1.00,nej
mirza,_general,0,2,2,1.00,nej
unge,_general,1,1,2,0.50,nej
juliette,_general,2,0,2,1.00,nej
anton,østrigsk,0,2,2,1.00,nej
irene,_general,2,0,2,1.00,nej
christina,_general,2,0,2,1.00,nej
freya,_general,2,0,2,1.00,nej
tage,_general,0,2,2,1.00,nej
se:,_general,0,2,2,1.00,nej
sidonie,_general,2,0,2,1.00,nej
astrid,_general,2,0,2,1.00,nej
alexandrine,_general,2,0,2,1.00,nej
laurits,_general,0,2,2,1.00,nej
alfonso,_general,0,2,2,1.00,nej
jeanina,_general,2,0,2,1.00,nej
henry,engelsk,0,2,2,1.00,nej
olof,_general,0,2,2,1.00,nej
eugenia,_general,2,0,2,1.00,nej
cosimo,_general,0,2,2,1.00,nej
leopoldo,_general,0,2,2,1.00,nej
leonora,_general,2,0,2,1.00,nej
matthias,_general,0,2,2,1.00,nej
georg,svensk,0,1,1,1.00,nej
rudolphine,_general,1,0,1,1.00,nej
engelsk,_general,0,1,1,1.00,nej
jácome,_general,0,1,1,1.00,nej
jácome,portugisisk,0,1,1,1.00,nej
willibald,_general,1,0,1,1.00,nej
willibald,tysk,1,0,1,1.00,nej
virginie,fransk,1,0,1,1.00,nej
frieda,_general,1,0,1,1.00,nej
joachime,_general,1,0,1,1.00,nej
emilie,tysk,1,0,1,1.00,nej
charles,østrigsk,0,1,1,1.00,nej
bettina,_general,1,0,1,1.00,nej
bettina,tysk,1,0,1,1.00,nej
elisabetha,_general,1,0,1,1.00,nej
regina,_general,1,0,1,1.00,nej
xaver,_general,0,1,1,1.00,nej
samuel,engelsk,0,1,1,1.00,nej
lauia,_general,1,0,1,1.00,nej
joakim,_general,0,1,1,1.00,nej
ingolf,_general,0,1,1,1.00,nej
wilhehnine,_general,1,0,1,1.00,nej
ottomine,_general,1,0,1,1.00,nej
leandro,_general,0,1,1,1.00,nej
wolf,_general,0,1,1,1.00,nej
wolf,tysk,0,1,1,1.00,nej
adalbert,_general,0,1,1,1.00,nej
marie-anne-sophie,_general,1,0,1,1.00,nej
napoléon,belgisk,0,1,1,1.00,nej
ernst,preussisk,0,1,1,1.00,nej
flavie,_general,1,0,1,1.00,nej
isidore,_general,1,0,1,1.00,nej
claudia,_general,1,0,1,1.00,nej
corfitz,svensk,0,1,1,1.00,nej
lage,_general,0,1,1,1.00,nej
isabelle,_general,1,0,1,1.00,nej
léopold,_general,0,1,1,1.00,nej
francesco,italiensk,0,1,1,1.00,nej
tora,_general,1,0,1,1.00,nej
gustav,oldenburgsk,0,1,1,1.00,nej
joachim,dansk,0,1,1,1.00,nej
varinka,_general,1,0,1,1.00,nej
bernhard,svensk,0,1,1,1.00,nej
woldemar,_general,0,1,1,1.00,nej
cécile,_general,1,0,1,1.00,nej
siile,_general,1,0,1,1.00,nej
ture,_general,0,1,1,1.00,nej
st,_general,0,1,1,1.00,nej
marthe,_general,1,0,1,1.00,nej
meyer,_general,0,1,1,1.00,nej
otto,tysk,0,1,1,1.00,nej
theodor,preussisk,0,1,1,1.00,nej
bjørn,_general,0,1,1,1.00,nej
bjørnstjeme,_general,0,1,1,1.00,nej
oscar,svensk,0,1,1,1.00,nej
marguerite,_general,1,0,1,1.00,nej
marguerite,engelsk,1,0,1,1.00,nej
gustafva,_general,1,0,1,1.00,nej
peter,tysk,0,1,1,1.00,nej
barbara,_general,1,0,1,1.00,nej
otto,dansk,0,1,1,1.00,nej
sofi,_general,1,0,1,1.00,nej
sofi,svensk,1,0,1,1.00,nej
lilla,_general,1,0,1,1.00,nej
henri,østrigsk,0,1,1,1.00,nej
jérome,_general,0,1,1,1.00,nej
cathérine,_general,1,0,1,1.00,nej
ester,_general,1,0,1,1.00,nej
isidor,_general,0,1,1,1.00,nej
catherine-gwendolin,_general,1,0,1,1.00,nej
marco,_general,0,1,1,1.00,nej
marco,romersk,0,1,1,1.00,nej
luise,tysk,1,0,1,1.00,nej
anna,hollandsk,1,0,1,1.00,nej
adelberth,_general,0,1,1,1.00,nej
mathias,_general,0,1,1,1.00,nej
machtelina,_general,1,0,1,1.00,nej
aurore,_general,1,0,1,1.00,nej
engel,_general,1,0,1,1.00,nej
dietrich,_general,0,1,1,1.00,nej
marie,preussisk,0,1,1,1.00,nej
ulrikke,_general,1,0,1,1.00,nej
emma,schweizisk,1,0,1,1.00,nej
astley,_general,0,1,1,1.00,nej
gertrud,_general,1,0,1,1.00,nej
arnoud,_general,0,1,1,1.00,nej
andrienne-antoinette,_general,1,0,1,1.00,nej
etienne-emile,_general,0,1,1,1.00,nej
jeanne,_general,1,0,1,1.00,nej
suzanne-mathilde,_general,1,0,1,1.00,nej
rigborg,_general,1,0,1,1.00,nej
adolf,preussisk,0,1,1,1.00,nej
hansigne,_general,1,0,1,1.00,nej
elin,_general,1,0,1,1.00,nej
elen,_general,1,0,1,1.00,nej
ella,_general,1,0,1,1.00,nej
friderica,_general,1,0,1,1.00,nej
friederike,dansk,1,0,1,1.00,nej
nordal,_general,0,1,1,1.00,nej
emst,tysk,0,1,1,1.00,nej
bertel,_general,0,1,1,1.00,nej
gamillo,_general,0,1,1,1.00,nej
reinholdine,_general,1,0,1,1.00,nej
anne,engelsk,1,0,1,1.00,nej
adolph,kurlandsk,0,1,1,1.00,nej
disa,_general,1,0,1,1.00,nej
lisa,_general,1,0,1,1.00,nej
adolphus,_general,0,1,1,1.00,nej
karl,preussisk,0,1,1,1.00,nej
annibale,_general,0,1,1,1.00,nej
thomas,_general,0,1,1,1.00,nej
thomas,engelsk,0,1,1,1.00,nej
holtine,_general,1,0,1,1.00,nej
melchior,_general,0,1,1,1.00,nej
sophy,_general,1,0,1,1.00,nej
camillo,italiensk,0,1,1,1.00,nej
adolphe,_general,0,1,1,1.00,nej
adelbert,_general,0,1,1,1.00,nej
francis,engelsk,0,1,1,1.00,nej
wenzeline,_general,1,0,1,1.00,nej
tusky,_general,1,0,1,1.00,nej
ernesta,_general,1,0,1,1.00,nej
rachel,_general,1,0,1,1.00,nej
eilerstine,_general,1,0,1,1.00,nej
haralda,_general,1,0,1,1.00,nej
camilla,norsk,1,0,1,1.00,nej
kaj,_general,0,1,1,1.00,nej
wilkie,_general,0,1,1,1.00,nej
hieronymus,_general,0,1,1,1.00,nej
hieronymus,østrigsk,0,1,1,1.00,nej
gertruda,_general,1,0,1,1.00,nej
catherine,skotsk,1,0,1,1.00,nej
josé,spansk,0,1,1,1.00,nej
emma,norsk,1,0,1,1.00,nej
siegwald,_general,0,1,1,1.00,nej
constanze,_general,1,0,1,1.00,nej
constanze,tysk,1,0,1,1.00,nej
federigo,_general,0,1,1,1.00,nej
lucia,_general,1,0,1,1.00,nej
petter,_general,0,1,1,1.00,nej
berengaria,_general,1,0,1,1.00,nej
filippa,_general,1,0,1,1.00,nej
margrete,_general,1,0,1,1.00,nej
eugenie,_general,1,0,1,1.00,nej
benny,_general,0,1,1,1.00,nej
debora,_general,1,0,1,1.00,nej
cambria,_general,1,0,1,1.00,nej
hibernia,_general,1,0,1,1.00,nej
magnus,svensk,0,1,1,1.00,nej
ivan,_general,0,1,1,1.00,nej
ivan,russisk,0,1,1,1.00,nej
mathilde,norsk,1,0,1,1.00,nej
gabriele,_general,1,0,1,1.00,nej
jenny,tysk,1,0,1,1.00,nej
constant,_general,0,1,1,1.00,nej
ulysses,_general,0,1,1,1.00,nej
ulysses,dansk,0,1,1,1.00,nej
joost,_general,0,1,1,1.00,nej
alix,_general,1,0,1,1.00,nej
gerd,_general,1,0,1,1.00,nej
alette,_general,1,0,1,1.00,nej
birthe,_general,1,0,1,1.00,nej
giode,_general,0,1,1,1.00,nej
franziska,_general,1,0,1,1.00,nej
arminia,_general,1,0,1,1.00,nej
julius,oldenburgsk,0,1,1,1.00,nej
lamoral,_general,0,1,1,1.00,nej
frans,_general,0,1,1,1.00,nej
joseph,tysk,0,1,1,1.00,nej
christa,_general,1,0,1,1.00,nej
abelone,_general,1,0,1,1.00,nej
kate,_general,1,0,1,1.00,nej
marianne,tysk,1,0,1,1.00,nej
arentine,_general,1,0,1,1.00,nej
h.f,_general,0,1,1,1.00,nej
wilhelmina,_general,1,0,1,1.00,nej
vigant,_general,0,1,1,1.00,nej
jørgine,_general,1,0,1,1.00,nej
alessandro,_general,0,1,1,1.00,nej
alessandro,italiensk,0,1,1,1.00,nej
ilia,_general,1,0,1,1.00,nej
gianluigi,_general,0,1,1,1.00,nej
gianluigi,genovesisk,0,1,1,1.00,nej
oligra,_general,1,0,1,1.00,nej
emilie,svensk,1,0,1,1.00,nej
abigael,_general,1,0,1,1.00,nej
friedrich,tysk,0,1,1,1.00,nej
gil,_general,0,1,1,1.00,nej
gil,portugisisk,0,1,1,1.00,nej
mariana,_general,1,0,1,1.00,nej
esther,_general,1,0,1,1.00,nej
an,_general,1,0,1,1.00,nej
marie-amélie,_general,1,0,1,1.00,nej
livia,_general,1,0,1,1.00,nej
livia,tysk,1,0,1,1.00,nej
jessie,amerikansk,1,0,1,1.00,nej
krag-juel-vind-,_general,0,1,1,1.00,nej
mogens,_general,0,1,1,1.00,nej
edina,_general,1,0,1,1.00,nej
lorenz,_general,0,1,1,1.00,nej
elieser,_general,0,1,1,1.00,nej
ferdinand,preussisk,0,1,1,1.00,nej
russisk,_general,0,1,1,1.00,nej
vasiliu,_general,0,1,1,1.00,nej
vasiliu,russisk,0,1,1,1.00,nej
margaret,engelsk,1,0,1,1.00,nej
françois,fransk,0,1,1,1.00,nej
jakob,østrigsk,0,1,1,1.00,nej
delphine,_general,1,0,1,1.00,nej
delphine,fransk,1,0,1,1.00,nej
adele,tysk,1,0,1,1.00,nej
slesvig-holsten-sønderborg-g,_general,1,0,1,1.00,nej
lea,_general,1,0,1,1.00,nej
ragnhild,_general,1,0,1,1.00,nej
harriette,_general,1,0,1,1.00,nej
povline,_general,1,0,1,1.00,nej
carlo,italiensk,0,1,1,1.00,nej
virgiline,_general,1,0,1,1.00,nej
wilhelm,tysk,0,1,1,1.00,nej
amalie,tysk,1,0,1,1.00,nej
melanie,_general,1,0,1,1.00,nej
betsy,_general,1,0,1,1.00,nej
pauline,fransk,1,0,1,1.00,nej
edla,_general,1,0,1,1.00,nej
laura,norsk,1,0,1,1.00,nej
kristina,_general,1,0,1,1.00,nej
friederike,tysk,1,0,1,1.00,nej
walther,_general,0,1,1,1.00,nej
adolph,dansk,0,1,1,1.00,nej
arnette,_general,1,0,1,1.00,nej
christopher,_general,0,1,1,1.00,nej
hother,_general,0,1,1,1.00,nej
serine,_general,1,0,1,1.00,nej
karl,tysk,0,1,1,1.00,nej
malkolm,_general,0,1,1,1.00,nej
angul,_general,0,1,1,1.00,nej
asger,_general,0,1,1,1.00,nej
madseline,_general,1,0,1,1.00,nej
erwin,_general,0,1,1,1.00,nej
erhard,_general,0,1,1,1.00,nej
erhardine,_general,1,0,1,1.00,nej
tecla,_general,1,0,1,1.00,nej
theophilus,_general,0,1,1,1.00,nej
ferdinand,tysk,0,1,1,1.00,nej
helene,tysk,1,0,1,1.00,nej
mathea,_general,1,0,1,1.00,nej
maximilian,preussisk,0,1,1,1.00,nej
melusine,_general,1,0,1,1.00,nej
prosper,_general,0,1,1,1.00,nej
henrich,_general,0,1,1,1.00,nej
gai,_general,0,1,1,1.00,nej
wally,_general,1,0,1,1.00,nej
sabine,_general,1,0,1,1.00,nej
sabine,tysk,1,0,1,1.00,nej
jan,_general,0,1,1,1.00,nej
erikke,_general,1,0,1,1.00,nej
fernanda,_general,1,0,1,1.00,nej
jeanna,_general,1,0,1,1.00,nej
ruben,_general,0,1,1,1.00,nej
sylvester,_general,0,1,1,1.00,nej
claudius,_general,0,1,1,1.00,nej
wilhelm,dansk,0,1,1,1.00,nej
estella,_general,1,0,1,1.00,nej
estella,hollandsk,1,0,1,1.00,nej
johann,tysk,0,1,1,1.00,nej
flemmine,_general,1,0,1,1.00,nej
bartholomine,_general,1,0,1,1.00,nej
klemens,bayersk,0,1,1,1.00,nej
fritze,_general,1,0,1,1.00,nej
halfdan,_general,0,1,1,1.00,nej
hjalmar,_general,0,1,1,1.00,nej
gerhard,_general,0,1,1,1.00,nej
alida,_general,1,0,1,1.00,nej
favin,_general,0,1,1,1.00,nej
catharina,hollandsk,1,0,1,1.00,nej
j.w,_general,0,1,1,1.00,nej
konstantin,_general,0,1,1,1.00,nej
claes,svensk,0,1,1,1.00,nej
wilken,_general,0,1,1,1.00,nej
recha,_general,1,0,1,1.00,nej
mile,_general,1,0,1,1.00,nej
julie-marianne,_general,1,0,1,1.00,nej
mary,engelsk,1,0,1,1.00,nej
ernest,_general,0,1,1,1.00,nej
garlotta,_general,1,0,1,1.00,nej
ebba,svensk,1,0,1,1.00,nej
alphonse,_general,0,1,1,1.00,nej
kasimir,_general,0,1,1,1.00,nej
kasimir,dansk,0,1,1,1.00,nej
lätitia,_general,1,0,1,1.00,nej
christierne,_general,1,0,1,1.00,nej
edele,_general,1,0,1,1.00,nej
vittorio,_general,0,1,1,1.00,nej
selma,_general,1,0,1,1.00,nej
rasmine,_general,1,0,1,1.00,nej
mikols,_general,0,1,1,1.00,nej
mikols,ungarsk,0,1,1,1.00,nej
andoche,_general,0,1,1,1.00,nej
andoche,fransk,0,1,1,1.00,nej
anastasie,_general,1,0,1,1.00,nej
jürgen,_general,0,1,1,1.00,nej
ejnar,_general,0,1,1,1.00,nej
stanislaus,_general,0,1,1,1.00,nej
stanislaus,tysk,0,1,1,1.00,nej
josefa,_general,1,0,1,1.00,nej
zelma,_general,1,0,1,1.00,nej
zelma,svensk,1,0,1,1.00,nej
ferdinand,østrigsk,0,1,1,1.00,nej
maria,hollandsk,1,0,1,1.00,nej
friedr,_general,0,1,1,1.00,nej
friedr,preussisk,0,1,1,1.00,nej
v,_general,1,0,1,1.00,nej
thomine,_general,1,0,1,1.00,nej
adamine,_general,1,0,1,1.00,nej
sophia,østrigsk,1,0,1,1.00,nej
fro,_general,1,0,1,1.00,nej
pietro,_general,0,1,1,1.00,nej
tysk,_general,1,0,1,1.00,nej
nicolette,_general,1,0,1,1.00,nej
ignaz,_general,0,1,1,1.00,nej
elias,svensk,0,1,1,1.00,nej
heinrich,tysk,0,1,1,1.00,nej
juliana,_general,1,0,1,1.00,nej
kristian,_general,0,1,1,1.00,nej
laurentze,_general,1,0,1,1.00,nej
salomon,_general,0,1,1,1.00,nej
polydor,_general,0,1,1,1.00,nej
polydor,fransk,0,1,1,1.00,nej
rosemonde,_general,1,0,1,1.00,nej
orla,_general,0,1,1,1.00,nej
rudolf,tysk,0,1,1,1.00,nej
knut,svensk,0,1,1,1.00,nej
märta,_general,1,0,1,1.00,nej
christiaan,_general,0,1,1,1.00,nej
maurits,_general,0,1,1,1.00,nej
alfons,_general,0,1,1,1.00,nej
karl,bayersk,0,1,1,1.00,nej
henny,_general,1,0,1,1.00,nej
arnoldine,_general,1,0,1,1.00,nej
eugène,_general,0,1,1,1.00,nej
alexander,svensk,0,1,1,1.00,nej
werner,_general,0,1,1,1.00,nej
clementina,_general,1,0,1,1.00,nej
sten,svensk,0,1,1,1.00,nej
anastasie-sophie-rosalie,_general,1,0,1,1.00,nej
felix,tysk,0,1,1,1.00,nej
justus,_general,0,1,1,1.00,nej
justus,tysk,0,1,1,1.00,nej
agnethe,_general,1,0,1,1.00,nej
ottilde,_general,1,0,1,1.00,nej
rodrigo,_general,0,1,1,1.00,nej
petrea,_general,1,0,1,1.00,nej
natalie,_general,1,0,1,1.00,nej
leopold,preussisk,0,1,1,1.00,nej
axelline,_general,1,0,1,1.00,nej
margaretha,_general,1,0,1,1.00,nej
therése,_general,1,0,1,1.00,nej
vahlia,_general,1,0,1,1.00,nej
gottfried,tysk,0,1,1,1.00,nej
damaris,_general,1,0,1,1.00,nej
nikolaos,_general,0,1,1,1.00,nej
andré,_general,0,1,1,1.00,nej
idalia,_general,1,0,1,1.00,nej
gerhardine,_general,1,0,1,1.00,nej
rudolph,østrigsk,0,1,1,1.00,nej
ulla,_general,1,0,1,1.00,nej
emy,_general,1,0,1,1.00,nej
gharlotta,_general,1,0,1,1.00,nej
leopoldine,_general,1,0,1,1.00,nej
georg,dansk,0,1,1,1.00,nej
donald,_general,0,1,1,1.00,nej
anny,_general,1,0,1,1.00,nej
maria,fransk,1,0,1,1.00,nej
apollonius,_general,0,1,1,1.00,nej
apollonius,tysk,0,1,1,1.00,nej
glotilde,_general,1,0,1,1.00,nej
gotthilf,_general,0,1,1,1.00,nej
gotthilf,tysk,0,1,1,1.00,nej
lisette,_general,1,0,1,1.00,nej
edwin,preussisk,0,1,1,1.00,nej
galathea,_general,1,0,1,1.00,nej
harry,_general,0,1,1,1.00,nej
selskabsdame,_general,1,0,1,1.00,nej
susette,_general,1,0,1,1.00,nej
broderdatter,_general,1,0,1,1.00,nej
abd-ur-rahman,_general,0,1,1,1.00,nej
sidi,_general,0,1,1,1.00,nej
julia,engelsk,1,0,1,1.00,nej
haagine,_general,1,0,1,1.00,nej
gottfred,_general,0,1,1,1.00,nej
sulgen,_general,0,1,1,1.00,nej
bentine,_general,1,0,1,1.00,nej
jess,_general,0,1,1,1.00,nej
israel,_general,0,1,1,1.00,nej
moses,_general,0,1,1,1.00,nej
nathan,_general,0,1,1,1.00,nej
clemens,preussisk,0,1,1,1.00,nej
klemens,østrigsk,0,1,1,1.00,nej
sybilla,_general,1,0,1,1.00,nej
teresa,_general,1,0,1,1.00,nej
richard,engelsk,0,1,1,1.00,nej
therese,tysk,1,0,1,1.00,nej
arthur,russisk,0,1,1,1.00,nej
asta,_general,1,0,1,1.00,nej
helmuth,tysk,0,1,1,1.00,nej
hemming,_general,0,1,1,1.00,nej
ludvig,dansk,0,1,1,1.00,nej
ovine,_general,1,0,1,1.00,nej
gebhard,_general,0,1,1,1.00,nej
wladimir,_general,0,1,1,1.00,nej
sydney,irsk,1,0,1,1.00,nej
erich,_general,0,1,1,1.00,nej
maria-anna,_general,1,0,1,1.00,nej
kirsten,_general,1,0,1,1.00,nej
edythe,_general,1,0,1,1.00,nej
elfriede,_general,1,0,1,1.00,nej
elfriede,tysk,1,0,1,1.00,nej
sigurd,_general,0,1,1,1.00,nej
eligius,_general,0,1,1,1.00,nej
eligius,østrigsk,0,1,1,1.00,nej
c.l.n,_general,0,1,1,1.00,nej
clare,_general,1,0,1,1.00,nej
balthasar,_general,0,1,1,1.00,nej
albert,svensk,0,1,1,1.00,nej
garl,_general,0,1,1,1.00,nej
giovanna,_general,1,0,1,1.00,nej
horatio,engelsk,0,1,1,1.00,nej
marie,czekisk,1,0,1,1.00,nej
wilhelmine,czekisk,1,0,1,1.00,nej
nicolai,russisk,0,1,1,1.00,nej
eusebia,_general,1,0,1,1.00,nej
rosa,tysk,1,0,1,1.00,nej
adriaan,_general,0,1,1,1.00,nej
ida,svensk,1,0,1,1.00,nej
henriette,svensk,1,0,1,1.00,nej
haakon,_general,0,1,1,1.00,nej
olav,_general,0,1,1,1.00,nej
caroline,engelsk,1,0,1,1.00,nej
jean-baptiste,_general,0,1,1,1.00,nej
jean-baptiste,belgisk,0,1,1,1.00,nej
ditlev,_general,0,1,1,1.00,nej
helene,dansk,1,0,1,1.00,nej
halvor,_general,0,1,1,1.00,nej
elimar,_general,0,1,1,1.00,nej
carlota,_general,1,0,1,1.00,nej
enrico,_general,0,1,1,1.00,nej
joaquim,_general,0,1,1,1.00,nej
eduard,preussisk,0,1,1,1.00,nej
maximiliane,_general,1,0,1,1.00,nej
edzard,_general,0,1,1,1.00,nej
ludwig,østrigsk,0,1,1,1.00,nej
wenzel,_general,0,1,1,1.00,nej
julius,tysk,0,1,1,1.00,nej
augustus,_general,0,1,1,1.00,nej
augustus,engelsk,0,1,1,1.00,nej
charite,_general,1,0,1,1.00,nej
oberst,_general,0,1,1,1.00,nej
amalia,italiensk,1,0,1,1.00,nej
carlotta,_general,1,0,1,1.00,nej
alberta,_general,1,0,1,1.00,nej
alberto,_general,0,1,1,1.00,nej
caroline,tysk,1,0,1,1.00,nej
robert,engelsk,0,1,1,1.00,nej
pierre,_general,0,1,1,1.00,nej
wilhelm,preussisk,0,1,1,1.00,nej
arnolda,_general,1,0,1,1.00,nej
olaus,_general,0,1,1,1.00,nej
ruprecht,_general,0,1,1,1.00,nej
nini,_general,1,0,1,1.00,nej
josefine,_general,1,0,1,1.00,nej
erik,svensk,0,1,1,1.00,nej
baltzar,_general,0,1,1,1.00,nej
baltzar,svensk,0,1,1,1.00,nej
filip,_general,0,1,1,1.00,nej
adolf,hannoveransk,0,1,1,1.00,nej
cail,_general,0,1,1,1.00,nej
cail,slesvigholstensk,0,1,1,1.00,nej
berta,_general,1,0,1,1.00,nej
franz,tysk,0,1,1,1.00,nej
diane,_general,1,0,1,1.00,nej
marie-sophie,_general,1,0,1,1.00,nej
marie-sophie,fransk,1,0,1,1.00,nej
jozef,_general,0,1,1,1.00,nej
jozef,polsk,0,1,1,1.00,nej
onse,_general,1,0,1,1.00,nej
affonso,_general,0,1,1,1.00,nej
miguel,_general,0,1,1,1.00,nej
sancho,_general,0,1,1,1.00,nej
aloyse,_general,1,0,1,1.00,nej
aloyse,tysk,1,0,1,1.00,nej
olaf,_general,0,1,1,1.00,nej
frédéric,_general,0,1,1,1.00,nej
jeannette,_general,1,0,1,1.00,nej
louise-emilie,_general,1,0,1,1.00,nej
therese,østrigsk,1,0,1,1.00,nej
amédée,_general,0,1,1,1.00,nej
amédée,belgisk,0,1,1,1.00,nej
ann,_general,1,0,1,1.00,nej
ann,engelsk,1,0,1,1.00,nej
nahyda,_general,1,0,1,1.00,nej
arthur,østrigsk,0,1,1,1.00,nej
detlef,_general,0,1,1,1.00,nej
sigfriede,_general,1,0,1,1.00,nej
odilon,_general,0,1,1,1.00,nej
oskar,_general,0,1,1,1.00,nej
oskar,tysk,0,1,1,1.00,nej
gatharine,_general,1,0,1,1.00,nej
diderik,_general,0,1,1,1.00,nej
constantia,_general,1,0,1,1.00,nej
–,_general,1,0,1,1.00,nej
frederik,dansk,0,1,1,1.00,nej
fanny,fransk,1,0,1,1.00,nej
emil,tysk,0,1,1,1.00,nej
marietta,_general,1,0,1,1.00,nej
anine,_general,1,0,1,1.00,nej
angel,_general,0,1,1,1.00,nej
angel,spansk,0,1,1,1.00,nej
patrick,_general,0,1,1,1.00,nej
patrick,skotsk,0,1,1,1.00,nej
cäcilie,_general,1,0,1,1.00,nej
conrado,_general,0,1,1,1.00,nej
godfred,_general,0,1,1,1.00,nej
carl,russisk,0,1,1,1.00,nej
adolf,svensk,0,1,1,1.00,nej
euphrosyne,_general,1,0,1,1.00,nej
gunde,_general,0,1,1,1.00,nej
herluf,_general,0,1,1,1.00,nej
polyxene,_general,1,0,1,1.00,nej
flora,_general,1,0,1,1.00,nej
flora,tysk,1,0,1,1.00,nej
emerentze,_general,1,0,1,1.00,nej
hulda,_general,1,0,1,1.00,nej
anselm,_general,0,1,1,1.00,nej
anthony,_general,0,1,1,1.00,nej
gutta,_general,1,0,1,1.00,nej
lionel,_general,0,1,1,1.00,nej
susannah,_general,1,0,1,1.00,nej
cornelius,_general,0,1,1,1.00,nej
elise,tysk,1,0,1,1.00,nej
immanuel,_general,0,1,1,1.00,nej
immanuela,_general,1,0,1,1.00,nej
clémentine,_general,1,0,1,1.00,nej
alexis,_general,0,1,1,1.00,nej
alexis,fransk,0,1,1,1.00,nej
dagfin,_general,0,1,1,1.00,nej
fredrik,_general,0,1,1,1.00,nej
georges,_general,1,0,1,1.00,nej
georges,fransk,1,0,1,1.00,nej
roda,_general,1,0,1,1.00,nej
kunigunde,_general,1,0,1,1.00,nej
eugen,østrigsk,0,1,1,1.00,nej
maurice,_general,0,1,1,1.00,nej
maurice,fransk,0,1,1,1.00,nej
nikolaus,_general,0,1,1,1.00,nej
pulcheria,_general,1,0,1,1.00,nej
elvilda,_general,1,0,1,1.00,nej
bathildis,_general,1,0,1,1.00,nej
thalia,_general,1,0,1,1.00,nej
wulff,_general,0,1,1,1.00,nej
wulff,dansk,0,1,1,1.00,nej
helena,_general,1,0,1,1.00,nej
ulrikka,_general,1,0,1,1.00,nej
alexander,hollandsk,0,1,1,1.00,nej
elvira,_general,1,0,1,1.00,nej
d,_general,0,1,1,1.00,nej
trinidad,_general,1,0,1,1.00,nej
titus,_general,0,1,1,1.00,nej
orpheline,_general,1,0,1,1.00,nej
theodora,_general,1,0,1,1.00,nej
clara,tysk,1,0,1,1.00,nej
felix,østrigsk,0,1,1,1.00,nej
walter,engelsk,0,1,1,1.00,nej
albin,_general,0,1,1,1.00,nej
albin,sachsisk,0,1,1,1.00,nej
louise,tysk,1,0,1,1.00,nej
charles,dansk,0,1,1,1.00,nej
domenico,_general,0,1,1,1.00,nej
domenico,italiensk,0,1,1,1.00,nej
gabriel,_general,0,1,1,1.00,nej
malla,_general,1,0,1,1.00,nej
emesta,_general,1,0,1,1.00,nej
georgia,_general,1,0,1,1.00,nej
lisine,_general,1,0,1,1.00,nej
claus,_general,0,1,1,1.00,nej
hedevig,_general,1,0,1,1.00,nej
polly,_general,1,0,1,1.00,nej
amadeo,_general,0,1,1,1.00,nej
fernando,_general,0,1,1,1.00,nej
bo,_general,0,1,1,1.00,nej
bo,svensk,0,1,1,1.00,nej
malwine,_general,1,0,1,1.00,nej
betty,tysk,1,0,1,1.00,nej
dorette,_general,1,0,1,1.00,nej
ricardo,_general,0,1,1,1.00,nej
germaine,_general,1,0,1,1.00,nej
germaine,fransk,1,0,1,1.00,nej
fanny,tysk,1,0,1,1.00,nej
kristine,_general,1,0,1,1.00,nej
rigmor,_general,1,0,1,1.00,nej
frederica,_general,1,0,1,1.00,nej
birger,_general,0,1,1,1.00,nej
svante,_general,0,1,1,1.00,nej
svante,svensk,0,1,1,1.00,nej
clementine,_general,1,0,1,1.00,nej
johanna,svensk,1,0,1,1.00,nej
louise,svensk,1,0,1,1.00,nej
eugene,_general,0,1,1,1.00,nej
eugene,fransk,0,1,1,1.00,nej
etienne,_general,0,1,1,1.00,nej
fr,tysk,0,1,1,1.00,nej
marie-louise,_general,1,0,1,1.00,nej
maud,_general,1,0,1,1.00,nej
waldo,_general,0,1,1,1.00,nej
olof,svensk,0,1,1,1.00,nej
egypte,_general,1,0,1,1.00,nej
bartholomäus,_general,0,1,1,1.00,nej
bartholomäus,østrigsk,0,1,1,1.00,nej
louis,fransk,0,1,1,1.00,nej
ottilia,_general,1,0,1,1.00,nej
cecilia,_general,1,0,1,1.00,nej
desideria,_general,1,0,1,1.00,nej
inge,_general,0,1,1,1.00,nej
ragvald,_general,0,1,1,1.00,nej
hendrich,_general,0,1,1,1.00,nej
dionys,_general,0,1,1,1.00,nej
emmerich,_general,0,1,1,1.00,nej
stephan,_general,0,1,1,1.00,nej
nicolaus,_general,0,1,1,1.00,nej
marius,_general,0,1,1,1.00,nej
eugenia,italiensk,1,0,1,1.00,nej
charles-angelique,_general,0,1,1,1.00,nej
charles-angelique,fransk,0,1,1,1.00,nej
charles,fransk,0,1,1,1.00,nej
per,_general,0,1,1,1.00,nej
nelly,_general,1,0,1,1.00,nej
ludwig,bayersk,0,1,1,1.00,nej
henricka,_general,1,0,1,1.00,nej
jemina,_general,1,0,1,1.00,nej
jemina,engelsk,1,0,1,1.00,nej
isidor-séverin-justin,_general,0,1,1,1.00,nej
juan,_general,0,1,1,1.00,nej
vicente,_general,0,1,1,1.00,nej
vicente,spansk,0,1,1,1.00,nej
mariette,_general,1,0,1,1.00,nej
conrad,dansk,0,1,1,1.00,nej
magdalene,dansk,1,0,1,1.00,nej
melita,_general,1,0,1,1.00,nej
asbjørn,_general,0,1,1,1.00,nej
erland,_general,0,1,1,1.00,nej
thyge,_general,0,1,1,1.00,nej
alexej,_general,0,1,1,1.00,nej
alexej,russisk,0,1,1,1.00,nej
marino,_general,0,1,1,1.00,nej
marino,italiensk,0,1,1,1.00,nej
olavia,_general,1,0,1,1.00,nej
marie-isaline,_general,1,0,1,1.00,nej
marie-isaline,schweizisk,1,0,1,1.00,nej
malvine,_general,1,0,1,1.00,nej
joh,_general,0,1,1,1.00,nej
mathiane,_general,1,0,1,1.00,nej
napoleon,_general,0,1,1,1.00,nej
anthonore,_general,1,0,1,1.00,nej
erikine,_general,1,0,1,1.00,nej
abd-ul-hamid,_general,0,1,1,1.00,nej
abd-ul-medshid,_general,0,1,1,1.00,nej
achmed,_general,0,1,1,1.00,nej
mahmud,_general,0,1,1,1.00,nej
muhammed,_general,0,1,1,1.00,nej
sulejman,_general,0,1,1,1.00,nej
athena,_general,1,0,1,1.00,nej
geisa,_general,0,1,1,1.00,nej
ladislaus,_general,0,1,1,1.00,nej
stefan,_general,0,1,1,1.00,nej
alexander,tysk,0,1,1,1.00,nej
ernst,russisk,0,1,1,1.00,nej
diego,_general,0,1,1,1.00,nej
diego,spansk,0,1,1,1.00,nej
carle,_general,0,1,1,1.00,nej
horace,_general,0,1,1,1.00,nej
catharina,tysk,1,0,1,1.00,nej
alfred,fransk,0,1,1,1.00,nej
lydia,_general,1,0,1,1.00,nej
lauri,_general,0,1,1,1.00,nej
anthonetta,_general,1,0,1,1.00,nej
riborg,_general,1,0,1,1.00,nej
leontine,_general,1,0,1,1.00,nej
broder,_general,1,0,1,1.00,nej
jeanette,_general,1,0,1,1.00,nej
emanuel,østrigsk,0,1,1,1.00,nej
theresia,_general,1,0,1,1.00,nej
albrecht,_general,0,1,1,1.00,nej
hanna,_general,1,0,1,1.00,nej
pinches,_general,0,1,1,1.00,nej
jacqueline,_general,1,0,1,1.00,nej
katharina,_general,1,0,1,1.00,nej
frants,_general,0,1,1,1.00,nej
nikoline,_general,1,0,1,1.00,nej
johanna,tysk,1,0,1,1.00,nej
arthur,engelsk,0,1,1,1.00,nej
anders,svensk,0,1,1,1.00,nej
blanka,_general,1,0,1,1.00,nej
warinka,_general,1,0,1,1.00,nej
antoinette!,_general,1,0,1,1.00,nej
jacques,_general,0,1,1,1.00,nej
mathilde,østrigsk,1,0,1,1.00,nej
(1816–1893),_general,0,1,1,1.00,nej
peter-robert,_general,0,1,1,1.00,nej
marie,østrigsk,1,0,1,1.00,nej
laurentius,_general,0,1,1,1.00,nej
thor,_general,0,1,1,1.00,nej
lucie,norsk,1,0,1,1.00,nej
hildegarde,_general,1,0,1,1.00,nej
fabian,_general,0,1,1,1.00,nej
fabian,svensk,0,1,1,1.00,nej
ludvig,svensk,0,1,1,1.00,nej
hofdame,_general,1,0,1,1.00,nej
alfonso,spansk,0,1,1,1.00,nej
berend,_general,0,1,1,1.00,nej
berend,russisk,0,1,1,1.00,nej
maria,tysk_romersk,1,0,1,1.00,nej
rainer,_general,0,1,1,1.00,nej
