entity_id,label,nationalitet,koen,confidence,konflikt,indikatorer,forklaring,menneskelig_vurdering,kommentar
Reg0119990,"– Se også: Danmark, Louise, Kronprinsesse af Sverrig, Magnus, Prins af – (1542–1595)",,Endnu ubestemt,0.657,4.28,Titel (label): Titel i label: Kronprinsesse | Titel (label): Titel i label: Prins | Slægtsrelation: Beskrivelsen indledes med »Søn af …« | Fornavn: »Louise« → kvindeligt i generel kontekst (nationalitet ukendt) (69/69 sikre poster),"4 indikator(er), men modstridende retninger (konfliktstyrke 4.3) — bevidst efterladt ubestemt frem for at skjule usikkerheden bag en score.",,
Reg0038680,"Bird, Edward Francis (1825–1893)",,Endnu ubestemt,0.593,2.2,Slægtsrelation: »Søster til …« — beskriver posten selv | Pronomen: Pronomen »hans« i beskrivelsen | Fornavn: »Edward« → mandligt i generel kontekst (nationalitet ukendt) (10/10 sikre poster),"3 indikator(er), men modstridende retninger (konfliktstyrke 2.2) — bevidst efterladt ubestemt frem for at skjule usikkerheden bag en score.",,
Reg0038540,Birch,,Endnu ubestemt,0.544,1.8,Titel: »Fru« brugt om posten selv (ikke foran et egennavn) | Pronomen: Pronomen »han« i beskrivelsen,"2 indikator(er), men modstridende retninger (konfliktstyrke 1.8) — bevidst efterladt ubestemt frem for at skjule usikkerheden bag en score.",,
Reg0110300,"Sandberg, Frk.",,Endnu ubestemt,0.69,1.8,Slægtsrelation: Beskrivelsen indledes med »Datter af …« | Pronomen: Pronomen »hans« i beskrivelsen | Fornavn: »Frk« → kvindeligt i generel kontekst (nationalitet ukendt) (11/11 sikre poster),"3 indikator(er), men modstridende retninger (konfliktstyrke 1.8) — bevidst efterladt ubestemt frem for at skjule usikkerheden bag en score.",,
Reg0111660,"Scheele, Frøken",,Kvindelig,0.704,1.8,Titel (label): Titel i label: Frøken | Slægtsrelation: »Søster til …« — beskriver posten selv | Pronomen: Pronomen »han« i beskrivelsen,"3 indikatorer peger overvejende på kvindelig, men der er også modevidens (konfliktstyrke 1.8).",,
Reg0034920,"Bartholdy, Jacobine (1843–1925)",,Endnu ubestemt,0.682,0,"Ægteskab: »gift med Viggo« — ægtefællens fornavn peger modsat (afledt, lav vægt)","1 indikator(er), men samlet for svagt grundlag (confidence 0.68 under tærsklen 0,70).",,
Reg0075080,"Jacobsen, Freya (1845–1927)",,Endnu ubestemt,0.682,0,"Ægteskab: »gift med Vilhelm« — ægtefællens fornavn peger modsat (afledt, lav vægt)","1 indikator(er), men samlet for svagt grundlag (confidence 0.68 under tærsklen 0,70).",,
Reg0131340,"Ziegler, Margarete (død 1531)",,Endnu ubestemt,0.682,0,"Ægteskab: »gift med Hans« — ægtefællens fornavn peger modsat (afledt, lav vægt)","1 indikator(er), men samlet for svagt grundlag (confidence 0.68 under tærsklen 0,70).",,
Reg0108140,"Rubinstein, Vera f. de Tjekunov",,Endnu ubestemt,0.678,0,"Ægteskab: »gift med Anton« — ægtefællens fornavn peger modsat (afledt, lav vægt)","1 indikator(er), men samlet for svagt grundlag (confidence 0.68 under tærsklen 0,70).",,
Reg0044520,"Burt, Ernestine, f. von Staffeldt (1797–1831)",,Endnu ubestemt,0.672,0,"Ægteskab: »gift med John« — ægtefællens fornavn peger modsat (afledt, lav vægt)","1 indikator(er), men samlet for svagt grundlag (confidence 0.67 under tærsklen 0,70).",,
Reg0066310,"Hansen, Gunild Margrete",,Endnu ubestemt,0.672,0,"Ægteskab: »gift med Jørgen« — ægtefællens fornavn peger modsat (afledt, lav vægt)","1 indikator(er), men samlet for svagt grundlag (confidence 0.67 under tærsklen 0,70).",,
Reg0036920,"Berg, Christiane (1851–1912)",,Kvindelig,0.885,0,"Fornavn: »Christiane« → kvindeligt i generel kontekst (nationalitet ukendt) (20/20 sikre poster) | Ægteskab: »gift med Georg« — ægtefællens fornavn peger modsat (afledt, lav vægt)",2 uafhængige indikatorer peger på kvindelig.,,
Reg0051510,"David, Caroline (1832–1878)",,Kvindelig,0.885,0,"Fornavn: »Caroline« → kvindeligt i generel kontekst (nationalitet ukendt) (77/77 sikre poster) | Ægteskab: »gift med Harald« — ægtefællens fornavn peger modsat (afledt, lav vægt)",2 uafhængige indikatorer peger på kvindelig.,,
Reg0061520,"Gerstenberg, Juliane (Lulu), (1842–1930)",,Kvindelig,0.885,0,"Fornavn: »Juliane« → kvindeligt i generel kontekst (nationalitet ukendt) (11/11 sikre poster) | Ægteskab: »gift med Frederik« — ægtefællens fornavn peger modsat (afledt, lav vægt)",2 uafhængige indikatorer peger på kvindelig.,,
Reg0065270,"Haller, Sophie von (1767–1797)",,Kvindelig,0.885,0,"Fornavn: »Sophie« → kvindeligt i generel kontekst (nationalitet ukendt) (77/77 sikre poster) | Ægteskab: »gift med Jens« — ægtefællens fornavn peger modsat (afledt, lav vægt)",2 uafhængige indikatorer peger på kvindelig.,,
Reg0069940,"Hertz, Louise Josephine, f. von Halle (1830–1912)",,Kvindelig,0.885,0,"Fornavn: »Louise« → kvindeligt i generel kontekst (nationalitet ukendt) (69/69 sikre poster) | Ægteskab: »gift med Henrik« — ægtefællens fornavn peger modsat (afledt, lav vægt)",2 uafhængige indikatorer peger på kvindelig.,,
Reg0074170,"Høegh-Guldberg, Anna Dorothea, f. von Munthe af Morgenstierne (1774–1766)",,Kvindelig,0.885,0,"Fornavn: »Anna« → kvindeligt i generel kontekst (nationalitet ukendt) (104/104 sikre poster) | Ægteskab: »gift med Christian« — ægtefællens fornavn peger modsat (afledt, lav vægt)",2 uafhængige indikatorer peger på kvindelig.,,
Reg0075350,"Jansen, Ida (Marie) (1847–1920)",,Kvindelig,0.885,0,"Fornavn: »Ida« → kvindeligt i generel kontekst (nationalitet ukendt) (43/43 sikre poster) | Ægteskab: »gift med Ernst« — ægtefællens fornavn peger modsat (afledt, lav vægt)",2 uafhængige indikatorer peger på kvindelig.,,
Reg0079730,"Koefoed, Caroline (1840–1883)",,Kvindelig,0.885,0,"Fornavn: »Caroline« → kvindeligt i generel kontekst (nationalitet ukendt) (77/77 sikre poster) | Ægteskab: »gift med Louis« — ægtefællens fornavn peger modsat (afledt, lav vægt)",2 uafhængige indikatorer peger på kvindelig.,,
Reg0081350,"Kutzner, Maria (Mimmy) (1851–1876)",,Kvindelig,0.885,0,"Fornavn: »Maria« → kvindeligt i generel kontekst (nationalitet ukendt) (58/58 sikre poster) | Ægteskab: »gift med Harald« — ægtefællens fornavn peger modsat (afledt, lav vægt)",2 uafhængige indikatorer peger på kvindelig.,,
Reg0082210,"Lange, Maria Eleonora (1851–1871)",,Kvindelig,0.885,0,"Fornavn: »Maria« → kvindeligt i generel kontekst (nationalitet ukendt) (58/58 sikre poster) | Ægteskab: »gift med William« — ægtefællens fornavn peger modsat (afledt, lav vægt)",2 uafhængige indikatorer peger på kvindelig.,,
Reg0086070,"Lowzow, Marie Charlotte Sophie von, f. von Blücher (1804–1894)",,Kvindelig,0.885,0,"Fornavn: »Marie« → kvindeligt i generel kontekst (nationalitet ukendt) (112/113 sikre poster) | Ægteskab: »gift med Frederik« — ægtefællens fornavn peger modsat (afledt, lav vægt)",2 uafhængige indikatorer peger på kvindelig.,,
Reg0087850,"Maag, Sophie (1846–1870)",,Kvindelig,0.885,0,"Fornavn: »Sophie« → kvindeligt i generel kontekst (nationalitet ukendt) (77/77 sikre poster) | Ægteskab: »gift med Otto« — ægtefællens fornavn peger modsat (afledt, lav vægt)",2 uafhængige indikatorer peger på kvindelig.,,
Reg0092190,"Mohrenheim, Louise von, f. von Korff (1835–?)",,Kvindelig,0.885,0,"Fornavn: »Louise« → kvindeligt i generel kontekst (nationalitet ukendt) (69/69 sikre poster) | Ægteskab: »gift med Arthur« — ægtefællens fornavn peger modsat (afledt, lav vægt)",2 uafhængige indikatorer peger på kvindelig.,,
Reg0095450,"Nathan, Frederikke (1815–1888)",,Kvindelig,0.885,0,"Fornavn: »Frederikke« → kvindeligt i generel kontekst (nationalitet ukendt) (32/32 sikre poster) | Ægteskab: »gift med Adolph« — ægtefællens fornavn peger modsat (afledt, lav vægt)",2 uafhængige indikatorer peger på kvindelig.,,
Reg0100350,"Petersen, Fanny (1845–1908)",,Kvindelig,0.885,0,"Fornavn: »Fanny« → kvindeligt i generel kontekst (nationalitet ukendt) (14/14 sikre poster) | Ægteskab: »gift med Johan« — ægtefællens fornavn peger modsat (afledt, lav vægt)",2 uafhængige indikatorer peger på kvindelig.,,
Reg0110040,"Salomonsen, Agnes (1851–1933)",,Kvindelig,0.885,0,"Fornavn: »Agnes« → kvindeligt i generel kontekst (nationalitet ukendt) (17/17 sikre poster) | Ægteskab: »gift med Ludvig« — ægtefællens fornavn peger modsat (afledt, lav vægt)",2 uafhængige indikatorer peger på kvindelig.,,
Reg0111450,"Schau, Frederikke (Friede), f. von Krogh (1834–1899)",,Kvindelig,0.885,0,"Fornavn: »Frederikke« → kvindeligt i generel kontekst (nationalitet ukendt) (32/32 sikre poster) | Ægteskab: »gift med Ernst« — ægtefællens fornavn peger modsat (afledt, lav vægt)",2 uafhængige indikatorer peger på kvindelig.,,
Reg0115370,"Sieverts, Augusta Mariane (1833–1908)",,Kvindelig,0.885,0,"Fornavn: »Augusta« → kvindeligt i generel kontekst (nationalitet ukendt) (39/39 sikre poster) | Ægteskab: »gift med Julius« — ægtefællens fornavn peger modsat (afledt, lav vægt)",2 uafhængige indikatorer peger på kvindelig.,,
Reg0119280,"Stæger, Mathilde (1833–1915)",,Kvindelig,0.885,0,"Fornavn: »Mathilde« → kvindeligt i generel kontekst (nationalitet ukendt) (24/24 sikre poster) | Ægteskab: »gift med Niels« — ægtefællens fornavn peger modsat (afledt, lav vægt)",2 uafhængige indikatorer peger på kvindelig.,,
Reg0120870,"Tann, Anna von der (1829–1905)",,Kvindelig,0.885,0,"Fornavn: »Anna« → kvindeligt i generel kontekst (nationalitet ukendt) (104/104 sikre poster) | Ægteskab: »gift med Ludwig« — ægtefællens fornavn peger modsat (afledt, lav vægt)",2 uafhængige indikatorer peger på kvindelig.,,
Reg0123970,"Tuxen, Elisabeth (1842–1894)",,Kvindelig,0.885,0,"Fornavn: »Elisabeth« → kvindeligt i generel kontekst (nationalitet ukendt) (45/45 sikre poster) | Ægteskab: »gift med Henrik« — ægtefællens fornavn peger modsat (afledt, lav vægt)",2 uafhængige indikatorer peger på kvindelig.,,
Reg0125810,"Vogel von Vogelstein, Emilie, f. von Puchpeckh (1830–1868)",,Kvindelig,0.885,0,"Fornavn: »Emilie« → kvindeligt i generel kontekst (nationalitet ukendt) (33/33 sikre poster) | Ægteskab: »gift med Johannes« — ægtefællens fornavn peger modsat (afledt, lav vægt)",2 uafhængige indikatorer peger på kvindelig.,,
Reg0129840,"With, Anna Camilla (1841–1911)",,Kvindelig,0.885,0,"Fornavn: »Anna« → kvindeligt i generel kontekst (nationalitet ukendt) (104/104 sikre poster) | Ægteskab: »gift med Frederik« — ægtefællens fornavn peger modsat (afledt, lav vægt)",2 uafhængige indikatorer peger på kvindelig.,,
Reg0037440,"Bernus du Fay, Marie, f. du Fay (1819–1887)",,Kvindelig,0.883,0,"Fornavn: »Marie« → kvindeligt i generel kontekst (nationalitet ukendt) (112/113 sikre poster) | Ægteskab: »gift med Franz« — ægtefællens fornavn peger modsat (afledt, lav vægt)",2 uafhængige indikatorer peger på kvindelig.,,
Reg0121200,"Tenge, Julie Louise Clara (1840–1876)",,Kvindelig,0.883,0,"Fornavn: »Julie« → kvindeligt i generel kontekst (nationalitet ukendt) (43/43 sikre poster) | Ægteskab: »gift med Gustav« — ægtefællens fornavn peger modsat (afledt, lav vægt)",2 uafhængige indikatorer peger på kvindelig.,,
Reg0030740,Agrippina d.Æ. (død 33),,Kvindelig,0.881,0,Slægtsrelation: »Moder til …« — beskriver posten selv,Én indikator peger på kvindelig.,,
Reg0031710,"Anaïs, Pauline-Anaïs Aubert, kaldet - (1802–1871)",fransk,Kvindelig,0.881,0,Morfologi (-inde): »Skuespillerinde« — kvindeligt markeret professionsform,Én indikator peger på kvindelig.,,
Reg0033050,"Artot, Désirée (1835–1907)",fransk,Kvindelig,0.881,0,Morfologi (-inde): »Operasangerinde« — kvindeligt markeret professionsform,Én indikator peger på kvindelig.,,
Reg0036500,"Bennati, Giulia",italiensk,Kvindelig,0.881,0,Morfologi (-inde): »Operasangerinde« — kvindeligt markeret professionsform,Én indikator peger på kvindelig.,,
Reg0037050,"Bergnehr, Leocadie (1826–1919)",,Kvindelig,0.881,0,Morfologi (-inde): »Operasangerinde« — kvindeligt markeret professionsform,Én indikator peger på kvindelig.,,
Reg0038710,Birgitta (ca. 1303–73),svensk,Kvindelig,0.881,0,Morfologi (-inde): »Helgeninde« — kvindeligt markeret professionsform,Én indikator peger på kvindelig.,,
Reg0040290,"Bonheur, Stella",,Kvindelig,0.881,0,Morfologi (-inde): »Operasangerinde« — kvindeligt markeret professionsform,Én indikator peger på kvindelig.,,
Reg0040710,"Borup, Hansigne (død 1866, 46 år gl.)",,Kvindelig,0.881,0,Morfologi (-inde): »Lærerinde« — kvindeligt markeret professionsform,Én indikator peger på kvindelig.,,
Reg0041400,"Brambilla, Marietta (1807–1875)",italiensk,Kvindelig,0.881,0,Morfologi (-inde): »Operasangerinde« — kvindeligt markeret professionsform,Én indikator peger på kvindelig.,,
Reg0041770,"Brandt, Rasmine Johanne",,Kvindelig,0.881,0,Morfologi (-inde): »Husbestyrerinde« — kvindeligt markeret professionsform,Én indikator peger på kvindelig.,,
Reg0042200,"Bremer, Fredrika (1801–1865)",svensk,Kvindelig,0.881,0,Morfologi (-inde): »Forfatterinde« — kvindeligt markeret professionsform,Én indikator peger på kvindelig.,,
Reg0043440,"Brunette, Mile",fransk,Kvindelig,0.881,0,Morfologi (-inde): »Danserinde« — kvindeligt markeret professionsform,Én indikator peger på kvindelig.,,
Reg0045790,"Carlsen, Franziska (1817–1876)",,Kvindelig,0.881,0,Morfologi (-inde): »Forfatterinde« — kvindeligt markeret professionsform,Én indikator peger på kvindelig.,,
Reg0046750,Catharina af Siena (1347–1380),italiensk,Kvindelig,0.881,0,Morfologi (-inde): »Helgeninde« — kvindeligt markeret professionsform,Én indikator peger på kvindelig.,,
Reg0047440,"Christensen, Madam",,Kvindelig,0.881,0,Slægtsrelation: »Moder til …« — beskriver posten selv,Én indikator peger på kvindelig.,,
Reg0047880,Clara-Margueron,fransk,Kvindelig,0.881,0,Morfologi (-inde): »Operasangerinde« — kvindeligt markeret professionsform,Én indikator peger på kvindelig.,,
Reg0048860,"Colon, Marguerite, kaldet Jenny (1808–1842)",fransk,Kvindelig,0.881,0,Morfologi (-inde): »Skuespillerinde« — kvindeligt markeret professionsform,Én indikator peger på kvindelig.,,
Reg0051770,Deckner,,Mandlig,0.881,0,Slægtsrelation: »Fader til …« — beskriver posten selv,Én indikator peger på mandlig.,,
Reg0051780,"Deckner, Carlotta",ungarsk,Kvindelig,0.881,0,Morfologi (-inde): »Violinistinde« — kvindeligt markeret professionsform,Én indikator peger på kvindelig.,,
Reg0055370,"Eneqvist, Mathilda (1833–1898)",svensk,Kvindelig,0.881,0,Morfologi (-inde): »Koncertsangerinde« — kvindeligt markeret professionsform,Én indikator peger på kvindelig.,,
Reg0056170,Eyckholt,,Mandlig,0.881,0,Slægtsrelation: »Fader til …« — beskriver posten selv,Én indikator peger på mandlig.,,
Reg0056470,"Facius, Angelica (1806–1887)",,Kvindelig,0.881,0,Morfologi (-inde): »Billedhuggerinde« — kvindeligt markeret professionsform,Én indikator peger på kvindelig.,,
Reg0057670,Fischer,østrigsk,Kvindelig,0.881,0,Morfologi (-inde): »Skuespillerinde« — kvindeligt markeret professionsform,Én indikator peger på kvindelig.,,
Reg0058220,"Forconi, Felicita (1819–efter 1860)",italiensk,Kvindelig,0.881,0,Morfologi (-inde): »Operasangerinde« — kvindeligt markeret professionsform,Én indikator peger på kvindelig.,,
Reg0059730,"From-Møller, se: Møller, A. C. A. From. Frommann, Allwina (1800–1875)",,Kvindelig,0.881,0,Morfologi (-inde): »Blomstermalerinde« — kvindeligt markeret professionsform,Én indikator peger på kvindelig.,,
Reg0061060,"Gebhard, Alexandrine",tysk,Kvindelig,0.881,0,Morfologi (-inde): »Skuespillerinde« — kvindeligt markeret professionsform,Én indikator peger på kvindelig.,,
Reg0061320,"Geldhaar, Wilhelmina (Mina) (1837–1923)",svensk,Kvindelig,0.881,0,Morfologi (-inde): »Operasangerinde« — kvindeligt markeret professionsform,Én indikator peger på kvindelig.,,
Reg0061340,"Genast, Doris (1826–1912)",tysk,Kvindelig,0.881,0,Morfologi (-inde): »Skuespillerinde« — kvindeligt markeret professionsform,Én indikator peger på kvindelig.,,
Reg0062280,"Gned, Nina, f. von Kolla (1811–1874)",tysk,Kvindelig,0.881,0,Morfologi (-inde): »Operasangerinde« — kvindeligt markeret professionsform,Én indikator peger på kvindelig.,,
Reg0062310,"Goeje, Reinoudina (1833–1893)",hollandsk,Kvindelig,0.881,0,Morfologi (-inde): »Børnebogsforfatterinde« — kvindeligt markeret professionsform,Én indikator peger på kvindelig.,,
Reg0062800,"Grahn, Lucile (1819–1907)",,Kvindelig,0.881,0,Morfologi (-inde): »Balletdanserinde« — kvindeligt markeret professionsform,Én indikator peger på kvindelig.,,
Reg0063300,"Grisi, Carlotta (1819–1899)",italiensk,Kvindelig,0.881,0,Morfologi (-inde): »Balletdanserinde« — kvindeligt markeret professionsform,Én indikator peger på kvindelig.,,
Reg0063310,"Grisi, Giulia (1811–1869)",italiensk,Kvindelig,0.881,0,Morfologi (-inde): »Operasangerinde« — kvindeligt markeret professionsform,Én indikator peger på kvindelig.,,
Reg0064210,"Gwynn, Nell (1650–1687)",engelsk,Kvindelig,0.881,0,Morfologi (-inde): »Skuespillerinde« — kvindeligt markeret professionsform,Én indikator peger på kvindelig.,,
Reg0065660,"Hanck, Madam",,Kvindelig,0.881,0,Morfologi (-inde): »Koristinde« — kvindeligt markeret professionsform,Én indikator peger på kvindelig.,,
Reg0068620,"Heinefetter, Catinka (1821–1858)",tysk,Kvindelig,0.881,0,Morfologi (-inde): »Operasangerinde« — kvindeligt markeret professionsform,Én indikator peger på kvindelig.,,
Reg0073500,"Huguenin, Elvina (1829–1918)",,Kvindelig,0.881,0,Morfologi (-inde): »Lærerinde« — kvindeligt markeret professionsform,Én indikator peger på kvindelig.,,
Reg0073960,"Hübner, Jfr.",,Kvindelig,0.881,0,Morfologi (-inde): »Skuespillerinde« — kvindeligt markeret professionsform,Én indikator peger på kvindelig.,,
Reg0074290,"Hofer, Lina (1829–1874)",tysk,Kvindelig,0.881,0,Morfologi (-inde): »Skuespillerinde« — kvindeligt markeret professionsform,Én indikator peger på kvindelig.,,
Reg0075280,"Janauschek, Franziska (Fanny) (1829–1904)",tysk,Kvindelig,0.881,0,Morfologi (-inde): »Skuespillerinde« — kvindeligt markeret professionsform,Én indikator peger på kvindelig.,,
Reg0075390,Jaque,,Kvindelig,0.881,0,Morfologi (-inde): »Sangerinde« — kvindeligt markeret professionsform,Én indikator peger på kvindelig.,,
Reg0076680,"Julienne, Mile (1793–?)",fransk,Kvindelig,0.881,0,Morfologi (-inde): »Skuespillerinde« — kvindeligt markeret professionsform,Én indikator peger på kvindelig.,,
Reg0076700,"Junck, Karoline (død ca. 1891)",,Kvindelig,0.881,0,"Fornavn: »Karoline« → kvindeligt i generel kontekst (nationalitet ukendt) (8/8 sikre poster) | Ægteskab: »gift med Karl« — ægtefællens fornavn peger modsat (afledt, lav vægt)",2 uafhængige indikatorer peger på kvindelig.,,
Reg0077770,Katharina (ca. 1331–81),svensk,Kvindelig,0.881,0,Morfologi (-inde): »Helgeninde« — kvindeligt markeret professionsform,Én indikator peger på kvindelig.,,
Reg0077790,"Kauffmann, Angelica (1741–1807)",schweizisk,Kvindelig,0.881,0,Morfologi (-inde): »Malerinde« — kvindeligt markeret professionsform,Én indikator peger på kvindelig.,,
Reg0077900,"Kavanagh, Julia (1824–1877)",engelsk,Kvindelig,0.881,0,Morfologi (-inde): »Forfatterinde« — kvindeligt markeret professionsform,Én indikator peger på kvindelig.,,
Reg0078940,"Kloetz, Franziska von",,Kvindelig,0.881,0,Morfologi (-inde): »Oversætterinde« — kvindeligt markeret professionsform,Én indikator peger på kvindelig.,,
Reg0080050,Korinna (omkr. 500 f. Chr.),græsk,Kvindelig,0.881,0,Morfologi (-inde): »Digterinde« — kvindeligt markeret professionsform,Én indikator peger på kvindelig.,,
Reg0080480,"Krefling, Madam",,Kvindelig,0.881,0,Slægtsrelation: »Moder til …« — beskriver posten selv,Én indikator peger på kvindelig.,,
Reg0081890,"La Grange, Anne Caroline de (1825–1905)",fransk,Kvindelig,0.881,0,Morfologi (-inde): »Operasangerinde« — kvindeligt markeret professionsform,Én indikator peger på kvindelig.,,
Reg0082650,"Larsen, Oda (1851–1936)",,Kvindelig,0.881,0,Morfologi (-inde): »Skuespillerinde« — kvindeligt markeret professionsform,Én indikator peger på kvindelig.,,
Reg0083010,"Lavaggi(?), Carolina",italiensk,Kvindelig,0.881,0,Morfologi (-inde): »Danserinde« — kvindeligt markeret professionsform,Én indikator peger på kvindelig.,,
Reg0083030,"Lavoye, Anne-Benoite-Louise (1823–?)",fransk,Kvindelig,0.881,0,Morfologi (-inde): »Operasangerinde« — kvindeligt markeret professionsform,Én indikator peger på kvindelig.,,
Reg0084110,"Levetzow, Cornelia (1836–1921)",,Kvindelig,0.881,0,Morfologi (-inde): »Forfatterinde« — kvindeligt markeret professionsform,Én indikator peger på kvindelig.,,
Reg0084420,Lewin,svensk,Kvindelig,0.881,0,Morfologi (-inde): »Sangerinde« — kvindeligt markeret professionsform,Én indikator peger på kvindelig.,,
Reg0085220,"Lindpaintner, Mad.",,Kvindelig,0.881,0,Slægtsrelation: »Moder til …« — beskriver posten selv,Én indikator peger på kvindelig.,,
Reg0085460,Livia Drusilla (ca. 55 f. Chr.-29 e. Chr.),romersk,Kvindelig,0.881,0,Morfologi (-inde): »Kejserinde« — kvindeligt markeret professionsform,Én indikator peger på kvindelig.,,
Reg0086130,"Luck, Cäcilie von, f. de Saint-Luce (1798–1857)",tysk,Kvindelig,0.881,0,Morfologi (-inde): »Generalinde« — kvindeligt markeret professionsform,Én indikator peger på kvindelig.,,
Reg0087870,"Månsdotter, Cecilia",,Kvindelig,0.881,0,Slægtsrelation: »Moder til …« — beskriver posten selv,Én indikator peger på kvindelig.,,
Reg0089380,"Mars, Anne Françoise Hippolyte Salvetat, kaldet M. (1779–1847)",fransk,Kvindelig,0.881,0,Morfologi (-inde): »Skuespillerinde« — kvindeligt markeret professionsform,Én indikator peger på kvindelig.,,
Reg0090360,Melani,,Kvindelig,0.881,0,Morfologi (-inde): »Operasangerinde« — kvindeligt markeret professionsform,Én indikator peger på kvindelig.,,
Reg0090880,"Mélingues, Rosalie-Théodorine (1813–1886)",fransk,Kvindelig,0.881,0,Morfologi (-inde): »Skuespillerinde« — kvindeligt markeret professionsform,Én indikator peger på kvindelig.,,
Reg0092160,"Moe, Olefine (1850–1933)",norsk,Kvindelig,0.881,0,Morfologi (-inde): »Operasangerinde« — kvindeligt markeret professionsform,Én indikator peger på kvindelig.,,
Reg0095150,"Møller, Rasmine C. (1827–1883)",,Kvindelig,0.881,0,Morfologi (-inde): »Landskabsmalerinde« — kvindeligt markeret professionsform,Én indikator peger på kvindelig.,,
Reg0096310,"Nielsen, Bentine (1834–1928)",,Kvindelig,0.881,0,Morfologi (-inde): »Skuespillerinde« — kvindeligt markeret professionsform,Én indikator peger på kvindelig.,,
Reg0096650,"Nilsson, Christina (1843–1921)",svensk,Kvindelig,0.881,0,Morfologi (-inde): »Operasangerinde« — kvindeligt markeret professionsform,Én indikator peger på kvindelig.,,
Reg0098910,"Palazzesi, Matelda (1811–1842)",italiensk,Kvindelig,0.881,0,Morfologi (-inde): »Operasangerinde« — kvindeligt markeret professionsform,Én indikator peger på kvindelig.,,
Reg0099010,"Palm-Spatzer, Antonie (1823–?)",ungarsk,Kvindelig,0.881,0,Morfologi (-inde): »Operasangerinde« — kvindeligt markeret professionsform,Én indikator peger på kvindelig.,,
Reg0099150,"Pardoe, Julia (1806–1862)",engelsk,Kvindelig,0.881,0,Morfologi (-inde): »Forfatterinde« — kvindeligt markeret professionsform,Én indikator peger på kvindelig.,,
Reg0099250,"Pasta, Giuditta Negri (1798–1865)",italiensk,Kvindelig,0.881,0,Morfologi (-inde): »Operasangerinde« — kvindeligt markeret professionsform,Én indikator peger på kvindelig.,,
Reg0099260,"Patti, Adelina (1843–1919)",italiensk,Kvindelig,0.881,0,Morfologi (-inde): »Operasangerinde« — kvindeligt markeret professionsform,Én indikator peger på kvindelig.,,
Reg0099440,"Pay, Babette",,Kvindelig,0.881,0,Morfologi (-inde): »Malerinde« — kvindeligt markeret professionsform,Én indikator peger på kvindelig.,,
Reg0099880,Pepita de Olivá (1830–1868),,Kvindelig,0.881,0,Morfologi (-inde): »Danserinde« — kvindeligt markeret professionsform,Én indikator peger på kvindelig.,,
Reg0100840,"Pfeil, Doris (1844–1917)",,Kvindelig,0.881,0,Morfologi (-inde): »Operasangerinde« — kvindeligt markeret professionsform,Én indikator peger på kvindelig.,,
Reg0101090,"Piccolomini, Marietta (1834–1899)",italiensk,Kvindelig,0.881,0,Morfologi (-inde): »Operasangerinde« — kvindeligt markeret professionsform,Én indikator peger på kvindelig.,,
Reg0101300,Pischek,,Mandlig,0.881,0,Slægtsrelation: »Fader til …« — beskriver posten selv,Én indikator peger på mandlig.,,
Reg0101660,"Piessy, Jeanne (1819–1897)",fransk,Kvindelig,0.881,0,Morfologi (-inde): »Skuespillerinde« — kvindeligt markeret professionsform,Én indikator peger på kvindelig.,,
Reg0105720,"Ribbing, Sofia Amalia (1835–1894)",svensk,Kvindelig,0.881,0,Morfologi (-inde): »Malerinde« — kvindeligt markeret professionsform,Én indikator peger på kvindelig.,,
Reg0106100,"Rigby, Elizabeth (1809–1893)",engelsk,Kvindelig,0.881,0,Morfologi (-inde): »Forfatterinde« — kvindeligt markeret professionsform,Én indikator peger på kvindelig.,,
Reg0107610,"Rossi-Caccia, Juana (1818–1892)",italiensk,Kvindelig,0.881,0,Morfologi (-inde): »Operasangerinde« — kvindeligt markeret professionsform,Én indikator peger på kvindelig.,,
Reg0110460,Sappho (ca. 600 f.Chr.),græsk,Kvindelig,0.881,0,Morfologi (-inde): »Digterinde« — kvindeligt markeret professionsform,Én indikator peger på kvindelig.,,
Reg0112970,"Schneider, Hortense (1838–1920)",fransk,Kvindelig,0.881,0,Morfologi (-inde): »Operettesangerinde« — kvindeligt markeret professionsform,Én indikator peger på kvindelig.,,
Reg0113190,"Schopenhauer, Adele (1797–1849)",tysk,Kvindelig,0.881,0,Morfologi (-inde): »Forfatterinde« — kvindeligt markeret professionsform,Én indikator peger på kvindelig.,,
Reg0114200,"Schwartz, Athalia (1821–1871)",,Kvindelig,0.881,0,Morfologi (-inde): »Forfatterinde« — kvindeligt markeret professionsform,Én indikator peger på kvindelig.,,
Reg0114990,"Senger, Sidonie",tysk,Kvindelig,0.881,0,Morfologi (-inde): »Skuespillerinde« — kvindeligt markeret professionsform,Én indikator peger på kvindelig.,,
Reg0115030,"Serral, Dolorés",spansk,Kvindelig,0.881,0,Morfologi (-inde): »Danserinde« — kvindeligt markeret professionsform,Én indikator peger på kvindelig.,,
Reg0116530,"Soniéri, Rita",,Kvindelig,0.881,0,Morfologi (-inde): »Operasangerinde« — kvindeligt markeret professionsform,Én indikator peger på kvindelig.,,
Reg0117280,"Stålberg, Vilhelmina (1803–1872)",svensk,Kvindelig,0.881,0,Morfologi (-inde): »Forfatterinde« — kvindeligt markeret professionsform,Én indikator peger på kvindelig.,,
Reg0117780,"Stassof, Nadejda (1822–1895)",russisk,Kvindelig,0.881,0,Morfologi (-inde): »Oversætterinde« — kvindeligt markeret professionsform,Én indikator peger på kvindelig.,,
Reg0118640,"Stoltz, Rosine (1815–1903)",fransk,Kvindelig,0.881,0,Morfologi (-inde): »Operasangerinde« — kvindeligt markeret professionsform,Én indikator peger på kvindelig.,,
Reg0118920,"Strandberg, Aurora Vilhelmina, f. Österberg (1826–1850)",,Kvindelig,0.881,0,Morfologi (-inde): »Skuespillerinde« — kvindeligt markeret professionsform,Én indikator peger på kvindelig.,,
Reg0120320,"Szendrey, Julia (1828–1868)",ungarsk,Kvindelig,0.881,0,Morfologi (-inde): »Oversætterinde« — kvindeligt markeret professionsform,Én indikator peger på kvindelig.,,
Reg0120540,Sørensen,,Kvindelig,0.881,0,Morfologi (-inde): »Skuespillerinde« — kvindeligt markeret professionsform,Én indikator peger på kvindelig.,,
Reg0121090,"Taylor, Meta (1818–1885)",engelsk,Kvindelig,0.881,0,Morfologi (-inde): »Oversætterinde« — kvindeligt markeret professionsform,Én indikator peger på kvindelig.,,
Reg0121550,Theresia (Santa Teresa de Jesus) (1515–1582),spansk,Kvindelig,0.881,0,Morfologi (-inde): »Helgeninde« — kvindeligt markeret professionsform,Én indikator peger på kvindelig.,,
Reg0121800,"Thomsen, Flora (1832–1900)",,Kvindelig,0.881,0,Morfologi (-inde): »Skuespillerinde« — kvindeligt markeret professionsform,Én indikator peger på kvindelig.,,
Reg0121860,"Thomsen, Rosalinde (Magda von Dolcke) (1837–1926)",,Kvindelig,0.881,0,Morfologi (-inde): »Skuespillerinde« — kvindeligt markeret professionsform,Én indikator peger på kvindelig.,,
Reg0123380,"Trebelli, Zelia (1838–1892)",tysk,Kvindelig,0.881,0,Morfologi (-inde): »Operasangerinde« — kvindeligt markeret professionsform,Én indikator peger på kvindelig.,,
Reg0124270,"Ubrich, Asminda (1839–1890)",hannoveransk,Kvindelig,0.881,0,Morfologi (-inde): »Kammersangerinde« — kvindeligt markeret professionsform,Én indikator peger på kvindelig.,,
Reg0124460,Ulla Maria,,Kvindelig,0.881,0,Morfologi (-inde): »Forfatterinde« — kvindeligt markeret professionsform,Én indikator peger på kvindelig.,,
Reg0125540,"Vinchiatura, Marquesa da",,Kvindelig,0.881,0,Morfologi (-inde): »Englænderinde« — kvindeligt markeret professionsform,Én indikator peger på kvindelig.,,
Reg0125610,"Vinding, Ingeborg (1686–1734)",,Kvindelig,0.881,0,"Fornavn: »Ingeborg« → kvindeligt i generel kontekst (nationalitet ukendt) (18/18 sikre poster) | Ægteskab: »gift med Poul« — ægtefællens fornavn peger modsat (afledt, lav vægt)",2 uafhængige indikatorer peger på kvindelig.,,
Reg0126570,"Walker, Mad.",,Kvindelig,0.881,0,Morfologi (-inde): »Operasangerinde« — kvindeligt markeret professionsform,Én indikator peger på kvindelig.,,
Reg0127400,Wedege,,Kvindelig,0.881,0,Morfologi (-inde): »Mulatinde« — kvindeligt markeret professionsform,Én indikator peger på kvindelig.,,
Reg0127930,"Weis, G.",,Kvindelig,0.881,0,Morfologi (-inde): »Forstanderinde« — kvindeligt markeret professionsform,Én indikator peger på kvindelig.,,
Reg0130290,"Wood, Annie",engelsk,Kvindelig,0.881,0,Morfologi (-inde): »Forfatterinde« — kvindeligt markeret professionsform,Én indikator peger på kvindelig.,,
Reg0130960,"Zahle, Natalie (1827–1913)",,Kvindelig,0.881,0,Morfologi (-inde): »Skolebestyrerinde« — kvindeligt markeret professionsform,Én indikator peger på kvindelig.,,
Reg0059550,"Frijs, Henriette Krag-Juel-Vind-, Enkegrevinde, f. zu Inn- und Knyphausen (1791–1866)",,Kvindelig,0.878,0,"Fornavn: »Henriette« → kvindeligt i generel kontekst (nationalitet ukendt) (48/48 sikre poster) | Ægteskab: »gift med Chr« — ægtefællens fornavn peger modsat (afledt, lav vægt)",2 uafhængige indikatorer peger på kvindelig.,,
Reg0042590,"Brixen, Petra (1828–1907)",,Kvindelig,0.876,0,"Fornavn: »Petra« → kvindeligt i generel kontekst (nationalitet ukendt) (6/6 sikre poster) | Ægteskab: »gift med Christian« — ægtefællens fornavn peger modsat (afledt, lav vægt)",2 uafhængige indikatorer peger på kvindelig.,,
Reg0124200,"Töpfer, Friederike, f. von Häfften (1804–1872)",,Kvindelig,0.876,0,"Fornavn: »Friederike« → kvindeligt i generel kontekst (nationalitet ukendt) (6/6 sikre poster) | Ægteskab: »gift med Karl« — ægtefællens fornavn peger modsat (afledt, lav vægt)",2 uafhængige indikatorer peger på kvindelig.,,
Reg0046470,"Castenskiold, Annette Grevenkop-, f. von Lüttichau (1810–1872)",,Kvindelig,0.871,0,"Fornavn: »Annette« → kvindeligt i generel kontekst (nationalitet ukendt) (6/6 sikre poster) | Ægteskab: »gift med Jørgen« — ægtefællens fornavn peger modsat (afledt, lav vægt)",2 uafhængige indikatorer peger på kvindelig.,,
Reg0083290,"Lehmann, Nanna (1849–1935)",,Kvindelig,0.871,0,"Fornavn: »Nanna« → kvindeligt i generel kontekst (nationalitet ukendt) (6/6 sikre poster) | Ægteskab: »gift med Axel« — ægtefællens fornavn peger modsat (afledt, lav vægt)",2 uafhængige indikatorer peger på kvindelig.,,
Reg0067730,"– Se også: Heiberg, Ottilie Margrethe. Hauch, William (1829–1906)",,Mandlig,0.87,1.09,Slægtsrelation: Beskrivelsen indledes med »Søn af …« | Fornavn: »Ottilie« → kvindeligt i generel kontekst (nationalitet ukendt) (9/10 sikre poster),"2 indikatorer peger overvejende på mandlig, men der er også modevidens (konfliktstyrke 1.1).",,
Reg0076100,"Jeunesse, Madame",,Kvindelig,0.868,0.72,"Titel (label): Titel i label: Madame | Ægteskab: »gift med Auguste« — ægtefællens fornavn peger modsat (afledt, lav vægt)","2 indikatorer peger overvejende på kvindelig, men der er også modevidens (konfliktstyrke 0.7).",,
Reg0040670,Borring,,Mandlig,0.858,0,Pronomen: Pronomen »han« i beskrivelsen,Én indikator peger på mandlig.,,
Reg0043950,Brøndum,,Mandlig,0.858,0,Pronomen: Pronomen »hans« i beskrivelsen,Én indikator peger på mandlig.,,
Reg0075200,"Jacobsen, S. D. (1837–1894)",dansk,Mandlig,0.858,0,Pronomen: Pronomen »han« i beskrivelsen,Én indikator peger på mandlig.,,
Reg0078740,"Klein, dr., og Frue",,Mandlig,0.858,0,Pronomen: Pronomen »han« i beskrivelsen,Én indikator peger på mandlig.,,
Reg0082710,Lassen,,Mandlig,0.858,0,Pronomen: Pronomen »hans« i beskrivelsen,Én indikator peger på mandlig.,,
Reg0041920,"Brassier de Saint-Simon-Vallade, Marie Joseph Anton von, Greve (1798–1872)",preussisk,Mandlig,0.849,1.27,Titel (label): Titel i label: Greve | Fornavn: »Marie« → kvindeligt i generel kontekst (nationalitet ukendt) (112/113 sikre poster),"2 indikatorer peger overvejende på mandlig, men der er også modevidens (konfliktstyrke 1.3).",,
Reg0032990,"Arnoldson, Carl Oskar (1830–1881)",svensk,Mandlig,0.83,0,Fornavn: »Carl« → mandligt i svensk kontekst (6/6 sikre poster),Én indikator peger på mandlig.,,
Reg0036230,"Bellman, Carl Michael (1740–1795)",svensk,Mandlig,0.83,0,Fornavn: »Carl« → mandligt i svensk kontekst (6/6 sikre poster),Én indikator peger på mandlig.,,
Reg0042490,"Brinkmann, Carl Gustav von (1761–1847)",svensk,Mandlig,0.83,0,Fornavn: »Carl« → mandligt i svensk kontekst (6/6 sikre poster),Én indikator peger på mandlig.,,
Reg0043450,"Brunius, Carl Georg (1792–1869)",svensk,Mandlig,0.83,0,Fornavn: »Carl« → mandligt i svensk kontekst (6/6 sikre poster),Én indikator peger på mandlig.,,
Reg0054810,"Edström, Carl (1837–1893)",svensk,Mandlig,0.83,0,Fornavn: »Carl« → mandligt i svensk kontekst (6/6 sikre poster),Én indikator peger på mandlig.,,
Reg0085280,"Linné, Carl von (1707–1778)",svensk,Mandlig,0.83,0,Fornavn: »Carl« → mandligt i svensk kontekst (6/6 sikre poster),Én indikator peger på mandlig.,,
Reg0095270,"Mörck, Carl Magnus (1817–1864)",svensk,Mandlig,0.83,0,Fornavn: »Carl« → mandligt i svensk kontekst (6/6 sikre poster),Én indikator peger på mandlig.,,
Reg0105860,"Ridderstad, Carl Frederik (1807–1886)",svensk,Mandlig,0.83,0,Fornavn: »Carl« → mandligt i svensk kontekst (6/6 sikre poster),Én indikator peger på mandlig.,,
Reg0118930,"Strandberg, Carl Vilhelm August (1818–1877)",svensk,Mandlig,0.83,0,Fornavn: »Carl« → mandligt i svensk kontekst (6/6 sikre poster),Én indikator peger på mandlig.,,
Reg0034450,"Banks, George Linnæus (1821–1881)",engelsk,Mandlig,0.818,0,Fornavn: »George« → mandligt i engelsk kontekst (4/4 sikre poster),Én indikator peger på mandlig.,,
Reg0036540,"Bentley, Mrs. George.",,Kvindelig,0.818,1.09,Titel (label): Titel i label: Mrs | Fornavn: »George« → mandligt i generel kontekst (nationalitet ukendt) (9/10 sikre poster),"2 indikatorer peger overvejende på kvindelig, men der er også modevidens (konfliktstyrke 1.1).",,
Reg0062890,"Granville, George Leveson Gower, Jarl af – (1815–1891)",engelsk,Mandlig,0.818,0,Fornavn: »George« → mandligt i engelsk kontekst (4/4 sikre poster),Én indikator peger på mandlig.,,
Reg0118870,"Strachey, George",engelsk,Mandlig,0.818,0,Fornavn: »George« → mandligt i engelsk kontekst (4/4 sikre poster),Én indikator peger på mandlig.,,
Reg0126630,"Wallich, George Charles (1815–1899)",engelsk,Mandlig,0.818,0,Fornavn: »George« → mandligt i engelsk kontekst (4/4 sikre poster),Én indikator peger på mandlig.,,
Reg0040280,"Boner, Charles (1815–1870)",engelsk,Mandlig,0.808,0,Fornavn: »Charles« → mandligt i engelsk kontekst (3/3 sikre poster),Én indikator peger på mandlig.,,
Reg0043100,"Brooks, Charles William Shirley (1816–1874)",engelsk,Mandlig,0.808,0,Fornavn: »Charles« → mandligt i engelsk kontekst (3/3 sikre poster),Én indikator peger på mandlig.,,
Reg0048330,"Colchrane, Charles (død 1855, 48 år gl.)",engelsk,Mandlig,0.808,0,Fornavn: »Charles« → mandligt i engelsk kontekst (3/3 sikre poster),Én indikator peger på mandlig.,,
Reg0052440,"Dickens, Charles (1812–1870)",engelsk,Mandlig,0.808,0,Fornavn: »Charles« → mandligt i engelsk kontekst (3/3 sikre poster),Én indikator peger på mandlig.,,
Reg0077940,"Kean, Charles (1809/11–68)",engelsk,Mandlig,0.808,0,Fornavn: »Charles« → mandligt i engelsk kontekst (3/3 sikre poster),Én indikator peger på mandlig.,,
Reg0078070,"Kemble, Charles (1775–1854)",engelsk,Mandlig,0.808,0,Fornavn: »Charles« → mandligt i engelsk kontekst (3/3 sikre poster),Én indikator peger på mandlig.,,
Reg0086780,"Lyell, Charles, senere Sir Charles Lyell (1797–1875)",engelsk,Mandlig,0.808,0,Fornavn: »Charles« → mandligt i engelsk kontekst (3/3 sikre poster),Én indikator peger på mandlig.,,
Reg0089740,"Mathews, Charles (1776–1835)",engelsk,Mandlig,0.808,0,Fornavn: »Charles« → mandligt i engelsk kontekst (3/3 sikre poster),Én indikator peger på mandlig.,,
Reg0098930,"Palin, Gustaf (1765–1842)",svensk,Mandlig,0.808,0,Fornavn: »Gustaf« → mandligt i svensk kontekst (3/3 sikre poster),Én indikator peger på mandlig.,,
Reg0099000,"Palm, Gustaf Vilhelm (1810–1890)",svensk,Mandlig,0.808,0,Fornavn: »Gustaf« → mandligt i svensk kontekst (3/3 sikre poster),Én indikator peger på mandlig.,,
Reg0031690,"Ampère, Jean Jacques (1800–1864)",fransk,Mandlig,0.802,0,Fornavn: »Jean« → kurateret overstyring for fransk kontekst,Én indikator peger på mandlig.,,
Reg0056880,"Faure, Jean Baptiste (1830–1914)",fransk,Mandlig,0.802,0,Fornavn: »Jean« → kurateret overstyring for fransk kontekst,Én indikator peger på mandlig.,,
Reg0057970,"Florian, Jean Pierre Claris de (1755–1794)",fransk,Mandlig,0.802,0,Fornavn: »Jean« → kurateret overstyring for fransk kontekst,Én indikator peger på mandlig.,,
Reg0081820,"Lafontaine, Jean de (1621–1695)",fransk,Mandlig,0.802,0,Fornavn: »Jean« → kurateret overstyring for fransk kontekst,Én indikator peger på mandlig.,,
Reg0082440,"Larramendi, José",spansk,Mandlig,0.802,0,Fornavn: »José« → kurateret overstyring for spansk kontekst,Én indikator peger på mandlig.,,
Reg0089590,"Martin y Rodriguez, José (ca. 1825–1881)",spansk,Mandlig,0.802,0,Fornavn: »José« → kurateret overstyring for spansk kontekst,Én indikator peger på mandlig.,,
Reg0092310,"Moliere, Jean Baptiste Poquelin kaldet - (1622–1673)",fransk,Mandlig,0.802,0,Fornavn: »Jean« → kurateret overstyring for fransk kontekst,Én indikator peger på mandlig.,,
Reg0103360,"Quatrefages de Bréau, Jean Louis Armand de (1810–1892)",fransk,Mandlig,0.802,0,Fornavn: »Jean« → kurateret overstyring for fransk kontekst,Én indikator peger på mandlig.,,
Reg0103730,"Racine, Jean (1639–1699)",fransk,Mandlig,0.802,0,Fornavn: »Jean« → kurateret overstyring for fransk kontekst,Én indikator peger på mandlig.,,
Reg0104500,"Reboul, Jean (1795–1864)",fransk,Mandlig,0.802,0,Fornavn: »Jean« → kurateret overstyring for fransk kontekst,Én indikator peger på mandlig.,,
Reg0053290,"Douglas, Marian",,Kvindelig,0.786,0,"Morfologi (-inde): »Beundrerinde« — kvindelig form, men relationsord (kan omtale tredjepart)",Én indikator peger på kvindelig.,,
Reg0058340,"Foulke, Julia De Veaux",amerikansk,Kvindelig,0.786,0,"Morfologi (-inde): »Beundrerinde« — kvindelig form, men relationsord (kan omtale tredjepart)",Én indikator peger på kvindelig.,,
Reg0116670,"Sorel, Agnès (1422–1450)",,Kvindelig,0.786,0,"Morfologi (-inde): »Elskerinde« — kvindelig form, men relationsord (kan omtale tredjepart)",Én indikator peger på kvindelig.,,
Reg0030020,"Aabye, Johan Peter (1818–1880)",,Mandlig,0.782,0,Fornavn: »Johan« → mandligt i generel kontekst (nationalitet ukendt) (30/30 sikre poster),Én indikator peger på mandlig.,,
Reg0030050,"Aagaard, Johan Peter (1818–1879)",,Mandlig,0.782,0,Fornavn: »Johan« → mandligt i generel kontekst (nationalitet ukendt) (30/30 sikre poster),Én indikator peger på mandlig.,,
Reg0030100,"Aman, Johan August (1790–1853)",,Mandlig,0.782,0,Fornavn: »Johan« → mandligt i generel kontekst (nationalitet ukendt) (30/30 sikre poster),Én indikator peger på mandlig.,,
Reg0030120,"Aarestrup, Emil (1800–1856)",,Mandlig,0.782,0,Fornavn: »Emil« → mandligt i generel kontekst (nationalitet ukendt) (17/17 sikre poster),Én indikator peger på mandlig.,,
Reg0030130,"Aarsleff, Hans Christian (1812–1878)",,Mandlig,0.782,0,Fornavn: »Hans« → mandligt i generel kontekst (nationalitet ukendt) (32/32 sikre poster),Én indikator peger på mandlig.,,
Reg0030140,"Aarøe, Christian (1828–1886)",,Mandlig,0.782,0,Fornavn: »Christian« → mandligt i generel kontekst (nationalitet ukendt) (51/51 sikre poster),Én indikator peger på mandlig.,,
Reg0030150,"Aastrup, Jens Peter (1830–1911)",,Mandlig,0.782,0,Fornavn: »Jens« → mandligt i generel kontekst (nationalitet ukendt) (10/10 sikre poster),Én indikator peger på mandlig.,,
Reg0030210,"Abel, Jacob",,Mandlig,0.782,0,Fornavn: »Jacob« → mandligt i generel kontekst (nationalitet ukendt) (10/10 sikre poster),Én indikator peger på mandlig.,,
Reg0030230,"Abendrot, August (død 1867)",tysk,Mandlig,0.782,0,Fornavn: »August« → mandligt i generel kontekst (nationalitet ukendt) (19/19 sikre poster),Én indikator peger på mandlig.,,
Reg0030390,"Achte, Frk.",,Kvindelig,0.782,0,Fornavn: »Frk« → kvindeligt i generel kontekst (nationalitet ukendt) (11/11 sikre poster),Én indikator peger på kvindelig.,,
Reg0030460,"Adami, Heinrich (1807–1865)",østrigsk,Mandlig,0.782,0,Fornavn: »Heinrich« → mandligt i generel kontekst (nationalitet ukendt) (12/12 sikre poster),Én indikator peger på mandlig.,,
Reg0030580,"Adler, Johan Gunder (1784–1852)",,Mandlig,0.782,0,Fornavn: »Johan« → mandligt i generel kontekst (nationalitet ukendt) (30/30 sikre poster),Én indikator peger på mandlig.,,
Reg0030640,"– Se også: Nielsen, Augusta.",,Kvindelig,0.782,0,Fornavn: »Augusta« → kvindeligt i generel kontekst (nationalitet ukendt) (39/39 sikre poster),Én indikator peger på kvindelig.,,
Reg0030840,"Ahlefeldt, Frederik Christian (1652–1669)",dansk,Mandlig,0.782,0,Fornavn: »Frederik« → mandligt i generel kontekst (nationalitet ukendt) (57/57 sikre poster),Én indikator peger på mandlig.,,
Reg0030870,"Ahlefeldt, Hans (1624–1694)",,Mandlig,0.782,0,Fornavn: »Hans« → mandligt i generel kontekst (nationalitet ukendt) (32/32 sikre poster),Én indikator peger på mandlig.,,
Reg0031020,"Ahlmann, Hans (1803–1870)",,Mandlig,0.782,0,Fornavn: »Hans« → mandligt i generel kontekst (nationalitet ukendt) (32/32 sikre poster),Én indikator peger på mandlig.,,
Reg0031060,"Ainsworth, William Francis (1807–1896)",engelsk,Mandlig,0.782,0,Fornavn: »William« → mandligt i generel kontekst (nationalitet ukendt) (16/16 sikre poster),Én indikator peger på mandlig.,,
Reg0031070,"Ainsworth, William Harrison (1805–1882)",engelsk,Mandlig,0.782,0,Fornavn: »William« → mandligt i generel kontekst (nationalitet ukendt) (16/16 sikre poster),Én indikator peger på mandlig.,,
Reg0031130,"Albeck, Carl (1830–1905)",,Mandlig,0.782,0,Fornavn: »Carl« → mandligt i generel kontekst (nationalitet ukendt) (88/88 sikre poster),Én indikator peger på mandlig.,,
Reg0031220,"Albrecht, Heinrich (1829–1890)",,Mandlig,0.782,0,Fornavn: »Heinrich« → mandligt i generel kontekst (nationalitet ukendt) (12/12 sikre poster),Én indikator peger på mandlig.,,
Reg0031230,"Albrecht, Theodor (1822–1871)",,Mandlig,0.782,0,Fornavn: »Theodor« → mandligt i generel kontekst (nationalitet ukendt) (13/13 sikre poster),Én indikator peger på mandlig.,,
Reg0031350,"Algreen-Ussing, Frederik (1838–1869)",,Mandlig,0.782,0,Fornavn: »Frederik« → mandligt i generel kontekst (nationalitet ukendt) (57/57 sikre poster),Én indikator peger på mandlig.,,
Reg0031410,"Aller, Peter van (død 1885, 84 år gl.)",nederlandsk,Mandlig,0.782,0,Fornavn: »Peter« → mandligt i generel kontekst (nationalitet ukendt) (27/27 sikre poster),Én indikator peger på mandlig.,,
Reg0031420,"Allin, Otto (1858–1934)",,Mandlig,0.782,0,Fornavn: »Otto« → mandligt i generel kontekst (nationalitet ukendt) (30/30 sikre poster),Én indikator peger på mandlig.,,
Reg0031430,"Allingham, William (1824–1889)",irsk,Mandlig,0.782,0,Fornavn: »William« → mandligt i generel kontekst (nationalitet ukendt) (16/16 sikre poster),Én indikator peger på mandlig.,,
Reg0031500,"Alsing, Hans Frederik (1808–1871)",,Mandlig,0.782,0,Fornavn: »Hans« → mandligt i generel kontekst (nationalitet ukendt) (32/32 sikre poster),Én indikator peger på mandlig.,,
Reg0031530,"Altenhofer, August Joseph (1804–1878)",tysk,Mandlig,0.782,0,Fornavn: »August« → mandligt i generel kontekst (nationalitet ukendt) (19/19 sikre poster),Én indikator peger på mandlig.,,
Reg0031540,"Altmann, Julius (1814–1873)",tysk,Mandlig,0.782,0,Fornavn: »Julius« → mandligt i generel kontekst (nationalitet ukendt) (20/20 sikre poster),Én indikator peger på mandlig.,,
Reg0031630,"Ameen, Georg F. (1811–1898)",,Mandlig,0.782,0,Fornavn: »Georg« → mandligt i generel kontekst (nationalitet ukendt) (24/24 sikre poster),Én indikator peger på mandlig.,,
Reg0031640,"Amherst, William Pitt, Jarl af – (1773–1857)",,Mandlig,0.782,0,Fornavn: »William« → mandligt i generel kontekst (nationalitet ukendt) (16/16 sikre poster),Én indikator peger på mandlig.,,
Reg0031660,"Aminoff, Wilhelm Sixten Gregorius (1838–1875)",svensk,Mandlig,0.782,0,Fornavn: »Wilhelm« → mandligt i generel kontekst (nationalitet ukendt) (38/38 sikre poster),Én indikator peger på mandlig.,,
Reg0031830,"– Se også: Levinsohn, Anna.",,Kvindelig,0.782,0,Fornavn: »Anna« → kvindeligt i generel kontekst (nationalitet ukendt) (104/104 sikre poster),Én indikator peger på kvindelig.,,
Reg0031860,"Andersen, Carl (1828–1883)",,Mandlig,0.782,0,Fornavn: »Carl« → mandligt i generel kontekst (nationalitet ukendt) (88/88 sikre poster),Én indikator peger på mandlig.,,
Reg0031880,"Andersen, Christian (1823–1901)",,Mandlig,0.782,0,Fornavn: »Christian« → mandligt i generel kontekst (nationalitet ukendt) (51/51 sikre poster),Én indikator peger på mandlig.,,
Reg0031890,"Andersen, Christian Nicolai (1788–1862)",,Mandlig,0.782,0,Fornavn: »Christian« → mandligt i generel kontekst (nationalitet ukendt) (51/51 sikre poster),Én indikator peger på mandlig.,,
Reg0031920,"Andersen, Emil (1816–1867)",,Mandlig,0.782,0,Fornavn: »Emil« → mandligt i generel kontekst (nationalitet ukendt) (17/17 sikre poster),Én indikator peger på mandlig.,,
Reg0031930,"Andersen, Emilie (Mille)",,Kvindelig,0.782,0,Fornavn: »Emilie« → kvindeligt i generel kontekst (nationalitet ukendt) (33/33 sikre poster),Én indikator peger på kvindelig.,,
Reg0031950,"Andersen, Hans (1782–1816)",,Mandlig,0.782,0,Fornavn: »Hans« → mandligt i generel kontekst (nationalitet ukendt) (32/32 sikre poster),Én indikator peger på mandlig.,,
Reg0031960,"Andersen, Hans Christian",,Mandlig,0.782,0,Fornavn: »Hans« → mandligt i generel kontekst (nationalitet ukendt) (32/32 sikre poster),Én indikator peger på mandlig.,,
Reg0032000,"Andersen, Karen Marie (1799–1846)",,Kvindelig,0.782,0,Fornavn: »Karen« → kvindeligt i generel kontekst (nationalitet ukendt) (11/11 sikre poster),Én indikator peger på kvindelig.,,
Reg0032010,"Andersen, Marie",,Kvindelig,0.782,0,Fornavn: »Marie« → kvindeligt i generel kontekst (nationalitet ukendt) (112/113 sikre poster),Én indikator peger på kvindelig.,,
Reg0032020,"Andersen, Marie (fra Svendborg)",,Kvindelig,0.782,0,Fornavn: »Marie« → kvindeligt i generel kontekst (nationalitet ukendt) (112/113 sikre poster),Én indikator peger på kvindelig.,,
Reg0032040,"Andersen, Peter Fr. (1815–1899)",,Mandlig,0.782,0,Fornavn: »Peter« → mandligt i generel kontekst (nationalitet ukendt) (27/27 sikre poster),Én indikator peger på mandlig.,,
Reg0032070,"Andersen, Theodor (1835–1909)",,Mandlig,0.782,0,Fornavn: »Theodor« → mandligt i generel kontekst (nationalitet ukendt) (13/13 sikre poster),Én indikator peger på mandlig.,,
Reg0032150,"Andresen, Jacob (1798–1832)",,Mandlig,0.782,0,Fornavn: »Jacob« → mandligt i generel kontekst (nationalitet ukendt) (10/10 sikre poster),Én indikator peger på mandlig.,,
Reg0032160,"Andresen, Valdemar (1838–1918)",,Mandlig,0.782,0,Fornavn: »Valdemar« → mandligt i generel kontekst (nationalitet ukendt) (11/11 sikre poster),Én indikator peger på mandlig.,,
Reg0032240,"Angely, Louis (1787–1835)",,Mandlig,0.782,0,Fornavn: »Louis« → mandligt i generel kontekst (nationalitet ukendt) (11/11 sikre poster),Én indikator peger på mandlig.,,
Reg0032360,"Anholm, Johannes (død 1860)",,Mandlig,0.782,0,Fornavn: »Johannes« → mandligt i generel kontekst (nationalitet ukendt) (13/13 sikre poster),Én indikator peger på mandlig.,,
Reg0032410,"Anker, Carl Johan (1835–1903)",norsk,Mandlig,0.782,0,Fornavn: »Carl« → mandligt i generel kontekst (nationalitet ukendt) (88/88 sikre poster),Én indikator peger på mandlig.,,
Reg0032440,"– Se også: Wolff, Charlotte Amalie.",,Kvindelig,0.782,0,Fornavn: »Charlotte« → kvindeligt i generel kontekst (nationalitet ukendt) (62/62 sikre poster),Én indikator peger på kvindelig.,,
Reg0032450,"Anker, Johan (1838–1876)",,Mandlig,0.782,0,Fornavn: »Johan« → mandligt i generel kontekst (nationalitet ukendt) (30/30 sikre poster),Én indikator peger på mandlig.,,
Reg0032510,"Anna, Frk.",,Kvindelig,0.782,0,Fornavn: »Frk« → kvindeligt i generel kontekst (nationalitet ukendt) (11/11 sikre poster),Én indikator peger på kvindelig.,,
Reg0032540,"Anschütz, Heinrich (1785–1865)",tysk,Mandlig,0.782,0,Fornavn: »Heinrich« → mandligt i generel kontekst (nationalitet ukendt) (12/12 sikre poster),Én indikator peger på mandlig.,,
Reg0032600,"Apel, Theodor (1811–1867)",tysk,Mandlig,0.782,0,Fornavn: »Theodor« → mandligt i generel kontekst (nationalitet ukendt) (13/13 sikre poster),Én indikator peger på mandlig.,,
Reg0032660,"Arendrup, Christian (1837–1913)",,Mandlig,0.782,0,Fornavn: »Christian« → mandligt i generel kontekst (nationalitet ukendt) (51/51 sikre poster),Én indikator peger på mandlig.,,
Reg0032670,"Arendrup, Emil (1838–1871)",,Mandlig,0.782,0,Fornavn: »Emil« → mandligt i generel kontekst (nationalitet ukendt) (17/17 sikre poster),Én indikator peger på mandlig.,,
Reg0032770,"Arfwedson, Carl David (1806–1881)",,Mandlig,0.782,0,Fornavn: »Carl« → mandligt i generel kontekst (nationalitet ukendt) (88/88 sikre poster),Én indikator peger på mandlig.,,
Reg0032870,"Arndt, Ernst Moritz (1769–1860)",tysk,Mandlig,0.782,0,Fornavn: »Ernst« → mandligt i generel kontekst (nationalitet ukendt) (14/14 sikre poster),Én indikator peger på mandlig.,,
Reg0032880,"Arnemann, Carl Theodor (1804–1866)",,Mandlig,0.782,0,Fornavn: »Carl« → mandligt i generel kontekst (nationalitet ukendt) (88/88 sikre poster),Én indikator peger på mandlig.,,
Reg0032970,"Arnim, Ludwig Achim von (1781–1831)",tysk,Mandlig,0.782,0,Fornavn: »Ludwig« → mandligt i generel kontekst (nationalitet ukendt) (16/16 sikre poster),Én indikator peger på mandlig.,,
Reg0032980,"Arnkiel, Hans Michael (1785–1858)",,Mandlig,0.782,0,Fornavn: »Hans« → mandligt i generel kontekst (nationalitet ukendt) (32/32 sikre poster),Én indikator peger på mandlig.,,
Reg0033030,"Artevelde, Jacob van (død 1345)",flamsk,Mandlig,0.782,0,Fornavn: »Jacob« → mandligt i generel kontekst (nationalitet ukendt) (10/10 sikre poster),Én indikator peger på mandlig.,,
Reg0033200,"Aubert, Ludvig Cæsar Martin (1807–1887)",norsk,Mandlig,0.782,0,Fornavn: »Ludvig« → mandligt i generel kontekst (nationalitet ukendt) (15/15 sikre poster),Én indikator peger på mandlig.,,
Reg0033480,"Augustus, Julius Cæsar Octavianus (63 f.Chr.-14 e.Chr.)",romersk,Mandlig,0.782,0,Fornavn: »Julius« → mandligt i generel kontekst (nationalitet ukendt) (20/20 sikre poster),Én indikator peger på mandlig.,,
Reg0033490,"Aumont, Louis (1805–1870)",dansk,Mandlig,0.782,0,Fornavn: »Louis« → mandligt i generel kontekst (nationalitet ukendt) (11/11 sikre poster),Én indikator peger på mandlig.,,
Reg0033560,"Baagøe, Johannes Schønberg (1798–1837)",,Mandlig,0.782,0,Fornavn: »Johannes« → mandligt i generel kontekst (nationalitet ukendt) (13/13 sikre poster),Én indikator peger på mandlig.,,
Reg0033590,"Bach, Johann Sebastian (1685–1750)",tysk,Mandlig,0.782,0,Fornavn: »Johann« → mandligt i generel kontekst (nationalitet ukendt) (10/10 sikre poster),Én indikator peger på mandlig.,,
Reg0033630,"Bache, Carl Gustav (1832–1896)",,Mandlig,0.782,0,Fornavn: »Carl« → mandligt i generel kontekst (nationalitet ukendt) (88/88 sikre poster),Én indikator peger på mandlig.,,
Reg0033640,"Bache, Otto Frederik (1845–1943)",,Mandlig,0.782,0,Fornavn: »Otto« → mandligt i generel kontekst (nationalitet ukendt) (30/30 sikre poster),Én indikator peger på mandlig.,,
Reg0033730,"Bader, Karl Adam (1789–1870)",tysk,Mandlig,0.782,0,Fornavn: »Karl« → mandligt i generel kontekst (nationalitet ukendt) (27/27 sikre poster),Én indikator peger på mandlig.,,
Reg0033770,"Bagge, Theodor Ferdinand (1819–?)",,Mandlig,0.782,0,Fornavn: »Theodor« → mandligt i generel kontekst (nationalitet ukendt) (13/13 sikre poster),Én indikator peger på mandlig.,,
Reg0033780,"Bagger, Carl (1807–1846)",,Mandlig,0.782,0,Fornavn: »Carl« → mandligt i generel kontekst (nationalitet ukendt) (88/88 sikre poster),Én indikator peger på mandlig.,,
Reg0033790,"Bagger, Frederik Vilhelm (1846–1936)",,Mandlig,0.782,0,Fornavn: »Frederik« → mandligt i generel kontekst (nationalitet ukendt) (57/57 sikre poster),Én indikator peger på mandlig.,,
Reg0033800,"Bagger, Louis",dansk,Mandlig,0.782,0,Fornavn: »Louis« → mandligt i generel kontekst (nationalitet ukendt) (11/11 sikre poster),Én indikator peger på mandlig.,,
Reg0033810,"Bagger, Peter (død 1888, 77 år gl.)",,Mandlig,0.782,0,Fornavn: »Peter« → mandligt i generel kontekst (nationalitet ukendt) (27/27 sikre poster),Én indikator peger på mandlig.,,
Reg0033870,"Baggesen, Jens (1764–1826)",,Mandlig,0.782,0,Fornavn: »Jens« → mandligt i generel kontekst (nationalitet ukendt) (10/10 sikre poster),Én indikator peger på mandlig.,,
Reg0033890,"Baggesen, Johan Peter (1800–1853)",,Mandlig,0.782,0,Fornavn: »Johan« → mandligt i generel kontekst (nationalitet ukendt) (30/30 sikre poster),Én indikator peger på mandlig.,,
Reg0033940,"Bahnsen, Peter Frederik Ludvig (1802–1886)",,Mandlig,0.782,0,Fornavn: »Peter« → mandligt i generel kontekst (nationalitet ukendt) (27/27 sikre poster),Én indikator peger på mandlig.,,
Reg0034020,"Balan, Emilie von, f. von Sydel (1825–1896)",,Kvindelig,0.782,0,Fornavn: »Emilie« → kvindeligt i generel kontekst (nationalitet ukendt) (33/33 sikre poster),Én indikator peger på kvindelig.,,
Reg0034030,"Balan, Ludwig von (1812–1874)",preussisk,Mandlig,0.782,0,Fornavn: »Ludwig« → mandligt i generel kontekst (nationalitet ukendt) (16/16 sikre poster),Én indikator peger på mandlig.,,
Reg0034070,"Balle, Hans Peter Ovesen (1810–1879)",,Mandlig,0.782,0,Fornavn: »Hans« → mandligt i generel kontekst (nationalitet ukendt) (32/32 sikre poster),Én indikator peger på mandlig.,,
Reg0034120,"Baller, Ferdinand (1794–1864)",,Mandlig,0.782,0,Fornavn: »Ferdinand« → mandligt i generel kontekst (nationalitet ukendt) (17/17 sikre poster),Én indikator peger på mandlig.,,
Reg0034140,"– Se også: Daoust, Sophie.",,Kvindelig,0.782,0,Fornavn: »Sophie« → kvindeligt i generel kontekst (nationalitet ukendt) (77/77 sikre poster),Én indikator peger på kvindelig.,,
Reg0034160,"Ballin, Clara (1824–1887)",,Kvindelig,0.782,0,Fornavn: »Clara« → kvindeligt i generel kontekst (nationalitet ukendt) (23/23 sikre poster),Én indikator peger på kvindelig.,,
Reg0034210,"Balsgaard, Carl (1812–1893)",,Mandlig,0.782,0,Fornavn: »Carl« → mandligt i generel kontekst (nationalitet ukendt) (88/88 sikre poster),Én indikator peger på mandlig.,,
Reg0034230,"Banck, Johan Erich (1833–1902)",hollandsk,Mandlig,0.782,0,Fornavn: »Johan« → mandligt i generel kontekst (nationalitet ukendt) (30/30 sikre poster),Én indikator peger på mandlig.,,
Reg0034290,"Bang, August (1844–1920)",,Mandlig,0.782,0,Fornavn: »August« → mandligt i generel kontekst (nationalitet ukendt) (19/19 sikre poster),Én indikator peger på mandlig.,,
Reg0034340,"– Se også: Butenschön, Emma.",,Kvindelig,0.782,0,Fornavn: »Emma« → kvindeligt i generel kontekst (nationalitet ukendt) (30/30 sikre poster),Én indikator peger på kvindelig.,,
Reg0034370,"Bang, Harald Zeuthen (1830–1865)",,Mandlig,0.782,0,Fornavn: »Harald« → mandligt i generel kontekst (nationalitet ukendt) (11/11 sikre poster),Én indikator peger på mandlig.,,
Reg0034390,"Bang, Jacob Henrik (1809–1899)",,Mandlig,0.782,0,Fornavn: »Jacob« → mandligt i generel kontekst (nationalitet ukendt) (10/10 sikre poster),Én indikator peger på mandlig.,,
Reg0034460,"Banner, Carl Christian Conrad von (1813–1886)",,Mandlig,0.782,0,Fornavn: »Carl« → mandligt i generel kontekst (nationalitet ukendt) (88/88 sikre poster),Én indikator peger på mandlig.,,
Reg0034490,"Barbanson, Alfred (1841–?)",belgisk,Mandlig,0.782,0,Fornavn: »Alfred« → mandligt i generel kontekst (nationalitet ukendt) (12/12 sikre poster),Én indikator peger på mandlig.,,
Reg0034670,"Bardenfleth, Johan Adolph (1825–1874)",,Mandlig,0.782,0,Fornavn: »Johan« → mandligt i generel kontekst (nationalitet ukendt) (30/30 sikre poster),Én indikator peger på mandlig.,,
Reg0034680,"Bardenfleth, Johan Frederik von (1805–1850)",,Mandlig,0.782,0,Fornavn: »Johan« → mandligt i generel kontekst (nationalitet ukendt) (30/30 sikre poster),Én indikator peger på mandlig.,,
Reg0034760,"Barfod, Frederik (1811–1896)",,Mandlig,0.782,0,Fornavn: »Frederik« → mandligt i generel kontekst (nationalitet ukendt) (57/57 sikre poster),Én indikator peger på mandlig.,,
Reg0034830,"Barnekow, Christian (1837–1913)",,Mandlig,0.782,0,Fornavn: »Christian« → mandligt i generel kontekst (nationalitet ukendt) (51/51 sikre poster),Én indikator peger på mandlig.,,
Reg0034860,"Barner, Wilhelm Tugendreich von (1800–1880)",,Mandlig,0.782,0,Fornavn: »Wilhelm« → mandligt i generel kontekst (nationalitet ukendt) (38/38 sikre poster),Én indikator peger på mandlig.,,
Reg0034910,"Bartholdy, Frk.",,Kvindelig,0.782,0,Fornavn: »Frk« → kvindeligt i generel kontekst (nationalitet ukendt) (11/11 sikre poster),Én indikator peger på kvindelig.,,
Reg0034950,"Bartholin, Frederik (1829–1901)",,Mandlig,0.782,0,Fornavn: »Frederik« → mandligt i generel kontekst (nationalitet ukendt) (57/57 sikre poster),Én indikator peger på mandlig.,,
Reg0035040,"Bastrup, Marie",,Kvindelig,0.782,0,Fornavn: »Marie« → kvindeligt i generel kontekst (nationalitet ukendt) (112/113 sikre poster),Én indikator peger på kvindelig.,,
Reg0035120,"Bauditz, Ferdinand (1846–1912)",,Mandlig,0.782,0,Fornavn: »Ferdinand« → mandligt i generel kontekst (nationalitet ukendt) (17/17 sikre poster),Én indikator peger på mandlig.,,
Reg0035130,"Bauditz, Julius Th. V. (1817–1885)",,Mandlig,0.782,0,Fornavn: »Julius« → mandligt i generel kontekst (nationalitet ukendt) (20/20 sikre poster),Én indikator peger på mandlig.,,
Reg0035190,"Baumann, Alexander (1814–1857)",østrigsk,Mandlig,0.782,0,Fornavn: »Alexander« → mandligt i generel kontekst (nationalitet ukendt) (16/16 sikre poster),Én indikator peger på mandlig.,,
Reg0035210,"Baur, Georg Friederich (1769–1865)",,Mandlig,0.782,0,Fornavn: »Georg« → mandligt i generel kontekst (nationalitet ukendt) (24/24 sikre poster),Én indikator peger på mandlig.,,
Reg0035220,"Baur, Johannes (1795–1865)",,Mandlig,0.782,0,Fornavn: »Johannes« → mandligt i generel kontekst (nationalitet ukendt) (13/13 sikre poster),Én indikator peger på mandlig.,,
Reg0035270,"Bayer, August von (1803–1875)",,Mandlig,0.782,0,Fornavn: »August« → mandligt i generel kontekst (nationalitet ukendt) (19/19 sikre poster),Én indikator peger på mandlig.,,
Reg0035620,"Bech, Carl (ca. 1820–ca. 1876)",,Mandlig,0.782,0,Fornavn: »Carl« → mandligt i generel kontekst (nationalitet ukendt) (88/88 sikre poster),Én indikator peger på mandlig.,,
